unit-tests	UNKNOWN STEP	﻿2026-02-15T20:56:47.0944971Z Current runner version: '2.331.0'
unit-tests	UNKNOWN STEP	2026-02-15T20:56:47.0969887Z ##[group]Runner Image Provisioner
unit-tests	UNKNOWN STEP	2026-02-15T20:56:47.0970766Z Hosted Compute Agent
unit-tests	UNKNOWN STEP	2026-02-15T20:56:47.0971542Z Version: 20260123.484
unit-tests	UNKNOWN STEP	2026-02-15T20:56:47.0972228Z Commit: 6bd6555ca37d84114959e1c76d2c01448ff61c5d
unit-tests	UNKNOWN STEP	2026-02-15T20:56:47.0972997Z Build Date: 2026-01-23T19:41:17Z
unit-tests	UNKNOWN STEP	2026-02-15T20:56:47.0973650Z Worker ID: {2fff1448-849d-4eec-8583-e13809a5dfee}
unit-tests	UNKNOWN STEP	2026-02-15T20:56:47.0974348Z Azure Region: westus
unit-tests	UNKNOWN STEP	2026-02-15T20:56:47.0974844Z ##[endgroup]
unit-tests	UNKNOWN STEP	2026-02-15T20:56:47.0976362Z ##[group]Operating System
unit-tests	UNKNOWN STEP	2026-02-15T20:56:47.0976963Z Ubuntu
unit-tests	UNKNOWN STEP	2026-02-15T20:56:47.0977425Z 24.04.3
unit-tests	UNKNOWN STEP	2026-02-15T20:56:47.0977950Z LTS
unit-tests	UNKNOWN STEP	2026-02-15T20:56:47.0978426Z ##[endgroup]
unit-tests	UNKNOWN STEP	2026-02-15T20:56:47.0978915Z ##[group]Runner Image
unit-tests	UNKNOWN STEP	2026-02-15T20:56:47.0979503Z Image: ubuntu-24.04
unit-tests	UNKNOWN STEP	2026-02-15T20:56:47.0980056Z Version: 20260209.23.1
unit-tests	UNKNOWN STEP	2026-02-15T20:56:47.0981567Z Included Software: https://github.com/actions/runner-images/blob/ubuntu24/20260209.23/images/ubuntu/Ubuntu2404-Readme.md
unit-tests	UNKNOWN STEP	2026-02-15T20:56:47.0983083Z Image Release: https://github.com/actions/runner-images/releases/tag/ubuntu24%2F20260209.23
unit-tests	UNKNOWN STEP	2026-02-15T20:56:47.0983958Z ##[endgroup]
unit-tests	UNKNOWN STEP	2026-02-15T20:56:47.0985125Z ##[group]GITHUB_TOKEN Permissions
unit-tests	UNKNOWN STEP	2026-02-15T20:56:47.0986916Z Contents: read
unit-tests	UNKNOWN STEP	2026-02-15T20:56:47.0987508Z Metadata: read
unit-tests	UNKNOWN STEP	2026-02-15T20:56:47.0988049Z Packages: read
unit-tests	UNKNOWN STEP	2026-02-15T20:56:47.0988519Z ##[endgroup]
unit-tests	UNKNOWN STEP	2026-02-15T20:56:47.0990774Z Secret source: None
unit-tests	UNKNOWN STEP	2026-02-15T20:56:47.0991942Z Prepare workflow directory
unit-tests	UNKNOWN STEP	2026-02-15T20:56:47.1323977Z Prepare all required actions
unit-tests	UNKNOWN STEP	2026-02-15T20:56:47.1363901Z Getting action download info
unit-tests	UNKNOWN STEP	2026-02-15T20:56:47.6318234Z Download action repository 'actions/checkout@v4' (SHA:34e114876b0b11c390a56381ad16ebd13914f8d5)
unit-tests	UNKNOWN STEP	2026-02-15T20:56:47.7891040Z Download action repository 'actions/setup-go@4dc6199c7b1a012772edbd06daecab0f50c9053c' (SHA:4dc6199c7b1a012772edbd06daecab0f50c9053c)
unit-tests	UNKNOWN STEP	2026-02-15T20:56:48.3546683Z Download action repository 'google-github-actions/setup-gcloud@v2' (SHA:e427ad8a34f8676edf47cf7d7925499adf3eb74f)
unit-tests	UNKNOWN STEP	2026-02-15T20:56:48.8826564Z Download action repository 'actions/upload-artifact@v4' (SHA:ea165f8d65b6e75b540449e92b4886f43607fa02)
unit-tests	UNKNOWN STEP	2026-02-15T20:56:49.1399516Z Complete job name: unit-tests
unit-tests	UNKNOWN STEP	2026-02-15T20:56:49.2253320Z ##[group]Run actions/checkout@v4
unit-tests	UNKNOWN STEP	2026-02-15T20:56:49.2254590Z with:
unit-tests	UNKNOWN STEP	2026-02-15T20:56:49.2255487Z   repository: GoogleCloudPlatform/k8s-config-connector
unit-tests	UNKNOWN STEP	2026-02-15T20:56:49.2256930Z   token: ***
unit-tests	UNKNOWN STEP	2026-02-15T20:56:49.2257655Z   ssh-strict: true
unit-tests	UNKNOWN STEP	2026-02-15T20:56:49.2258409Z   ssh-user: git
unit-tests	UNKNOWN STEP	2026-02-15T20:56:49.2259192Z   persist-credentials: true
unit-tests	UNKNOWN STEP	2026-02-15T20:56:49.2260057Z   clean: true
unit-tests	UNKNOWN STEP	2026-02-15T20:56:49.2260839Z   sparse-checkout-cone-mode: true
unit-tests	UNKNOWN STEP	2026-02-15T20:56:49.2262010Z   fetch-depth: 1
unit-tests	UNKNOWN STEP	2026-02-15T20:56:49.2262774Z   fetch-tags: false
unit-tests	UNKNOWN STEP	2026-02-15T20:56:49.2263550Z   show-progress: true
unit-tests	UNKNOWN STEP	2026-02-15T20:56:49.2264334Z   lfs: false
unit-tests	UNKNOWN STEP	2026-02-15T20:56:49.2265045Z   submodules: false
unit-tests	UNKNOWN STEP	2026-02-15T20:56:49.2265835Z   set-safe-directory: true
unit-tests	UNKNOWN STEP	2026-02-15T20:56:49.2266949Z ##[endgroup]
unit-tests	UNKNOWN STEP	2026-02-15T20:56:49.3394996Z Syncing repository: GoogleCloudPlatform/k8s-config-connector
unit-tests	UNKNOWN STEP	2026-02-15T20:56:49.3397814Z ##[group]Getting Git version info
unit-tests	UNKNOWN STEP	2026-02-15T20:56:49.3399447Z Working directory is '/home/runner/work/k8s-config-connector/k8s-config-connector'
unit-tests	UNKNOWN STEP	2026-02-15T20:56:49.3401865Z [command]/usr/bin/git version
unit-tests	UNKNOWN STEP	2026-02-15T20:56:49.3405116Z git version 2.52.0
unit-tests	UNKNOWN STEP	2026-02-15T20:56:49.3430802Z ##[endgroup]
unit-tests	UNKNOWN STEP	2026-02-15T20:56:49.3445964Z Temporarily overriding HOME='/home/runner/work/_temp/1483964d-f27f-44bc-8b09-c27247ee9b4d' before making global git config changes
unit-tests	UNKNOWN STEP	2026-02-15T20:56:49.3448646Z Adding repository directory to the temporary git global config as a safe directory
unit-tests	UNKNOWN STEP	2026-02-15T20:56:49.3451866Z [command]/usr/bin/git config --global --add safe.directory /home/runner/work/k8s-config-connector/k8s-config-connector
unit-tests	UNKNOWN STEP	2026-02-15T20:56:49.3492058Z Deleting the contents of '/home/runner/work/k8s-config-connector/k8s-config-connector'
unit-tests	UNKNOWN STEP	2026-02-15T20:56:49.3495401Z ##[group]Initializing the repository
unit-tests	UNKNOWN STEP	2026-02-15T20:56:49.3499717Z [command]/usr/bin/git init /home/runner/work/k8s-config-connector/k8s-config-connector
unit-tests	UNKNOWN STEP	2026-02-15T20:56:49.3610587Z hint: Using 'master' as the name for the initial branch. This default branch name
unit-tests	UNKNOWN STEP	2026-02-15T20:56:49.3612849Z hint: will change to "main" in Git 3.0. To configure the initial branch name
unit-tests	UNKNOWN STEP	2026-02-15T20:56:49.3615419Z hint: to use in all of your new repositories, which will suppress this warning,
unit-tests	UNKNOWN STEP	2026-02-15T20:56:49.3616849Z hint: call:
unit-tests	UNKNOWN STEP	2026-02-15T20:56:49.3617532Z hint:
unit-tests	UNKNOWN STEP	2026-02-15T20:56:49.3618575Z hint: 	git config --global init.defaultBranch <name>
unit-tests	UNKNOWN STEP	2026-02-15T20:56:49.3619894Z hint:
unit-tests	UNKNOWN STEP	2026-02-15T20:56:49.3620940Z hint: Names commonly chosen instead of 'master' are 'main', 'trunk' and
unit-tests	UNKNOWN STEP	2026-02-15T20:56:49.3622958Z hint: 'development'. The just-created branch can be renamed via this command:
unit-tests	UNKNOWN STEP	2026-02-15T20:56:49.3624505Z hint:
unit-tests	UNKNOWN STEP	2026-02-15T20:56:49.3626029Z hint: 	git branch -m <name>
unit-tests	UNKNOWN STEP	2026-02-15T20:56:49.3627627Z hint:
unit-tests	UNKNOWN STEP	2026-02-15T20:56:49.3629688Z hint: Disable this message with "git config set advice.defaultBranchName false"
unit-tests	UNKNOWN STEP	2026-02-15T20:56:49.3633697Z Initialized empty Git repository in /home/runner/work/k8s-config-connector/k8s-config-connector/.git/
unit-tests	UNKNOWN STEP	2026-02-15T20:56:49.3637679Z [command]/usr/bin/git remote add origin https://github.com/GoogleCloudPlatform/k8s-config-connector
unit-tests	UNKNOWN STEP	2026-02-15T20:56:49.3663383Z ##[endgroup]
unit-tests	UNKNOWN STEP	2026-02-15T20:56:49.3666144Z ##[group]Disabling automatic garbage collection
unit-tests	UNKNOWN STEP	2026-02-15T20:56:49.3668500Z [command]/usr/bin/git config --local gc.auto 0
unit-tests	UNKNOWN STEP	2026-02-15T20:56:49.3698798Z ##[endgroup]
unit-tests	UNKNOWN STEP	2026-02-15T20:56:49.3701397Z ##[group]Setting up auth
unit-tests	UNKNOWN STEP	2026-02-15T20:56:49.3706443Z [command]/usr/bin/git config --local --name-only --get-regexp core\.sshCommand
unit-tests	UNKNOWN STEP	2026-02-15T20:56:49.3740547Z [command]/usr/bin/git submodule foreach --recursive sh -c "git config --local --name-only --get-regexp 'core\.sshCommand' && git config --local --unset-all 'core.sshCommand' || :"
unit-tests	UNKNOWN STEP	2026-02-15T20:56:49.4083406Z [command]/usr/bin/git config --local --name-only --get-regexp http\.https\:\/\/github\.com\/\.extraheader
unit-tests	UNKNOWN STEP	2026-02-15T20:56:49.4122808Z [command]/usr/bin/git submodule foreach --recursive sh -c "git config --local --name-only --get-regexp 'http\.https\:\/\/github\.com\/\.extraheader' && git config --local --unset-all 'http.https://github.com/.extraheader' || :"
unit-tests	UNKNOWN STEP	2026-02-15T20:56:49.4360501Z [command]/usr/bin/git config --local --name-only --get-regexp ^includeIf\.gitdir:
unit-tests	UNKNOWN STEP	2026-02-15T20:56:49.4396383Z [command]/usr/bin/git submodule foreach --recursive git config --local --show-origin --name-only --get-regexp remote.origin.url
unit-tests	UNKNOWN STEP	2026-02-15T20:56:49.4637383Z [command]/usr/bin/git config --local http.https://github.com/.extraheader AUTHORIZATION: basic ***
unit-tests	UNKNOWN STEP	2026-02-15T20:56:49.4674357Z ##[endgroup]
unit-tests	UNKNOWN STEP	2026-02-15T20:56:49.4676862Z ##[group]Fetching the repository
unit-tests	UNKNOWN STEP	2026-02-15T20:56:49.4686295Z [command]/usr/bin/git -c protocol.version=2 fetch --no-tags --prune --no-recurse-submodules --depth=1 origin +9dda3e0584f9c39124f87b9b66625e1a37adbbb2:refs/remotes/pull/6050/merge
unit-tests	UNKNOWN STEP	2026-02-15T20:56:59.5765701Z From https://github.com/GoogleCloudPlatform/k8s-config-connector
unit-tests	UNKNOWN STEP	2026-02-15T20:56:59.5767188Z  * [new ref]           9dda3e0584f9c39124f87b9b66625e1a37adbbb2 -> pull/6050/merge
unit-tests	UNKNOWN STEP	2026-02-15T20:56:59.5805707Z ##[endgroup]
unit-tests	UNKNOWN STEP	2026-02-15T20:56:59.5806452Z ##[group]Determining the checkout info
unit-tests	UNKNOWN STEP	2026-02-15T20:56:59.5808646Z ##[endgroup]
unit-tests	UNKNOWN STEP	2026-02-15T20:56:59.5817172Z [command]/usr/bin/git sparse-checkout disable
unit-tests	UNKNOWN STEP	2026-02-15T20:56:59.5868673Z [command]/usr/bin/git config --local --unset-all extensions.worktreeConfig
unit-tests	UNKNOWN STEP	2026-02-15T20:56:59.5900562Z ##[group]Checking out the ref
unit-tests	UNKNOWN STEP	2026-02-15T20:56:59.5905490Z [command]/usr/bin/git checkout --progress --force refs/remotes/pull/6050/merge
unit-tests	UNKNOWN STEP	2026-02-15T20:57:00.6320800Z Updating files:  37% (11515/30580)
unit-tests	UNKNOWN STEP	2026-02-15T20:57:00.6492354Z Updating files:  38% (11621/30580)
unit-tests	UNKNOWN STEP	2026-02-15T20:57:00.6677352Z Updating files:  39% (11927/30580)
unit-tests	UNKNOWN STEP	2026-02-15T20:57:00.6916605Z Updating files:  40% (12232/30580)
unit-tests	UNKNOWN STEP	2026-02-15T20:57:00.7115497Z Updating files:  41% (12538/30580)
unit-tests	UNKNOWN STEP	2026-02-15T20:57:00.7298559Z Updating files:  42% (12844/30580)
unit-tests	UNKNOWN STEP	2026-02-15T20:57:00.7472632Z Updating files:  43% (13150/30580)
unit-tests	UNKNOWN STEP	2026-02-15T20:57:00.7637414Z Updating files:  44% (13456/30580)
unit-tests	UNKNOWN STEP	2026-02-15T20:57:00.7793712Z Updating files:  45% (13761/30580)
unit-tests	UNKNOWN STEP	2026-02-15T20:57:00.7951016Z Updating files:  46% (14067/30580)
unit-tests	UNKNOWN STEP	2026-02-15T20:57:00.8103048Z Updating files:  47% (14373/30580)
unit-tests	UNKNOWN STEP	2026-02-15T20:57:00.8409738Z Updating files:  48% (14679/30580)
unit-tests	UNKNOWN STEP	2026-02-15T20:57:00.8552750Z Updating files:  49% (14985/30580)
unit-tests	UNKNOWN STEP	2026-02-15T20:57:00.8777088Z Updating files:  50% (15290/30580)
unit-tests	UNKNOWN STEP	2026-02-15T20:57:00.9009152Z Updating files:  51% (15596/30580)
unit-tests	UNKNOWN STEP	2026-02-15T20:57:00.9240813Z Updating files:  52% (15902/30580)
unit-tests	UNKNOWN STEP	2026-02-15T20:57:00.9452926Z Updating files:  53% (16208/30580)
unit-tests	UNKNOWN STEP	2026-02-15T20:57:00.9616785Z Updating files:  54% (16514/30580)
unit-tests	UNKNOWN STEP	2026-02-15T20:57:00.9806392Z Updating files:  55% (16819/30580)
unit-tests	UNKNOWN STEP	2026-02-15T20:57:00.9996570Z Updating files:  56% (17125/30580)
unit-tests	UNKNOWN STEP	2026-02-15T20:57:01.0220013Z Updating files:  57% (17431/30580)
unit-tests	UNKNOWN STEP	2026-02-15T20:57:01.0443751Z Updating files:  58% (17737/30580)
unit-tests	UNKNOWN STEP	2026-02-15T20:57:01.0665461Z Updating files:  59% (18043/30580)
unit-tests	UNKNOWN STEP	2026-02-15T20:57:01.0932249Z Updating files:  60% (18348/30580)
unit-tests	UNKNOWN STEP	2026-02-15T20:57:01.1151554Z Updating files:  61% (18654/30580)
unit-tests	UNKNOWN STEP	2026-02-15T20:57:01.1374766Z Updating files:  62% (18960/30580)
unit-tests	UNKNOWN STEP	2026-02-15T20:57:01.1669384Z Updating files:  63% (19266/30580)
unit-tests	UNKNOWN STEP	2026-02-15T20:57:01.1948072Z Updating files:  64% (19572/30580)
unit-tests	UNKNOWN STEP	2026-02-15T20:57:01.2232855Z Updating files:  65% (19877/30580)
unit-tests	UNKNOWN STEP	2026-02-15T20:57:01.2414943Z Updating files:  66% (20183/30580)
unit-tests	UNKNOWN STEP	2026-02-15T20:57:01.2660375Z Updating files:  67% (20489/30580)
unit-tests	UNKNOWN STEP	2026-02-15T20:57:01.3184433Z Updating files:  68% (20795/30580)
unit-tests	UNKNOWN STEP	2026-02-15T20:57:01.3363915Z Updating files:  69% (21101/30580)
unit-tests	UNKNOWN STEP	2026-02-15T20:57:01.3557996Z Updating files:  70% (21406/30580)
unit-tests	UNKNOWN STEP	2026-02-15T20:57:01.3895739Z Updating files:  71% (21712/30580)
unit-tests	UNKNOWN STEP	2026-02-15T20:57:01.4069355Z Updating files:  72% (22018/30580)
unit-tests	UNKNOWN STEP	2026-02-15T20:57:01.4332790Z Updating files:  73% (22324/30580)
unit-tests	UNKNOWN STEP	2026-02-15T20:57:01.4558034Z Updating files:  74% (22630/30580)
unit-tests	UNKNOWN STEP	2026-02-15T20:57:01.4802486Z Updating files:  75% (22935/30580)
unit-tests	UNKNOWN STEP	2026-02-15T20:57:01.4935912Z Updating files:  76% (23241/30580)
unit-tests	UNKNOWN STEP	2026-02-15T20:57:01.5074470Z Updating files:  77% (23547/30580)
unit-tests	UNKNOWN STEP	2026-02-15T20:57:01.5219840Z Updating files:  78% (23853/30580)
unit-tests	UNKNOWN STEP	2026-02-15T20:57:01.5353168Z Updating files:  79% (24159/30580)
unit-tests	UNKNOWN STEP	2026-02-15T20:57:01.5504072Z Updating files:  80% (24464/30580)
unit-tests	UNKNOWN STEP	2026-02-15T20:57:01.5656251Z Updating files:  81% (24770/30580)
unit-tests	UNKNOWN STEP	2026-02-15T20:57:01.5795572Z Updating files:  82% (25076/30580)
unit-tests	UNKNOWN STEP	2026-02-15T20:57:01.5929676Z Updating files:  83% (25382/30580)
unit-tests	UNKNOWN STEP	2026-02-15T20:57:01.6065744Z Updating files:  84% (25688/30580)
unit-tests	UNKNOWN STEP	2026-02-15T20:57:01.6208322Z Updating files:  85% (25993/30580)
unit-tests	UNKNOWN STEP	2026-02-15T20:57:01.6247684Z Updating files:  86% (26299/30580)
unit-tests	UNKNOWN STEP	2026-02-15T20:57:01.6354729Z Updating files:  86% (26383/30580)
unit-tests	UNKNOWN STEP	2026-02-15T20:57:01.6504059Z Updating files:  87% (26605/30580)
unit-tests	UNKNOWN STEP	2026-02-15T20:57:01.6646932Z Updating files:  88% (26911/30580)
unit-tests	UNKNOWN STEP	2026-02-15T20:57:01.6883850Z Updating files:  89% (27217/30580)
unit-tests	UNKNOWN STEP	2026-02-15T20:57:01.7133963Z Updating files:  90% (27522/30580)
unit-tests	UNKNOWN STEP	2026-02-15T20:57:01.7370416Z Updating files:  91% (27828/30580)
unit-tests	UNKNOWN STEP	2026-02-15T20:57:01.7628299Z Updating files:  92% (28134/30580)
unit-tests	UNKNOWN STEP	2026-02-15T20:57:01.7840110Z Updating files:  93% (28440/30580)
unit-tests	UNKNOWN STEP	2026-02-15T20:57:01.8028994Z Updating files:  94% (28746/30580)
unit-tests	UNKNOWN STEP	2026-02-15T20:57:01.8204331Z Updating files:  95% (29051/30580)
unit-tests	UNKNOWN STEP	2026-02-15T20:57:01.8379134Z Updating files:  96% (29357/30580)
unit-tests	UNKNOWN STEP	2026-02-15T20:57:01.8528657Z Updating files:  97% (29663/30580)
unit-tests	UNKNOWN STEP	2026-02-15T20:57:01.8745714Z Updating files:  98% (29969/30580)
unit-tests	UNKNOWN STEP	2026-02-15T20:57:01.8936237Z Updating files:  99% (30275/30580)
unit-tests	UNKNOWN STEP	2026-02-15T20:57:01.8936826Z Updating files: 100% (30580/30580)
unit-tests	UNKNOWN STEP	2026-02-15T20:57:01.8937480Z Updating files: 100% (30580/30580), done.
unit-tests	UNKNOWN STEP	2026-02-15T20:57:01.9346322Z Note: switching to 'refs/remotes/pull/6050/merge'.
unit-tests	UNKNOWN STEP	2026-02-15T20:57:01.9346954Z 
unit-tests	UNKNOWN STEP	2026-02-15T20:57:01.9347454Z You are in 'detached HEAD' state. You can look around, make experimental
unit-tests	UNKNOWN STEP	2026-02-15T20:57:01.9348939Z changes and commit them, and you can discard any commits you make in this
unit-tests	UNKNOWN STEP	2026-02-15T20:57:01.9349910Z state without impacting any branches by switching back to a branch.
unit-tests	UNKNOWN STEP	2026-02-15T20:57:01.9350458Z 
unit-tests	UNKNOWN STEP	2026-02-15T20:57:01.9350760Z If you want to create a new branch to retain commits you create, you may
unit-tests	UNKNOWN STEP	2026-02-15T20:57:01.9351765Z do so (now or later) by using -c with the switch command. Example:
unit-tests	UNKNOWN STEP	2026-02-15T20:57:01.9352132Z 
unit-tests	UNKNOWN STEP	2026-02-15T20:57:01.9352272Z   git switch -c <new-branch-name>
unit-tests	UNKNOWN STEP	2026-02-15T20:57:01.9352534Z 
unit-tests	UNKNOWN STEP	2026-02-15T20:57:01.9352651Z Or undo this operation with:
unit-tests	UNKNOWN STEP	2026-02-15T20:57:01.9352918Z 
unit-tests	UNKNOWN STEP	2026-02-15T20:57:01.9353092Z   git switch -
unit-tests	UNKNOWN STEP	2026-02-15T20:57:01.9353248Z 
unit-tests	UNKNOWN STEP	2026-02-15T20:57:01.9353512Z Turn off this advice by setting config variable advice.detachedHead to false
unit-tests	UNKNOWN STEP	2026-02-15T20:57:01.9353932Z 
unit-tests	UNKNOWN STEP	2026-02-15T20:57:01.9354354Z HEAD is now at 9dda3e05 Merge 1ecfc652e4f97dc03bdbc013e535ac8510e40393 into 16b3998cde0c5af5bf644c2c09e4c01e0b3fd8a7
unit-tests	UNKNOWN STEP	2026-02-15T20:57:01.9423269Z ##[endgroup]
unit-tests	UNKNOWN STEP	2026-02-15T20:57:01.9465716Z [command]/usr/bin/git log -1 --format=%H
unit-tests	UNKNOWN STEP	2026-02-15T20:57:01.9494780Z 9dda3e0584f9c39124f87b9b66625e1a37adbbb2
unit-tests	UNKNOWN STEP	2026-02-15T20:57:01.9752129Z ##[group]Run dev/tasks/free-disk-space-on-github-actions-runner
unit-tests	UNKNOWN STEP	2026-02-15T20:57:01.9752653Z [36;1mdev/tasks/free-disk-space-on-github-actions-runner[0m
unit-tests	UNKNOWN STEP	2026-02-15T20:57:01.9805651Z shell: /usr/bin/bash -e {0}
unit-tests	UNKNOWN STEP	2026-02-15T20:57:01.9805906Z ##[endgroup]
unit-tests	UNKNOWN STEP	2026-02-15T20:57:01.9940314Z Before cleanup:
unit-tests	UNKNOWN STEP	2026-02-15T20:57:01.9957778Z Filesystem      Size  Used Avail Use% Mounted on
unit-tests	UNKNOWN STEP	2026-02-15T20:57:01.9958271Z /dev/root       145G   54G   91G  38% /
unit-tests	UNKNOWN STEP	2026-02-15T20:57:42.1257627Z Deleted Images:
unit-tests	UNKNOWN STEP	2026-02-15T20:57:42.1258146Z untagged: ghcr.io/dependabot/dependabot-updater-core:latest
unit-tests	UNKNOWN STEP	2026-02-15T20:57:42.1258913Z deleted: sha256:9a6a20114926442eeadab0732ddd7264ecafc907389c47974b1825d779571319
unit-tests	UNKNOWN STEP	2026-02-15T20:57:42.1259416Z 
unit-tests	UNKNOWN STEP	2026-02-15T20:57:42.1280048Z Total reclaimed space: 309.7MB
unit-tests	UNKNOWN STEP	2026-02-15T20:57:42.1308911Z After cleanup:
unit-tests	UNKNOWN STEP	2026-02-15T20:57:42.1322175Z Filesystem      Size  Used Avail Use% Mounted on
unit-tests	UNKNOWN STEP	2026-02-15T20:57:42.1322664Z /dev/root       145G   30G  115G  21% /
unit-tests	UNKNOWN STEP	2026-02-15T20:57:42.1412354Z ##[group]Run actions/setup-go@4dc6199c7b1a012772edbd06daecab0f50c9053c
unit-tests	UNKNOWN STEP	2026-02-15T20:57:42.1412717Z with:
unit-tests	UNKNOWN STEP	2026-02-15T20:57:42.1412898Z   go-version-file: go.mod
unit-tests	UNKNOWN STEP	2026-02-15T20:57:42.1413100Z   check-latest: false
unit-tests	UNKNOWN STEP	2026-02-15T20:57:42.1413401Z   token: ***
unit-tests	UNKNOWN STEP	2026-02-15T20:57:42.1413561Z   cache: true
unit-tests	UNKNOWN STEP	2026-02-15T20:57:42.1413727Z ##[endgroup]
unit-tests	UNKNOWN STEP	2026-02-15T20:57:42.3092110Z Setup go version spec 1.24.6
unit-tests	UNKNOWN STEP	2026-02-15T20:57:42.3104762Z Attempting to download 1.24.6...
unit-tests	UNKNOWN STEP	2026-02-15T20:57:43.0588181Z matching 1.24.6...
unit-tests	UNKNOWN STEP	2026-02-15T20:57:43.0643780Z Acquiring 1.24.6 from https://github.com/actions/go-versions/releases/download/1.24.6-16792114823/go-1.24.6-linux-x64.tar.gz
unit-tests	UNKNOWN STEP	2026-02-15T20:57:43.7740317Z Extracting Go...
unit-tests	UNKNOWN STEP	2026-02-15T20:57:43.7845435Z [command]/usr/bin/tar xz --warning=no-unknown-keyword --overwrite -C /home/runner/work/_temp/dc676f55-a591-442e-9c9d-dd3baa8eacbf -f /home/runner/work/_temp/93bad531-c822-4e8c-9afb-79ff629d40a2
unit-tests	UNKNOWN STEP	2026-02-15T20:57:45.5727992Z Successfully extracted go to /home/runner/work/_temp/dc676f55-a591-442e-9c9d-dd3baa8eacbf
unit-tests	UNKNOWN STEP	2026-02-15T20:57:45.5728766Z Adding to the cache ...
unit-tests	UNKNOWN STEP	2026-02-15T20:57:50.4522222Z Successfully cached go to /opt/hostedtoolcache/go/1.24.6/x64
unit-tests	UNKNOWN STEP	2026-02-15T20:57:50.4523158Z Added go to the path
unit-tests	UNKNOWN STEP	2026-02-15T20:57:50.4526482Z Successfully set up Go version 1.24.6
unit-tests	UNKNOWN STEP	2026-02-15T20:57:50.4747016Z [command]/opt/hostedtoolcache/go/1.24.6/x64/bin/go env GOMODCACHE
unit-tests	UNKNOWN STEP	2026-02-15T20:57:50.4785400Z [command]/opt/hostedtoolcache/go/1.24.6/x64/bin/go env GOCACHE
unit-tests	UNKNOWN STEP	2026-02-15T20:57:50.4830298Z /home/runner/go/pkg/mod
unit-tests	UNKNOWN STEP	2026-02-15T20:57:50.4839227Z /home/runner/.cache/go-build
unit-tests	UNKNOWN STEP	2026-02-15T20:57:50.7390147Z Cache hit for: setup-go-Linux-x64-ubuntu24-go-1.24.6-38aeb6058b2b948351c58b83d9d3468daa88777ea1b24224536b1c7536b16a8c
unit-tests	UNKNOWN STEP	2026-02-15T20:57:52.0340236Z Received 4194304 of 312132445 (1.3%), 4.0 MBs/sec
unit-tests	UNKNOWN STEP	2026-02-15T20:57:53.0341821Z Received 130023424 of 312132445 (41.7%), 62.0 MBs/sec
unit-tests	UNKNOWN STEP	2026-02-15T20:57:54.0347806Z Received 255852544 of 312132445 (82.0%), 81.3 MBs/sec
unit-tests	UNKNOWN STEP	2026-02-15T20:57:54.5910101Z Received 312132445 of 312132445 (100.0%), 83.7 MBs/sec
unit-tests	UNKNOWN STEP	2026-02-15T20:57:54.5911655Z Cache Size: ~298 MB (312132445 B)
unit-tests	UNKNOWN STEP	2026-02-15T20:57:54.5945218Z [command]/usr/bin/tar -xf /home/runner/work/_temp/5ef6e859-2cf3-4235-b81b-a835b0f56922/cache.tzst -P -C /home/runner/work/k8s-config-connector/k8s-config-connector --use-compress-program unzstd
unit-tests	UNKNOWN STEP	2026-02-15T20:57:57.7584535Z Cache restored successfully
unit-tests	UNKNOWN STEP	2026-02-15T20:57:57.8191537Z Cache restored from key: setup-go-Linux-x64-ubuntu24-go-1.24.6-38aeb6058b2b948351c58b83d9d3468daa88777ea1b24224536b1c7536b16a8c
unit-tests	UNKNOWN STEP	2026-02-15T20:57:57.8211708Z go version go1.24.6 linux/amd64
unit-tests	UNKNOWN STEP	2026-02-15T20:57:57.8211909Z 
unit-tests	UNKNOWN STEP	2026-02-15T20:57:57.8212271Z ##[group]go env
unit-tests	UNKNOWN STEP	2026-02-15T20:57:57.8344877Z AR='ar'
unit-tests	UNKNOWN STEP	2026-02-15T20:57:57.8345264Z CC='gcc'
unit-tests	UNKNOWN STEP	2026-02-15T20:57:57.8345524Z CGO_CFLAGS='-O2 -g'
unit-tests	UNKNOWN STEP	2026-02-15T20:57:57.8345792Z CGO_CPPFLAGS=''
unit-tests	UNKNOWN STEP	2026-02-15T20:57:57.8346041Z CGO_CXXFLAGS='-O2 -g'
unit-tests	UNKNOWN STEP	2026-02-15T20:57:57.8346336Z CGO_ENABLED='1'
unit-tests	UNKNOWN STEP	2026-02-15T20:57:57.8346570Z CGO_FFLAGS='-O2 -g'
unit-tests	UNKNOWN STEP	2026-02-15T20:57:57.8346833Z CGO_LDFLAGS='-O2 -g'
unit-tests	UNKNOWN STEP	2026-02-15T20:57:57.8347077Z CXX='g++'
unit-tests	UNKNOWN STEP	2026-02-15T20:57:57.8347302Z GCCGO='gccgo'
unit-tests	UNKNOWN STEP	2026-02-15T20:57:57.8347591Z GO111MODULE=''
unit-tests	UNKNOWN STEP	2026-02-15T20:57:57.8347811Z GOAMD64='v1'
unit-tests	UNKNOWN STEP	2026-02-15T20:57:57.8348026Z GOARCH='amd64'
unit-tests	UNKNOWN STEP	2026-02-15T20:57:57.8348236Z GOAUTH='netrc'
unit-tests	UNKNOWN STEP	2026-02-15T20:57:57.8348450Z GOBIN=''
unit-tests	UNKNOWN STEP	2026-02-15T20:57:57.8348694Z GOCACHE='/home/runner/.cache/go-build'
unit-tests	UNKNOWN STEP	2026-02-15T20:57:57.8349013Z GOCACHEPROG=''
unit-tests	UNKNOWN STEP	2026-02-15T20:57:57.8349247Z GODEBUG=''
unit-tests	UNKNOWN STEP	2026-02-15T20:57:57.8349491Z GOENV='/home/runner/.config/go/env'
unit-tests	UNKNOWN STEP	2026-02-15T20:57:57.8349790Z GOEXE=''
unit-tests	UNKNOWN STEP	2026-02-15T20:57:57.8349998Z GOEXPERIMENT=''
unit-tests	UNKNOWN STEP	2026-02-15T20:57:57.8350234Z GOFIPS140='off'
unit-tests	UNKNOWN STEP	2026-02-15T20:57:57.8350454Z GOFLAGS=''
unit-tests	UNKNOWN STEP	2026-02-15T20:57:57.8351651Z GOGCCFLAGS='-fPIC -m64 -pthread -Wl,--no-gc-sections -fmessage-length=0 -ffile-prefix-map=/tmp/go-build1976211677=/tmp/go-build -gno-record-gcc-switches'
unit-tests	UNKNOWN STEP	2026-02-15T20:57:57.8352526Z GOHOSTARCH='amd64'
unit-tests	UNKNOWN STEP	2026-02-15T20:57:57.8352766Z GOHOSTOS='linux'
unit-tests	UNKNOWN STEP	2026-02-15T20:57:57.8353295Z GOINSECURE=''
unit-tests	UNKNOWN STEP	2026-02-15T20:57:57.8353715Z GOMOD='/home/runner/work/k8s-config-connector/k8s-config-connector/go.mod'
unit-tests	UNKNOWN STEP	2026-02-15T20:57:57.8354223Z GOMODCACHE='/home/runner/go/pkg/mod'
unit-tests	UNKNOWN STEP	2026-02-15T20:57:57.8354529Z GONOPROXY=''
unit-tests	UNKNOWN STEP	2026-02-15T20:57:57.8354747Z GONOSUMDB=''
unit-tests	UNKNOWN STEP	2026-02-15T20:57:57.8354958Z GOOS='linux'
unit-tests	UNKNOWN STEP	2026-02-15T20:57:57.8355180Z GOPATH='/home/runner/go'
unit-tests	UNKNOWN STEP	2026-02-15T20:57:57.8355457Z GOPRIVATE=''
unit-tests	UNKNOWN STEP	2026-02-15T20:57:57.8355746Z GOPROXY='https://proxy.golang.org,direct'
unit-tests	UNKNOWN STEP	2026-02-15T20:57:57.8356140Z GOROOT='/opt/hostedtoolcache/go/1.24.6/x64'
unit-tests	UNKNOWN STEP	2026-02-15T20:57:57.8356485Z GOSUMDB='sum.golang.org'
unit-tests	UNKNOWN STEP	2026-02-15T20:57:57.8356754Z GOTELEMETRY='local'
unit-tests	UNKNOWN STEP	2026-02-15T20:57:57.8357064Z GOTELEMETRYDIR='/home/runner/.config/go/telemetry'
unit-tests	UNKNOWN STEP	2026-02-15T20:57:57.8357420Z GOTMPDIR=''
unit-tests	UNKNOWN STEP	2026-02-15T20:57:57.8357642Z GOTOOLCHAIN='local'
unit-tests	UNKNOWN STEP	2026-02-15T20:57:57.8358016Z GOTOOLDIR='/opt/hostedtoolcache/go/1.24.6/x64/pkg/tool/linux_amd64'
unit-tests	UNKNOWN STEP	2026-02-15T20:57:57.8358359Z GOVCS=''
unit-tests	UNKNOWN STEP	2026-02-15T20:57:57.8358534Z GOVERSION='go1.24.6'
unit-tests	UNKNOWN STEP	2026-02-15T20:57:57.8358885Z GOWORK='/home/runner/work/k8s-config-connector/k8s-config-connector/go.work'
unit-tests	UNKNOWN STEP	2026-02-15T20:57:57.8359272Z PKG_CONFIG='pkg-config'
unit-tests	UNKNOWN STEP	2026-02-15T20:57:57.8359448Z 
unit-tests	UNKNOWN STEP	2026-02-15T20:57:57.8359776Z ##[endgroup]
unit-tests	UNKNOWN STEP	2026-02-15T20:57:57.8555224Z ##[group]Run google-github-actions/setup-gcloud@v2
unit-tests	UNKNOWN STEP	2026-02-15T20:57:57.8555538Z with:
unit-tests	UNKNOWN STEP	2026-02-15T20:57:57.8555707Z   version: 546.0.0
unit-tests	UNKNOWN STEP	2026-02-15T20:57:57.8555900Z   install_components: alpha,beta
unit-tests	UNKNOWN STEP	2026-02-15T20:57:57.8556126Z   skip_install: false
unit-tests	UNKNOWN STEP	2026-02-15T20:57:57.8556319Z   skip_tool_cache: false
unit-tests	UNKNOWN STEP	2026-02-15T20:57:57.8556509Z env:
unit-tests	UNKNOWN STEP	2026-02-15T20:57:57.8556658Z   GOTOOLCHAIN: local
unit-tests	UNKNOWN STEP	2026-02-15T20:57:57.8556847Z ##[endgroup]
unit-tests	UNKNOWN STEP	2026-02-15T20:57:59.8281583Z [command]/usr/bin/tar xz --warning=no-unknown-keyword --overwrite -C /home/runner/work/_temp/90b038a5-d237-4362-8b4e-7ab6683c5ac0 -f /home/runner/work/_temp/cc7ff3bd-91f1-44b3-87a7-b6de01b89ac7
unit-tests	UNKNOWN STEP	2026-02-15T20:58:36.5843688Z ##[warning]The gcloud CLI is not authenticated (or it is not installed). Authenticate by adding the "google-github-actions/auth" step prior this one.
unit-tests	UNKNOWN STEP	2026-02-15T20:58:36.5944507Z ##[group]Run ./dev/ci/presubmits/unit-tests
unit-tests	UNKNOWN STEP	2026-02-15T20:58:36.5944851Z [36;1m./dev/ci/presubmits/unit-tests[0m
unit-tests	UNKNOWN STEP	2026-02-15T20:58:36.5994044Z shell: /usr/bin/bash -e {0}
unit-tests	UNKNOWN STEP	2026-02-15T20:58:36.5994265Z env:
unit-tests	UNKNOWN STEP	2026-02-15T20:58:36.5994426Z   GOTOOLCHAIN: local
unit-tests	UNKNOWN STEP	2026-02-15T20:58:36.5994704Z   CLOUDSDK_METRICS_ENVIRONMENT: github-actions-setup-gcloud
unit-tests	UNKNOWN STEP	2026-02-15T20:58:36.5995046Z   CLOUDSDK_METRICS_ENVIRONMENT_VERSION: 2.2.1
unit-tests	UNKNOWN STEP	2026-02-15T20:58:36.5995316Z   ARTIFACTS: /tmp/artifacts
unit-tests	UNKNOWN STEP	2026-02-15T20:58:36.5995523Z ##[endgroup]
unit-tests	UNKNOWN STEP	2026-02-15T20:58:36.6118409Z Downloading gcloud 546.0.0...
unit-tests	UNKNOWN STEP	2026-02-15T20:58:36.6185956Z   % Total    % Received % Xferd  Average Speed   Time    Time     Time  Current
unit-tests	UNKNOWN STEP	2026-02-15T20:58:36.6187482Z                                  Dload  Upload   Total   Spent    Left  Speed
unit-tests	UNKNOWN STEP	2026-02-15T20:58:36.6187922Z 
unit-tests	UNKNOWN STEP	2026-02-15T20:58:37.4340354Z   0     0    0     0    0     0      0      0 --:--:-- --:--:-- --:--:--     0
unit-tests	UNKNOWN STEP	2026-02-15T20:58:38.2376826Z  43  195M   43 84.2M    0     0   103M      0  0:00:01 --:--:--  0:00:01  103M
unit-tests	UNKNOWN STEP	2026-02-15T20:58:38.2377493Z 100  195M  100  195M    0     0   120M      0  0:00:01  0:00:01 --:--:--  120M
unit-tests	UNKNOWN STEP	2026-02-15T20:58:45.9017513Z 
unit-tests	UNKNOWN STEP	2026-02-15T20:58:45.9020555Z 
unit-tests	UNKNOWN STEP	2026-02-15T20:58:45.9021445Z Your current Google Cloud CLI version is: 546.0.0
unit-tests	UNKNOWN STEP	2026-02-15T20:58:45.9022051Z Installing components from version: 546.0.0
unit-tests	UNKNOWN STEP	2026-02-15T20:58:45.9022377Z 
unit-tests	UNKNOWN STEP	2026-02-15T20:58:45.9376976Z ┌──────────────────────────────────────────────┐
unit-tests	UNKNOWN STEP	2026-02-15T20:58:45.9377693Z │     These components will be installed.      │
unit-tests	UNKNOWN STEP	2026-02-15T20:58:45.9378326Z ├───────────────────────┬────────────┬─────────┤
unit-tests	UNKNOWN STEP	2026-02-15T20:58:45.9378945Z │          Name         │  Version   │   Size  │
unit-tests	UNKNOWN STEP	2026-02-15T20:58:45.9380696Z ├───────────────────────┼────────────┼─────────┤
unit-tests	UNKNOWN STEP	2026-02-15T20:58:45.9388409Z │ gcloud Alpha Commands │ 2025.10.31 │ < 1 MiB │
unit-tests	UNKNOWN STEP	2026-02-15T20:58:45.9395027Z │ gcloud Beta Commands  │ 2025.10.31 │ < 1 MiB │
unit-tests	UNKNOWN STEP	2026-02-15T20:58:45.9396159Z └───────────────────────┴────────────┴─────────┘
unit-tests	UNKNOWN STEP	2026-02-15T20:58:45.9396611Z 
unit-tests	UNKNOWN STEP	2026-02-15T20:58:46.7010401Z For the latest full release notes, please visit:
unit-tests	UNKNOWN STEP	2026-02-15T20:58:46.7010864Z   https://cloud.google.com/sdk/release_notes
unit-tests	UNKNOWN STEP	2026-02-15T20:58:46.7011307Z 
unit-tests	UNKNOWN STEP	2026-02-15T20:58:46.7016034Z Performing in place update...
unit-tests	UNKNOWN STEP	2026-02-15T20:58:46.7016338Z 
unit-tests	UNKNOWN STEP	2026-02-15T20:58:46.7032001Z ╔════════════════════════════════════════════════════════════╗
unit-tests	UNKNOWN STEP	2026-02-15T20:58:46.7032657Z ╠═ Downloading: gcloud Alpha Commands                       ═╣
unit-tests	UNKNOWN STEP	2026-02-15T20:58:46.9242106Z ╚════════════════════════════════════════════════════════════╝
unit-tests	UNKNOWN STEP	2026-02-15T20:58:46.9257315Z ╔════════════════════════════════════════════════════════════╗
unit-tests	UNKNOWN STEP	2026-02-15T20:58:46.9258160Z ╠═ Downloading: gcloud Beta Commands                        ═╣
unit-tests	UNKNOWN STEP	2026-02-15T20:58:47.1681495Z ╚════════════════════════════════════════════════════════════╝
unit-tests	UNKNOWN STEP	2026-02-15T20:58:47.1697191Z ╔════════════════════════════════════════════════════════════╗
unit-tests	UNKNOWN STEP	2026-02-15T20:58:47.1698101Z ╠═ Installing: gcloud Alpha Commands                        ═╣
unit-tests	UNKNOWN STEP	2026-02-15T20:58:47.1704966Z ╚════════════════════════════════════════════════════════════╝
unit-tests	UNKNOWN STEP	2026-02-15T20:58:47.1773959Z ╔════════════════════════════════════════════════════════════╗
unit-tests	UNKNOWN STEP	2026-02-15T20:58:47.1774637Z ╠═ Installing: gcloud Beta Commands                         ═╣
unit-tests	UNKNOWN STEP	2026-02-15T20:58:47.1780790Z ╚════════════════════════════════════════════════════════════╝
unit-tests	UNKNOWN STEP	2026-02-15T20:58:47.1822362Z 
unit-tests	UNKNOWN STEP	2026-02-15T20:58:47.1835566Z Performing post processing steps...
unit-tests	UNKNOWN STEP	2026-02-15T20:59:01.0347206Z .......................................................done.
unit-tests	UNKNOWN STEP	2026-02-15T20:59:01.2837441Z 
unit-tests	UNKNOWN STEP	2026-02-15T20:59:01.2837785Z Update done!
unit-tests	UNKNOWN STEP	2026-02-15T20:59:01.2837946Z 
unit-tests	UNKNOWN STEP	2026-02-15T20:59:01.2858269Z WARNING:   There are other instances of Google Cloud tools on your system PATH.
unit-tests	UNKNOWN STEP	2026-02-15T20:59:01.2858939Z   Please remove the following to avoid confusion or accidental invocation:
unit-tests	UNKNOWN STEP	2026-02-15T20:59:01.2859569Z 
unit-tests	UNKNOWN STEP	2026-02-15T20:59:01.2859736Z   /usr/lib/google-cloud-sdk/bin/gcloud-crc32c
unit-tests	UNKNOWN STEP	2026-02-15T20:59:01.2860129Z /opt/hostedtoolcache/gcloud/546.0.0/x64/bin/gsutil
unit-tests	UNKNOWN STEP	2026-02-15T20:59:01.2860519Z /opt/hostedtoolcache/gcloud/546.0.0/x64/bin/gcloud
unit-tests	UNKNOWN STEP	2026-02-15T20:59:01.2860919Z /usr/lib/google-cloud-sdk/bin/git-credential-gcloud.sh
unit-tests	UNKNOWN STEP	2026-02-15T20:59:01.2861630Z /usr/lib/google-cloud-sdk/bin/docker-credential-gcloud
unit-tests	UNKNOWN STEP	2026-02-15T20:59:01.2862109Z /opt/hostedtoolcache/gcloud/546.0.0/x64/bin/dev_appserver.py
unit-tests	UNKNOWN STEP	2026-02-15T20:59:01.2862613Z /opt/hostedtoolcache/gcloud/546.0.0/x64/bin/java_dev_appserver.sh
unit-tests	UNKNOWN STEP	2026-02-15T20:59:01.2863165Z /opt/hostedtoolcache/gcloud/546.0.0/x64/bin/git-credential-gcloud.sh
unit-tests	UNKNOWN STEP	2026-02-15T20:59:01.2863676Z /opt/hostedtoolcache/gcloud/546.0.0/x64/bin/gcloud-crc32c
unit-tests	UNKNOWN STEP	2026-02-15T20:59:01.2864065Z /usr/lib/google-cloud-sdk/bin/gsutil
unit-tests	UNKNOWN STEP	2026-02-15T20:59:01.2864379Z /usr/lib/google-cloud-sdk/bin/gcloud
unit-tests	UNKNOWN STEP	2026-02-15T20:59:01.2864709Z /opt/hostedtoolcache/gcloud/546.0.0/x64/bin/bq
unit-tests	UNKNOWN STEP	2026-02-15T20:59:01.2865165Z /opt/hostedtoolcache/gcloud/546.0.0/x64/bin/docker-credential-gcloud
unit-tests	UNKNOWN STEP	2026-02-15T20:59:01.2865598Z /usr/lib/google-cloud-sdk/bin/bq
unit-tests	UNKNOWN STEP	2026-02-15T20:59:01.2865796Z 
unit-tests	UNKNOWN STEP	2026-02-15T20:59:01.2865879Z   
unit-tests	UNKNOWN STEP	2026-02-15T20:59:01.3737072Z Downloading envtest assets...
unit-tests	UNKNOWN STEP	2026-02-15T20:59:03.6423806Z Running unit tests...
unit-tests	UNKNOWN STEP	2026-02-15T20:59:04.0954855Z Updated property [core/project].
unit-tests	UNKNOWN STEP	2026-02-15T20:59:04.1805791Z dev/tasks/generate-all
unit-tests	UNKNOWN STEP	2026-02-15T20:59:04.1883854Z ~/work/k8s-config-connector/k8s-config-connector/dev/tools/controllerbuilder ~/work/k8s-config-connector/k8s-config-connector
unit-tests	UNKNOWN STEP	2026-02-15T20:59:04.1968007Z Cloning into 'googleapis'...
unit-tests	UNKNOWN STEP	2026-02-15T20:59:29.1899329Z HEAD is now at 731d7f2ab6 feat: add gkerecommender GkeInferenceQuickstart API v1
unit-tests	UNKNOWN STEP	2026-02-15T20:59:29.1951882Z Installing protoc
unit-tests	UNKNOWN STEP	2026-02-15T20:59:29.1965279Z apt update...
unit-tests	UNKNOWN STEP	2026-02-15T20:59:29.2065495Z 
unit-tests	UNKNOWN STEP	2026-02-15T20:59:29.2066084Z WARNING: apt does not have a stable CLI interface. Use with caution in scripts.
unit-tests	UNKNOWN STEP	2026-02-15T20:59:29.2066439Z 
unit-tests	UNKNOWN STEP	2026-02-15T20:59:29.2654706Z Get:1 file:/etc/apt/apt-mirrors.txt Mirrorlist [144 B]
unit-tests	UNKNOWN STEP	2026-02-15T20:59:29.3127931Z Hit:2 http://azure.archive.ubuntu.com/ubuntu noble InRelease
unit-tests	UNKNOWN STEP	2026-02-15T20:59:29.3129309Z Get:6 https://packages.microsoft.com/repos/azure-cli noble InRelease [3564 B]
unit-tests	UNKNOWN STEP	2026-02-15T20:59:29.3132694Z Get:7 https://packages.microsoft.com/ubuntu/24.04/prod noble InRelease [3600 B]
unit-tests	UNKNOWN STEP	2026-02-15T20:59:29.3142219Z Get:3 http://azure.archive.ubuntu.com/ubuntu noble-updates InRelease [126 kB]
unit-tests	UNKNOWN STEP	2026-02-15T20:59:29.3198649Z Get:4 http://azure.archive.ubuntu.com/ubuntu noble-backports InRelease [126 kB]
unit-tests	UNKNOWN STEP	2026-02-15T20:59:29.3214258Z Get:5 http://azure.archive.ubuntu.com/ubuntu noble-security InRelease [126 kB]
unit-tests	UNKNOWN STEP	2026-02-15T20:59:29.4953099Z Get:8 https://packages.microsoft.com/repos/azure-cli noble/main amd64 Packages [2129 B]
unit-tests	UNKNOWN STEP	2026-02-15T20:59:29.5395728Z Get:9 https://packages.microsoft.com/ubuntu/24.04/prod noble/main arm64 Packages [69.0 kB]
unit-tests	UNKNOWN STEP	2026-02-15T20:59:29.5420690Z Get:10 https://packages.microsoft.com/ubuntu/24.04/prod noble/main all Packages [643 B]
unit-tests	UNKNOWN STEP	2026-02-15T20:59:29.5440225Z Get:11 https://packages.microsoft.com/ubuntu/24.04/prod noble/main amd64 Packages [89.5 kB]
unit-tests	UNKNOWN STEP	2026-02-15T20:59:29.5462433Z Get:12 https://packages.microsoft.com/ubuntu/24.04/prod noble/main armhf Packages [11.4 kB]
unit-tests	UNKNOWN STEP	2026-02-15T20:59:29.5916898Z Get:13 http://azure.archive.ubuntu.com/ubuntu noble-updates/main amd64 Packages [1742 kB]
unit-tests	UNKNOWN STEP	2026-02-15T20:59:29.6020416Z Get:14 http://azure.archive.ubuntu.com/ubuntu noble-updates/main Translation-en [325 kB]
unit-tests	UNKNOWN STEP	2026-02-15T20:59:29.6046371Z Get:15 http://azure.archive.ubuntu.com/ubuntu noble-updates/main amd64 Components [175 kB]
unit-tests	UNKNOWN STEP	2026-02-15T20:59:29.6067479Z Get:16 http://azure.archive.ubuntu.com/ubuntu noble-updates/main amd64 c-n-f Metadata [16.5 kB]
unit-tests	UNKNOWN STEP	2026-02-15T20:59:29.6072750Z Get:17 http://azure.archive.ubuntu.com/ubuntu noble-updates/universe amd64 Packages [1529 kB]
unit-tests	UNKNOWN STEP	2026-02-15T20:59:29.6156243Z Get:18 http://azure.archive.ubuntu.com/ubuntu noble-updates/universe Translation-en [313 kB]
unit-tests	UNKNOWN STEP	2026-02-15T20:59:29.6185654Z Get:19 http://azure.archive.ubuntu.com/ubuntu noble-updates/universe amd64 Components [386 kB]
unit-tests	UNKNOWN STEP	2026-02-15T20:59:29.6216511Z Get:20 http://azure.archive.ubuntu.com/ubuntu noble-updates/universe amd64 c-n-f Metadata [31.9 kB]
unit-tests	UNKNOWN STEP	2026-02-15T20:59:29.6238717Z Get:21 http://azure.archive.ubuntu.com/ubuntu noble-updates/restricted amd64 Packages [2594 kB]
unit-tests	UNKNOWN STEP	2026-02-15T20:59:29.6362791Z Get:22 http://azure.archive.ubuntu.com/ubuntu noble-updates/restricted Translation-en [595 kB]
unit-tests	UNKNOWN STEP	2026-02-15T20:59:29.6844827Z Get:23 http://azure.archive.ubuntu.com/ubuntu noble-updates/restricted amd64 Components [212 B]
unit-tests	UNKNOWN STEP	2026-02-15T20:59:29.6854980Z Get:24 http://azure.archive.ubuntu.com/ubuntu noble-updates/multiverse amd64 Components [940 B]
unit-tests	UNKNOWN STEP	2026-02-15T20:59:29.6866348Z Get:25 http://azure.archive.ubuntu.com/ubuntu noble-backports/main amd64 Components [7276 B]
unit-tests	UNKNOWN STEP	2026-02-15T20:59:29.6879643Z Get:26 http://azure.archive.ubuntu.com/ubuntu noble-backports/universe amd64 Components [10.5 kB]
unit-tests	UNKNOWN STEP	2026-02-15T20:59:29.6889734Z Get:27 http://azure.archive.ubuntu.com/ubuntu noble-backports/restricted amd64 Components [212 B]
unit-tests	UNKNOWN STEP	2026-02-15T20:59:29.6897294Z Get:28 http://azure.archive.ubuntu.com/ubuntu noble-backports/multiverse amd64 Components [212 B]
unit-tests	UNKNOWN STEP	2026-02-15T20:59:29.7121646Z Get:29 http://azure.archive.ubuntu.com/ubuntu noble-security/main amd64 Packages [1448 kB]
unit-tests	UNKNOWN STEP	2026-02-15T20:59:29.7197577Z Get:30 http://azure.archive.ubuntu.com/ubuntu noble-security/main Translation-en [234 kB]
unit-tests	UNKNOWN STEP	2026-02-15T20:59:29.7219472Z Get:31 http://azure.archive.ubuntu.com/ubuntu noble-security/main amd64 Components [21.5 kB]
unit-tests	UNKNOWN STEP	2026-02-15T20:59:29.7229643Z Get:32 http://azure.archive.ubuntu.com/ubuntu noble-security/main amd64 c-n-f Metadata [9892 B]
unit-tests	UNKNOWN STEP	2026-02-15T20:59:29.7239434Z Get:33 http://azure.archive.ubuntu.com/ubuntu noble-security/universe amd64 Packages [930 kB]
unit-tests	UNKNOWN STEP	2026-02-15T20:59:29.7293482Z Get:34 http://azure.archive.ubuntu.com/ubuntu noble-security/universe Translation-en [212 kB]
unit-tests	UNKNOWN STEP	2026-02-15T20:59:29.7318199Z Get:35 http://azure.archive.ubuntu.com/ubuntu noble-security/universe amd64 Components [74.1 kB]
unit-tests	UNKNOWN STEP	2026-02-15T20:59:29.7331699Z Get:36 http://azure.archive.ubuntu.com/ubuntu noble-security/universe amd64 c-n-f Metadata [19.9 kB]
unit-tests	UNKNOWN STEP	2026-02-15T20:59:29.7761929Z Get:37 http://azure.archive.ubuntu.com/ubuntu noble-security/restricted amd64 Packages [2452 kB]
unit-tests	UNKNOWN STEP	2026-02-15T20:59:29.7900425Z Get:38 http://azure.archive.ubuntu.com/ubuntu noble-security/restricted Translation-en [564 kB]
unit-tests	UNKNOWN STEP	2026-02-15T20:59:29.7937679Z Get:39 http://azure.archive.ubuntu.com/ubuntu noble-security/restricted amd64 Components [208 B]
unit-tests	UNKNOWN STEP	2026-02-15T20:59:29.7945836Z Get:40 http://azure.archive.ubuntu.com/ubuntu noble-security/multiverse amd64 Components [208 B]
unit-tests	UNKNOWN STEP	2026-02-15T20:59:35.5716974Z Fetched 14.3 MB in 2s (8162 kB/s)
unit-tests	UNKNOWN STEP	2026-02-15T20:59:36.3794439Z Reading package lists...
unit-tests	UNKNOWN STEP	2026-02-15T20:59:36.5645031Z Building dependency tree...
unit-tests	UNKNOWN STEP	2026-02-15T20:59:36.5651828Z Reading state information...
unit-tests	UNKNOWN STEP	2026-02-15T20:59:36.5802800Z 18 packages can be upgraded. Run 'apt list --upgradable' to see them.
unit-tests	UNKNOWN STEP	2026-02-15T20:59:36.5825363Z apt install...
unit-tests	UNKNOWN STEP	2026-02-15T20:59:36.5922982Z 
unit-tests	UNKNOWN STEP	2026-02-15T20:59:36.5923858Z WARNING: apt does not have a stable CLI interface. Use with caution in scripts.
unit-tests	UNKNOWN STEP	2026-02-15T20:59:36.5924362Z 
unit-tests	UNKNOWN STEP	2026-02-15T20:59:36.6056783Z Reading package lists...
unit-tests	UNKNOWN STEP	2026-02-15T20:59:36.8021288Z Building dependency tree...
unit-tests	UNKNOWN STEP	2026-02-15T20:59:36.8028750Z Reading state information...
unit-tests	UNKNOWN STEP	2026-02-15T20:59:36.9819169Z The following additional packages will be installed:
unit-tests	UNKNOWN STEP	2026-02-15T20:59:36.9824117Z   libprotobuf-dev libprotobuf32t64 libprotoc32t64
unit-tests	UNKNOWN STEP	2026-02-15T20:59:36.9831388Z Suggested packages:
unit-tests	UNKNOWN STEP	2026-02-15T20:59:36.9831755Z   protobuf-mode-el
unit-tests	UNKNOWN STEP	2026-02-15T20:59:37.0485530Z The following NEW packages will be installed:
unit-tests	UNKNOWN STEP	2026-02-15T20:59:37.0490927Z   libprotobuf-dev libprotobuf32t64 libprotoc32t64 protobuf-compiler
unit-tests	UNKNOWN STEP	2026-02-15T20:59:37.0969986Z 0 upgraded, 4 newly installed, 0 to remove and 18 not upgraded.
unit-tests	UNKNOWN STEP	2026-02-15T20:59:37.1505558Z Need to get 3048 kB of archives.
unit-tests	UNKNOWN STEP	2026-02-15T20:59:37.1506333Z After this operation, 17.8 MB of additional disk space will be used.
unit-tests	UNKNOWN STEP	2026-02-15T20:59:37.1507182Z Get:1 file:/etc/apt/apt-mirrors.txt Mirrorlist [144 B]
unit-tests	UNKNOWN STEP	2026-02-15T20:59:37.2312411Z Get:2 http://azure.archive.ubuntu.com/ubuntu noble-updates/main amd64 libprotobuf32t64 amd64 3.21.12-8.2ubuntu0.2 [923 kB]
unit-tests	UNKNOWN STEP	2026-02-15T20:59:37.3112503Z Get:3 http://azure.archive.ubuntu.com/ubuntu noble-updates/main amd64 libprotoc32t64 amd64 3.21.12-8.2ubuntu0.2 [683 kB]
unit-tests	UNKNOWN STEP	2026-02-15T20:59:37.3871664Z Get:4 http://azure.archive.ubuntu.com/ubuntu noble-updates/main amd64 libprotobuf-dev amd64 3.21.12-8.2ubuntu0.2 [1413 kB]
unit-tests	UNKNOWN STEP	2026-02-15T20:59:37.4710342Z Get:5 http://azure.archive.ubuntu.com/ubuntu noble-updates/universe amd64 protobuf-compiler amd64 3.21.12-8.2ubuntu0.2 [29.0 kB]
unit-tests	UNKNOWN STEP	2026-02-15T20:59:37.7461425Z Fetched 3048 kB in 0s (9186 kB/s)
unit-tests	UNKNOWN STEP	2026-02-15T20:59:37.7687844Z Selecting previously unselected package libprotobuf32t64:amd64.
unit-tests	UNKNOWN STEP	2026-02-15T20:59:37.7982336Z (Reading database ... 
unit-tests	UNKNOWN STEP	2026-02-15T20:59:37.7982878Z (Reading database ... 5%
unit-tests	UNKNOWN STEP	2026-02-15T20:59:37.7983240Z (Reading database ... 10%
unit-tests	UNKNOWN STEP	2026-02-15T20:59:37.7983558Z (Reading database ... 15%
unit-tests	UNKNOWN STEP	2026-02-15T20:59:37.7983862Z (Reading database ... 20%
unit-tests	UNKNOWN STEP	2026-02-15T20:59:37.7984360Z (Reading database ... 25%
unit-tests	UNKNOWN STEP	2026-02-15T20:59:37.7984850Z (Reading database ... 30%
unit-tests	UNKNOWN STEP	2026-02-15T20:59:37.7985325Z (Reading database ... 35%
unit-tests	UNKNOWN STEP	2026-02-15T20:59:37.7986066Z (Reading database ... 40%
unit-tests	UNKNOWN STEP	2026-02-15T20:59:37.7986640Z (Reading database ... 45%
unit-tests	UNKNOWN STEP	2026-02-15T20:59:37.7987121Z (Reading database ... 50%
unit-tests	UNKNOWN STEP	2026-02-15T20:59:37.8080102Z (Reading database ... 55%
unit-tests	UNKNOWN STEP	2026-02-15T20:59:37.8568249Z (Reading database ... 60%
unit-tests	UNKNOWN STEP	2026-02-15T20:59:37.8950856Z (Reading database ... 65%
unit-tests	UNKNOWN STEP	2026-02-15T20:59:37.9327431Z (Reading database ... 70%
unit-tests	UNKNOWN STEP	2026-02-15T20:59:37.9689764Z (Reading database ... 75%
unit-tests	UNKNOWN STEP	2026-02-15T20:59:38.0376393Z (Reading database ... 80%
unit-tests	UNKNOWN STEP	2026-02-15T20:59:38.1586669Z (Reading database ... 85%
unit-tests	UNKNOWN STEP	2026-02-15T20:59:38.3263167Z (Reading database ... 90%
unit-tests	UNKNOWN STEP	2026-02-15T20:59:38.4454854Z (Reading database ... 95%
unit-tests	UNKNOWN STEP	2026-02-15T20:59:38.4455372Z (Reading database ... 100%
unit-tests	UNKNOWN STEP	2026-02-15T20:59:38.4455948Z (Reading database ... 218331 files and directories currently installed.)
unit-tests	UNKNOWN STEP	2026-02-15T20:59:38.4522109Z Preparing to unpack .../libprotobuf32t64_3.21.12-8.2ubuntu0.2_amd64.deb ...
unit-tests	UNKNOWN STEP	2026-02-15T20:59:38.4532271Z Unpacking libprotobuf32t64:amd64 (3.21.12-8.2ubuntu0.2) ...
unit-tests	UNKNOWN STEP	2026-02-15T20:59:38.4907098Z Selecting previously unselected package libprotoc32t64:amd64.
unit-tests	UNKNOWN STEP	2026-02-15T20:59:38.5065757Z Preparing to unpack .../libprotoc32t64_3.21.12-8.2ubuntu0.2_amd64.deb ...
unit-tests	UNKNOWN STEP	2026-02-15T20:59:38.5074963Z Unpacking libprotoc32t64:amd64 (3.21.12-8.2ubuntu0.2) ...
unit-tests	UNKNOWN STEP	2026-02-15T20:59:38.5384753Z Selecting previously unselected package libprotobuf-dev:amd64.
unit-tests	UNKNOWN STEP	2026-02-15T20:59:38.5543138Z Preparing to unpack .../libprotobuf-dev_3.21.12-8.2ubuntu0.2_amd64.deb ...
unit-tests	UNKNOWN STEP	2026-02-15T20:59:38.5551962Z Unpacking libprotobuf-dev:amd64 (3.21.12-8.2ubuntu0.2) ...
unit-tests	UNKNOWN STEP	2026-02-15T20:59:38.6307440Z Selecting previously unselected package protobuf-compiler.
unit-tests	UNKNOWN STEP	2026-02-15T20:59:38.6468514Z Preparing to unpack .../protobuf-compiler_3.21.12-8.2ubuntu0.2_amd64.deb ...
unit-tests	UNKNOWN STEP	2026-02-15T20:59:38.6480156Z Unpacking protobuf-compiler (3.21.12-8.2ubuntu0.2) ...
unit-tests	UNKNOWN STEP	2026-02-15T20:59:38.6938246Z Setting up libprotobuf32t64:amd64 (3.21.12-8.2ubuntu0.2) ...
unit-tests	UNKNOWN STEP	2026-02-15T20:59:38.6964709Z Setting up libprotobuf-dev:amd64 (3.21.12-8.2ubuntu0.2) ...
unit-tests	UNKNOWN STEP	2026-02-15T20:59:38.6986247Z Setting up libprotoc32t64:amd64 (3.21.12-8.2ubuntu0.2) ...
unit-tests	UNKNOWN STEP	2026-02-15T20:59:38.7006495Z Setting up protobuf-compiler (3.21.12-8.2ubuntu0.2) ...
unit-tests	UNKNOWN STEP	2026-02-15T20:59:38.7045773Z Processing triggers for man-db (2.12.0-4build2) ...
unit-tests	UNKNOWN STEP	2026-02-15T20:59:38.7077520Z Not building database; man-db/auto-update is not 'true'.
unit-tests	UNKNOWN STEP	2026-02-15T20:59:38.7089751Z Processing triggers for libc-bin (2.39-0ubuntu8.7) ...
unit-tests	UNKNOWN STEP	2026-02-15T20:59:39.4871430Z 
unit-tests	UNKNOWN STEP	2026-02-15T20:59:39.4871898Z Running kernel seems to be up-to-date.
unit-tests	UNKNOWN STEP	2026-02-15T20:59:39.4872296Z 
unit-tests	UNKNOWN STEP	2026-02-15T20:59:39.4872479Z No services need to be restarted.
unit-tests	UNKNOWN STEP	2026-02-15T20:59:39.4872792Z 
unit-tests	UNKNOWN STEP	2026-02-15T20:59:39.4872967Z No containers need to be restarted.
unit-tests	UNKNOWN STEP	2026-02-15T20:59:39.4873285Z 
unit-tests	UNKNOWN STEP	2026-02-15T20:59:39.4873442Z No user sessions are running outdated binaries.
unit-tests	UNKNOWN STEP	2026-02-15T20:59:39.4873683Z 
unit-tests	UNKNOWN STEP	2026-02-15T20:59:39.4873941Z No VM guests are running outdated hypervisor (qemu) binaries on this host.
unit-tests	UNKNOWN STEP	2026-02-15T20:59:43.9843294Z ~/work/k8s-config-connector/k8s-config-connector
unit-tests	UNKNOWN STEP	2026-02-15T20:59:43.9920352Z running apis/accesscontextmanager/v1beta1/generate.sh
unit-tests	UNKNOWN STEP	2026-02-15T20:59:44.0699413Z HEAD is now at 731d7f2ab6 feat: add gkerecommender GkeInferenceQuickstart API v1
unit-tests	UNKNOWN STEP	2026-02-15T20:59:44.0724206Z /usr/bin/protoc
unit-tests	UNKNOWN STEP	2026-02-15T20:59:44.0754850Z Found protoc version libprotoc 3.21.12
unit-tests	UNKNOWN STEP	2026-02-15T20:59:44.0756112Z Using cached googleapis pb file at /home/runner/work/k8s-config-connector/k8s-config-connector/.build/googleapis-731d7f2ab6e4e2ea15030c95039e2cb66174d4fb.pb
unit-tests	UNKNOWN STEP	2026-02-15T20:59:44.1850640Z go: downloading github.com/spf13/cobra v1.8.1
unit-tests	UNKNOWN STEP	2026-02-15T20:59:44.2253588Z go: downloading gopkg.in/yaml.v2 v2.4.0
unit-tests	UNKNOWN STEP	2026-02-15T20:59:44.2485957Z go: downloading github.com/GoogleCloudPlatform/kubectl-ai/gollm v0.0.0-20250423144723-a651944aad2d
unit-tests	UNKNOWN STEP	2026-02-15T20:59:44.2497598Z go: downloading github.com/fatih/color v1.18.0
unit-tests	UNKNOWN STEP	2026-02-15T20:59:44.2541889Z go: downloading golang.org/x/tools v0.39.0
unit-tests	UNKNOWN STEP	2026-02-15T20:59:44.4205523Z go: downloading github.com/mattn/go-colorable v0.1.13
unit-tests	UNKNOWN STEP	2026-02-15T20:59:44.4270066Z go: downloading github.com/mattn/go-isatty v0.0.20
unit-tests	UNKNOWN STEP	2026-02-15T20:59:44.4853771Z go: downloading github.com/Azure/azure-sdk-for-go/sdk/ai/azopenai v0.7.2
unit-tests	UNKNOWN STEP	2026-02-15T20:59:44.4864611Z go: downloading github.com/Azure/azure-sdk-for-go/sdk/azcore v1.18.0
unit-tests	UNKNOWN STEP	2026-02-15T20:59:44.5142077Z go: downloading github.com/Azure/azure-sdk-for-go/sdk/azidentity v1.9.0
unit-tests	UNKNOWN STEP	2026-02-15T20:59:44.5578434Z go: downloading github.com/ollama/ollama v0.5.13
unit-tests	UNKNOWN STEP	2026-02-15T20:59:44.6249584Z go: downloading google.golang.org/genai v1.0.0
unit-tests	UNKNOWN STEP	2026-02-15T20:59:44.6342643Z go: downloading github.com/Azure/azure-sdk-for-go/sdk/internal v1.11.1
unit-tests	UNKNOWN STEP	2026-02-15T20:59:44.6549195Z go: downloading github.com/AzureAD/microsoft-authentication-library-for-go v1.4.2
unit-tests	UNKNOWN STEP	2026-02-15T20:59:44.6999024Z go: downloading github.com/kylelemons/godebug v1.1.0
unit-tests	UNKNOWN STEP	2026-02-15T20:59:44.7074299Z go: downloading github.com/pkg/browser v0.0.0-20240102092130-5ac0b6a4141c
unit-tests	UNKNOWN STEP	2026-02-15T20:59:44.7133693Z go: downloading golang.org/x/mod v0.30.0
unit-tests	UNKNOWN STEP	2026-02-15T20:59:44.7371744Z go: downloading github.com/golang-jwt/jwt/v5 v5.2.2
unit-tests	UNKNOWN STEP	2026-02-15T20:59:44.8006320Z go: downloading github.com/gorilla/websocket v1.5.4-0.20250319132907-e064f32e3674
unit-tests	UNKNOWN STEP	2026-02-15T20:59:44.8027282Z go: downloading go.opentelemetry.io/contrib/instrumentation/net/http/otelhttp v0.61.0
unit-tests	UNKNOWN STEP	2026-02-15T20:59:44.8310490Z go: downloading github.com/felixge/httpsnoop v1.0.4
unit-tests	UNKNOWN STEP	2026-02-15T21:00:02.5364452Z SKIP_GENERATE_CRDS is set; skipping generation of CRDs
unit-tests	UNKNOWN STEP	2026-02-15T21:00:02.6126697Z go: downloading golang.org/x/tools v0.42.0
unit-tests	UNKNOWN STEP	2026-02-15T21:00:02.9209823Z go: downloading golang.org/x/telemetry v0.0.0-20260209163413-e7419c687ee4
unit-tests	UNKNOWN STEP	2026-02-15T21:00:02.9236820Z go: downloading golang.org/x/mod v0.33.0
unit-tests	UNKNOWN STEP	2026-02-15T21:00:04.2657923Z running apis/alloydb/v1beta1/generate.sh
unit-tests	UNKNOWN STEP	2026-02-15T21:00:06.2518279Z SKIP_GENERATE_CRDS is set; skipping generation of CRDs
unit-tests	UNKNOWN STEP	2026-02-15T21:00:06.3721854Z running apis/analytics/v1alpha1/generate.sh
unit-tests	UNKNOWN STEP	2026-02-15T21:00:06.4165114Z HEAD is now at 731d7f2ab6 feat: add gkerecommender GkeInferenceQuickstart API v1
unit-tests	UNKNOWN STEP	2026-02-15T21:00:06.4188508Z /usr/bin/protoc
unit-tests	UNKNOWN STEP	2026-02-15T21:00:06.4219311Z Found protoc version libprotoc 3.21.12
unit-tests	UNKNOWN STEP	2026-02-15T21:00:06.4222054Z Using cached googleapis pb file at /home/runner/work/k8s-config-connector/k8s-config-connector/.build/googleapis-731d7f2ab6e4e2ea15030c95039e2cb66174d4fb.pb
unit-tests	UNKNOWN STEP	2026-02-15T21:00:08.3190788Z SKIP_GENERATE_CRDS is set; skipping generation of CRDs
unit-tests	UNKNOWN STEP	2026-02-15T21:00:08.4266371Z running apis/artifactregistry/v1beta1/generate.sh
unit-tests	UNKNOWN STEP	2026-02-15T21:00:08.4708860Z HEAD is now at 731d7f2ab6 feat: add gkerecommender GkeInferenceQuickstart API v1
unit-tests	UNKNOWN STEP	2026-02-15T21:00:08.4730565Z /usr/bin/protoc
unit-tests	UNKNOWN STEP	2026-02-15T21:00:08.4761840Z Found protoc version libprotoc 3.21.12
unit-tests	UNKNOWN STEP	2026-02-15T21:00:08.4763138Z Using cached googleapis pb file at /home/runner/work/k8s-config-connector/k8s-config-connector/.build/googleapis-731d7f2ab6e4e2ea15030c95039e2cb66174d4fb.pb
unit-tests	UNKNOWN STEP	2026-02-15T21:00:10.4055728Z running apis/asset/v1beta1/generate.sh
unit-tests	UNKNOWN STEP	2026-02-15T21:00:10.4503661Z HEAD is now at 731d7f2ab6 feat: add gkerecommender GkeInferenceQuickstart API v1
unit-tests	UNKNOWN STEP	2026-02-15T21:00:10.4527209Z /usr/bin/protoc
unit-tests	UNKNOWN STEP	2026-02-15T21:00:10.4558529Z Found protoc version libprotoc 3.21.12
unit-tests	UNKNOWN STEP	2026-02-15T21:00:10.4559911Z Using cached googleapis pb file at /home/runner/work/k8s-config-connector/k8s-config-connector/.build/googleapis-731d7f2ab6e4e2ea15030c95039e2cb66174d4fb.pb
unit-tests	UNKNOWN STEP	2026-02-15T21:00:12.3687320Z running apis/assuredworkloads/v1alpha1/generate.sh
unit-tests	UNKNOWN STEP	2026-02-15T21:00:12.4129127Z HEAD is now at 731d7f2ab6 feat: add gkerecommender GkeInferenceQuickstart API v1
unit-tests	UNKNOWN STEP	2026-02-15T21:00:12.4152538Z /usr/bin/protoc
unit-tests	UNKNOWN STEP	2026-02-15T21:00:12.4183306Z Found protoc version libprotoc 3.21.12
unit-tests	UNKNOWN STEP	2026-02-15T21:00:12.4184576Z Using cached googleapis pb file at /home/runner/work/k8s-config-connector/k8s-config-connector/.build/googleapis-731d7f2ab6e4e2ea15030c95039e2cb66174d4fb.pb
unit-tests	UNKNOWN STEP	2026-02-15T21:00:14.3480220Z SKIP_GENERATE_CRDS is set; skipping generation of CRDs
unit-tests	UNKNOWN STEP	2026-02-15T21:00:14.5750489Z Skipping apis/backupdr/v1alpha1/generate.sh
unit-tests	UNKNOWN STEP	2026-02-15T21:00:14.5750879Z Skipping apis/backupdr/v1beta1/generate.sh
unit-tests	UNKNOWN STEP	2026-02-15T21:00:14.5751643Z running apis/batch/v1alpha1/generate.sh
unit-tests	UNKNOWN STEP	2026-02-15T21:00:14.6194386Z HEAD is now at 731d7f2ab6 feat: add gkerecommender GkeInferenceQuickstart API v1
unit-tests	UNKNOWN STEP	2026-02-15T21:00:14.6215968Z /usr/bin/protoc
unit-tests	UNKNOWN STEP	2026-02-15T21:00:14.6246477Z Found protoc version libprotoc 3.21.12
unit-tests	UNKNOWN STEP	2026-02-15T21:00:14.6247930Z Using cached googleapis pb file at /home/runner/work/k8s-config-connector/k8s-config-connector/.build/googleapis-731d7f2ab6e4e2ea15030c95039e2cb66174d4fb.pb
unit-tests	UNKNOWN STEP	2026-02-15T21:00:16.5720691Z SKIP_GENERATE_CRDS is set; skipping generation of CRDs
unit-tests	UNKNOWN STEP	2026-02-15T21:00:16.6772888Z Skipping apis/bigquerybiglake/v1alpha1/generate.sh
unit-tests	UNKNOWN STEP	2026-02-15T21:00:16.6773351Z Skipping apis/bigquerybiglake/v1beta1/generate.sh
unit-tests	UNKNOWN STEP	2026-02-15T21:00:16.6773761Z running apis/bigquerydatatransfer/v1beta1/generate.sh
unit-tests	UNKNOWN STEP	2026-02-15T21:00:16.7213940Z HEAD is now at 731d7f2ab6 feat: add gkerecommender GkeInferenceQuickstart API v1
unit-tests	UNKNOWN STEP	2026-02-15T21:00:16.7236632Z /usr/bin/protoc
unit-tests	UNKNOWN STEP	2026-02-15T21:00:16.7267544Z Found protoc version libprotoc 3.21.12
unit-tests	UNKNOWN STEP	2026-02-15T21:00:16.7268842Z Using cached googleapis pb file at /home/runner/work/k8s-config-connector/k8s-config-connector/.build/googleapis-731d7f2ab6e4e2ea15030c95039e2cb66174d4fb.pb
unit-tests	UNKNOWN STEP	2026-02-15T21:00:17.6194678Z I0215 21:00:17.619262    6826 generatetypescommand.go:163] "skipping scaffolding type, refs and identity files" resource="TransferConfig"
unit-tests	UNKNOWN STEP	2026-02-15T21:00:17.6338191Z SKIP_GENERATE_CRDS is set; skipping generation of CRDs
unit-tests	UNKNOWN STEP	2026-02-15T21:00:17.7409966Z running apis/bigqueryreservation/v1beta1/generate.sh
unit-tests	UNKNOWN STEP	2026-02-15T21:00:17.7849850Z HEAD is now at 731d7f2ab6 feat: add gkerecommender GkeInferenceQuickstart API v1
unit-tests	UNKNOWN STEP	2026-02-15T21:00:17.7875974Z /usr/bin/protoc
unit-tests	UNKNOWN STEP	2026-02-15T21:00:17.7906971Z Found protoc version libprotoc 3.21.12
unit-tests	UNKNOWN STEP	2026-02-15T21:00:17.7908762Z Using cached googleapis pb file at /home/runner/work/k8s-config-connector/k8s-config-connector/.build/googleapis-731d7f2ab6e4e2ea15030c95039e2cb66174d4fb.pb
unit-tests	UNKNOWN STEP	2026-02-15T21:00:19.7155707Z SKIP_GENERATE_CRDS is set; skipping generation of CRDs
unit-tests	UNKNOWN STEP	2026-02-15T21:00:19.8199747Z Skipping apis/bigtable/v1alpha1/generate.sh
unit-tests	UNKNOWN STEP	2026-02-15T21:00:19.8200391Z Skipping apis/bigtable/v1beta1/generate.sh
unit-tests	UNKNOWN STEP	2026-02-15T21:00:19.8201029Z running apis/billing/v1alpha1/generate.sh
unit-tests	UNKNOWN STEP	2026-02-15T21:00:19.8644911Z HEAD is now at 731d7f2ab6 feat: add gkerecommender GkeInferenceQuickstart API v1
unit-tests	UNKNOWN STEP	2026-02-15T21:00:19.8666964Z /usr/bin/protoc
unit-tests	UNKNOWN STEP	2026-02-15T21:00:19.8697578Z Found protoc version libprotoc 3.21.12
unit-tests	UNKNOWN STEP	2026-02-15T21:00:19.8698829Z Using cached googleapis pb file at /home/runner/work/k8s-config-connector/k8s-config-connector/.build/googleapis-731d7f2ab6e4e2ea15030c95039e2cb66174d4fb.pb
unit-tests	UNKNOWN STEP	2026-02-15T21:00:21.7716710Z SKIP_GENERATE_CRDS is set; skipping generation of CRDs
unit-tests	UNKNOWN STEP	2026-02-15T21:00:21.8742688Z running apis/certificatemanager/v1alpha1/generate.sh
unit-tests	UNKNOWN STEP	2026-02-15T21:00:21.9184794Z HEAD is now at 731d7f2ab6 feat: add gkerecommender GkeInferenceQuickstart API v1
unit-tests	UNKNOWN STEP	2026-02-15T21:00:21.9206609Z /usr/bin/protoc
unit-tests	UNKNOWN STEP	2026-02-15T21:00:21.9237353Z Found protoc version libprotoc 3.21.12
unit-tests	UNKNOWN STEP	2026-02-15T21:00:21.9238607Z Using cached googleapis pb file at /home/runner/work/k8s-config-connector/k8s-config-connector/.build/googleapis-731d7f2ab6e4e2ea15030c95039e2cb66174d4fb.pb
unit-tests	UNKNOWN STEP	2026-02-15T21:00:23.8384413Z SKIP_GENERATE_CRDS is set; skipping generation of CRDs
unit-tests	UNKNOWN STEP	2026-02-15T21:00:23.9444315Z running apis/certificatemanager/v1beta1/generate.sh
unit-tests	UNKNOWN STEP	2026-02-15T21:00:23.9888749Z HEAD is now at 731d7f2ab6 feat: add gkerecommender GkeInferenceQuickstart API v1
unit-tests	UNKNOWN STEP	2026-02-15T21:00:23.9914005Z /usr/bin/protoc
unit-tests	UNKNOWN STEP	2026-02-15T21:00:23.9944683Z Found protoc version libprotoc 3.21.12
unit-tests	UNKNOWN STEP	2026-02-15T21:00:23.9945968Z Using cached googleapis pb file at /home/runner/work/k8s-config-connector/k8s-config-connector/.build/googleapis-731d7f2ab6e4e2ea15030c95039e2cb66174d4fb.pb
unit-tests	UNKNOWN STEP	2026-02-15T21:00:25.9599270Z SKIP_GENERATE_CRDS is set; skipping generation of CRDs
unit-tests	UNKNOWN STEP	2026-02-15T21:00:26.0652280Z running apis/clouddeploy/v1alpha1/generate.sh
unit-tests	UNKNOWN STEP	2026-02-15T21:00:26.1093231Z HEAD is now at 731d7f2ab6 feat: add gkerecommender GkeInferenceQuickstart API v1
unit-tests	UNKNOWN STEP	2026-02-15T21:00:26.1116591Z /usr/bin/protoc
unit-tests	UNKNOWN STEP	2026-02-15T21:00:26.1147592Z Found protoc version libprotoc 3.21.12
unit-tests	UNKNOWN STEP	2026-02-15T21:00:26.1148856Z Using cached googleapis pb file at /home/runner/work/k8s-config-connector/k8s-config-connector/.build/googleapis-731d7f2ab6e4e2ea15030c95039e2cb66174d4fb.pb
unit-tests	UNKNOWN STEP	2026-02-15T21:00:28.0313827Z SKIP_GENERATE_CRDS is set; skipping generation of CRDs
unit-tests	UNKNOWN STEP	2026-02-15T21:00:28.1502647Z running apis/clouddeploy/v1beta1/generate.sh
unit-tests	UNKNOWN STEP	2026-02-15T21:00:28.1947190Z HEAD is now at 731d7f2ab6 feat: add gkerecommender GkeInferenceQuickstart API v1
unit-tests	UNKNOWN STEP	2026-02-15T21:00:28.1972013Z /usr/bin/protoc
unit-tests	UNKNOWN STEP	2026-02-15T21:00:28.2002901Z Found protoc version libprotoc 3.21.12
unit-tests	UNKNOWN STEP	2026-02-15T21:00:28.2004175Z Using cached googleapis pb file at /home/runner/work/k8s-config-connector/k8s-config-connector/.build/googleapis-731d7f2ab6e4e2ea15030c95039e2cb66174d4fb.pb
unit-tests	UNKNOWN STEP	2026-02-15T21:00:30.2172307Z SKIP_GENERATE_CRDS is set; skipping generation of CRDs
unit-tests	UNKNOWN STEP	2026-02-15T21:00:30.3230475Z running apis/clouddms/v1alpha1/generate.sh
unit-tests	UNKNOWN STEP	2026-02-15T21:00:30.3670398Z HEAD is now at 731d7f2ab6 feat: add gkerecommender GkeInferenceQuickstart API v1
unit-tests	UNKNOWN STEP	2026-02-15T21:00:30.3692619Z /usr/bin/protoc
unit-tests	UNKNOWN STEP	2026-02-15T21:00:30.3723330Z Found protoc version libprotoc 3.21.12
unit-tests	UNKNOWN STEP	2026-02-15T21:00:30.3724592Z Using cached googleapis pb file at /home/runner/work/k8s-config-connector/k8s-config-connector/.build/googleapis-731d7f2ab6e4e2ea15030c95039e2cb66174d4fb.pb
unit-tests	UNKNOWN STEP	2026-02-15T21:00:32.3043122Z SKIP_GENERATE_CRDS is set; skipping generation of CRDs
unit-tests	UNKNOWN STEP	2026-02-15T21:00:32.4073786Z running apis/cloudquota/v1beta1/generate.sh
unit-tests	UNKNOWN STEP	2026-02-15T21:00:32.4513969Z HEAD is now at 731d7f2ab6 feat: add gkerecommender GkeInferenceQuickstart API v1
unit-tests	UNKNOWN STEP	2026-02-15T21:00:32.4537879Z /usr/bin/protoc
unit-tests	UNKNOWN STEP	2026-02-15T21:00:32.4567979Z Found protoc version libprotoc 3.21.12
unit-tests	UNKNOWN STEP	2026-02-15T21:00:32.4569536Z Using cached googleapis pb file at /home/runner/work/k8s-config-connector/k8s-config-connector/.build/googleapis-731d7f2ab6e4e2ea15030c95039e2cb66174d4fb.pb
unit-tests	UNKNOWN STEP	2026-02-15T21:00:34.3828423Z SKIP_GENERATE_CRDS is set; skipping generation of CRDs
unit-tests	UNKNOWN STEP	2026-02-15T21:00:34.4960314Z Skipping apis/composer/v1beta1/generate.sh
unit-tests	UNKNOWN STEP	2026-02-15T21:00:34.4960915Z running apis/compute/v1alpha1/generate.sh
unit-tests	UNKNOWN STEP	2026-02-15T21:00:35.5650424Z SKIP_GENERATE_CRDS is set; skipping generation of CRDs
unit-tests	UNKNOWN STEP	2026-02-15T21:00:35.6968536Z running apis/compute/v1beta1/generate.sh
unit-tests	UNKNOWN STEP	2026-02-15T21:00:35.7412742Z HEAD is now at 731d7f2ab6 feat: add gkerecommender GkeInferenceQuickstart API v1
unit-tests	UNKNOWN STEP	2026-02-15T21:00:35.7437580Z /usr/bin/protoc
unit-tests	UNKNOWN STEP	2026-02-15T21:00:35.7468302Z Found protoc version libprotoc 3.21.12
unit-tests	UNKNOWN STEP	2026-02-15T21:00:35.7469550Z Using cached googleapis pb file at /home/runner/work/k8s-config-connector/k8s-config-connector/.build/googleapis-731d7f2ab6e4e2ea15030c95039e2cb66174d4fb.pb
unit-tests	UNKNOWN STEP	2026-02-15T21:00:37.8273398Z SKIP_GENERATE_CRDS is set; skipping generation of CRDs
unit-tests	UNKNOWN STEP	2026-02-15T21:00:37.9563129Z running apis/configdelivery/v1alpha1/generate.sh
unit-tests	UNKNOWN STEP	2026-02-15T21:00:38.0006859Z HEAD is now at 731d7f2ab6 feat: add gkerecommender GkeInferenceQuickstart API v1
unit-tests	UNKNOWN STEP	2026-02-15T21:00:38.0030102Z /usr/bin/protoc
unit-tests	UNKNOWN STEP	2026-02-15T21:00:38.0060469Z Found protoc version libprotoc 3.21.12
unit-tests	UNKNOWN STEP	2026-02-15T21:00:38.0061916Z Using cached googleapis pb file at /home/runner/work/k8s-config-connector/k8s-config-connector/.build/googleapis-731d7f2ab6e4e2ea15030c95039e2cb66174d4fb.pb
unit-tests	UNKNOWN STEP	2026-02-15T21:00:39.9166483Z SKIP_GENERATE_CRDS is set; skipping generation of CRDs
unit-tests	UNKNOWN STEP	2026-02-15T21:00:40.0174787Z running apis/dataflow/v1beta1/generate.sh
unit-tests	UNKNOWN STEP	2026-02-15T21:00:40.0620299Z HEAD is now at 731d7f2ab6 feat: add gkerecommender GkeInferenceQuickstart API v1
unit-tests	UNKNOWN STEP	2026-02-15T21:00:40.0643780Z /usr/bin/protoc
unit-tests	UNKNOWN STEP	2026-02-15T21:00:40.0674860Z Found protoc version libprotoc 3.21.12
unit-tests	UNKNOWN STEP	2026-02-15T21:00:40.0676643Z Using cached googleapis pb file at /home/runner/work/k8s-config-connector/k8s-config-connector/.build/googleapis-731d7f2ab6e4e2ea15030c95039e2cb66174d4fb.pb
unit-tests	UNKNOWN STEP	2026-02-15T21:00:42.0110245Z SKIP_GENERATE_CRDS is set; skipping generation of CRDs
unit-tests	UNKNOWN STEP	2026-02-15T21:00:42.1102995Z running apis/dataplex/v1alpha1/generate.sh
unit-tests	UNKNOWN STEP	2026-02-15T21:00:42.1544480Z HEAD is now at 731d7f2ab6 feat: add gkerecommender GkeInferenceQuickstart API v1
unit-tests	UNKNOWN STEP	2026-02-15T21:00:42.1567704Z /usr/bin/protoc
unit-tests	UNKNOWN STEP	2026-02-15T21:00:42.1598148Z Found protoc version libprotoc 3.21.12
unit-tests	UNKNOWN STEP	2026-02-15T21:00:42.1599044Z Using cached googleapis pb file at /home/runner/work/k8s-config-connector/k8s-config-connector/.build/googleapis-731d7f2ab6e4e2ea15030c95039e2cb66174d4fb.pb
unit-tests	UNKNOWN STEP	2026-02-15T21:00:44.1151814Z SKIP_GENERATE_CRDS is set; skipping generation of CRDs
unit-tests	UNKNOWN STEP	2026-02-15T21:00:44.2283557Z Skipping apis/datastream/v1alpha1/generate.sh
unit-tests	UNKNOWN STEP	2026-02-15T21:00:44.2284090Z Skipping apis/discoveryengine/v1alpha1/generate.sh
unit-tests	UNKNOWN STEP	2026-02-15T21:00:44.2284515Z Skipping apis/documentai/v1alpha1/generate.sh
unit-tests	UNKNOWN STEP	2026-02-15T21:00:44.2284986Z Skipping apis/documentai/v1beta1/generate.sh
unit-tests	UNKNOWN STEP	2026-02-15T21:00:44.2286833Z Skipping apis/edgecontainer/v1alpha1/generate.sh
unit-tests	UNKNOWN STEP	2026-02-15T21:00:44.2288027Z running apis/essentialcontacts/v1beta1/generate.sh
unit-tests	UNKNOWN STEP	2026-02-15T21:00:44.2730192Z HEAD is now at 731d7f2ab6 feat: add gkerecommender GkeInferenceQuickstart API v1
unit-tests	UNKNOWN STEP	2026-02-15T21:00:44.2751855Z /usr/bin/protoc
unit-tests	UNKNOWN STEP	2026-02-15T21:00:44.2782846Z Found protoc version libprotoc 3.21.12
unit-tests	UNKNOWN STEP	2026-02-15T21:00:44.2783848Z Using cached googleapis pb file at /home/runner/work/k8s-config-connector/k8s-config-connector/.build/googleapis-731d7f2ab6e4e2ea15030c95039e2cb66174d4fb.pb
unit-tests	UNKNOWN STEP	2026-02-15T21:00:46.1717837Z SKIP_GENERATE_CRDS is set; skipping generation of CRDs
unit-tests	UNKNOWN STEP	2026-02-15T21:00:46.2782547Z running apis/firestore/v1alpha1/generate.sh
unit-tests	UNKNOWN STEP	2026-02-15T21:00:46.3220928Z HEAD is now at 731d7f2ab6 feat: add gkerecommender GkeInferenceQuickstart API v1
unit-tests	UNKNOWN STEP	2026-02-15T21:00:46.3242946Z /usr/bin/protoc
unit-tests	UNKNOWN STEP	2026-02-15T21:00:46.3273803Z Found protoc version libprotoc 3.21.12
unit-tests	UNKNOWN STEP	2026-02-15T21:00:46.3275378Z Using cached googleapis pb file at /home/runner/work/k8s-config-connector/k8s-config-connector/.build/googleapis-731d7f2ab6e4e2ea15030c95039e2cb66174d4fb.pb
unit-tests	UNKNOWN STEP	2026-02-15T21:00:48.2522588Z SKIP_GENERATE_CRDS is set; skipping generation of CRDs
unit-tests	UNKNOWN STEP	2026-02-15T21:00:48.3634119Z running apis/firestore/v1beta1/generate.sh
unit-tests	UNKNOWN STEP	2026-02-15T21:00:48.4076814Z HEAD is now at 731d7f2ab6 feat: add gkerecommender GkeInferenceQuickstart API v1
unit-tests	UNKNOWN STEP	2026-02-15T21:00:48.4100789Z /usr/bin/protoc
unit-tests	UNKNOWN STEP	2026-02-15T21:00:48.4131423Z Found protoc version libprotoc 3.21.12
unit-tests	UNKNOWN STEP	2026-02-15T21:00:48.4133023Z Using cached googleapis pb file at /home/runner/work/k8s-config-connector/k8s-config-connector/.build/googleapis-731d7f2ab6e4e2ea15030c95039e2cb66174d4fb.pb
unit-tests	UNKNOWN STEP	2026-02-15T21:00:50.3905121Z SKIP_GENERATE_CRDS is set; skipping generation of CRDs
unit-tests	UNKNOWN STEP	2026-02-15T21:00:50.5044390Z Skipping apis/gkebackup/v1alpha1/generate.sh
unit-tests	UNKNOWN STEP	2026-02-15T21:00:50.5044826Z running apis/gkehub/v1beta1/generate.sh
unit-tests	UNKNOWN STEP	2026-02-15T21:00:50.5485146Z HEAD is now at 731d7f2ab6 feat: add gkerecommender GkeInferenceQuickstart API v1
unit-tests	UNKNOWN STEP	2026-02-15T21:00:50.5508109Z /usr/bin/protoc
unit-tests	UNKNOWN STEP	2026-02-15T21:00:50.5539014Z Found protoc version libprotoc 3.21.12
unit-tests	UNKNOWN STEP	2026-02-15T21:00:50.5540317Z Using cached googleapis pb file at /home/runner/work/k8s-config-connector/k8s-config-connector/.build/googleapis-731d7f2ab6e4e2ea15030c95039e2cb66174d4fb.pb
unit-tests	UNKNOWN STEP	2026-02-15T21:00:51.4590064Z New API file added /home/runner/work/k8s-config-connector/k8s-config-connector/apis/gkehub/v1beta1/membershipfeaturespec_types.go
unit-tests	UNKNOWN STEP	2026-02-15T21:00:51.4591290Z Please EDIT it!
unit-tests	UNKNOWN STEP	2026-02-15T21:00:51.4744818Z SKIP_GENERATE_CRDS is set; skipping generation of CRDs
unit-tests	UNKNOWN STEP	2026-02-15T21:00:51.5835519Z running apis/iam/v1alpha1/generate.sh
unit-tests	UNKNOWN STEP	2026-02-15T21:00:51.6275583Z HEAD is now at 731d7f2ab6 feat: add gkerecommender GkeInferenceQuickstart API v1
unit-tests	UNKNOWN STEP	2026-02-15T21:00:51.6299389Z /usr/bin/protoc
unit-tests	UNKNOWN STEP	2026-02-15T21:00:51.6330637Z Found protoc version libprotoc 3.21.12
unit-tests	UNKNOWN STEP	2026-02-15T21:00:51.6332375Z Using cached googleapis pb file at /home/runner/work/k8s-config-connector/k8s-config-connector/.build/googleapis-731d7f2ab6e4e2ea15030c95039e2cb66174d4fb.pb
unit-tests	UNKNOWN STEP	2026-02-15T21:00:53.5251466Z SKIP_GENERATE_CRDS is set; skipping generation of CRDs
unit-tests	UNKNOWN STEP	2026-02-15T21:00:53.6440290Z running apis/iam/v1beta1/generate.sh
unit-tests	UNKNOWN STEP	2026-02-15T21:00:55.5114649Z SKIP_GENERATE_CRDS is set; skipping generation of CRDs
unit-tests	UNKNOWN STEP	2026-02-15T21:00:55.6290675Z running apis/logging/v1beta1/generate.sh
unit-tests	UNKNOWN STEP	2026-02-15T21:00:55.6731668Z HEAD is now at 731d7f2ab6 feat: add gkerecommender GkeInferenceQuickstart API v1
unit-tests	UNKNOWN STEP	2026-02-15T21:00:55.6754298Z /usr/bin/protoc
unit-tests	UNKNOWN STEP	2026-02-15T21:00:55.6784583Z Found protoc version libprotoc 3.21.12
unit-tests	UNKNOWN STEP	2026-02-15T21:00:55.6785485Z Using cached googleapis pb file at /home/runner/work/k8s-config-connector/k8s-config-connector/.build/googleapis-731d7f2ab6e4e2ea15030c95039e2cb66174d4fb.pb
unit-tests	UNKNOWN STEP	2026-02-15T21:00:57.5951327Z SKIP_GENERATE_CRDS is set; skipping generation of CRDs
unit-tests	UNKNOWN STEP	2026-02-15T21:00:57.6982084Z running apis/managedkafka/v1alpha1/generate.sh
unit-tests	UNKNOWN STEP	2026-02-15T21:00:57.7426420Z HEAD is now at 731d7f2ab6 feat: add gkerecommender GkeInferenceQuickstart API v1
unit-tests	UNKNOWN STEP	2026-02-15T21:00:57.7451006Z /usr/bin/protoc
unit-tests	UNKNOWN STEP	2026-02-15T21:00:57.7481582Z Found protoc version libprotoc 3.21.12
unit-tests	UNKNOWN STEP	2026-02-15T21:00:57.7482878Z Using cached googleapis pb file at /home/runner/work/k8s-config-connector/k8s-config-connector/.build/googleapis-731d7f2ab6e4e2ea15030c95039e2cb66174d4fb.pb
unit-tests	UNKNOWN STEP	2026-02-15T21:00:58.6596669Z SKIP_GENERATE_CRDS is set; skipping generation of CRDs
unit-tests	UNKNOWN STEP	2026-02-15T21:00:58.7616917Z running apis/managedkafka/v1beta1/generate.sh
unit-tests	UNKNOWN STEP	2026-02-15T21:00:58.8057090Z HEAD is now at 731d7f2ab6 feat: add gkerecommender GkeInferenceQuickstart API v1
unit-tests	UNKNOWN STEP	2026-02-15T21:00:58.8079976Z /usr/bin/protoc
unit-tests	UNKNOWN STEP	2026-02-15T21:00:58.8110733Z Found protoc version libprotoc 3.21.12
unit-tests	UNKNOWN STEP	2026-02-15T21:00:58.8112467Z Using cached googleapis pb file at /home/runner/work/k8s-config-connector/k8s-config-connector/.build/googleapis-731d7f2ab6e4e2ea15030c95039e2cb66174d4fb.pb
unit-tests	UNKNOWN STEP	2026-02-15T21:00:59.7216280Z SKIP_GENERATE_CRDS is set; skipping generation of CRDs
unit-tests	UNKNOWN STEP	2026-02-15T21:00:59.8286003Z running apis/monitoring/v1beta1/generate.sh
unit-tests	UNKNOWN STEP	2026-02-15T21:00:59.8723926Z HEAD is now at 731d7f2ab6 feat: add gkerecommender GkeInferenceQuickstart API v1
unit-tests	UNKNOWN STEP	2026-02-15T21:00:59.8746187Z /usr/bin/protoc
unit-tests	UNKNOWN STEP	2026-02-15T21:00:59.8776539Z Found protoc version libprotoc 3.21.12
unit-tests	UNKNOWN STEP	2026-02-15T21:00:59.8777430Z Using cached googleapis pb file at /home/runner/work/k8s-config-connector/k8s-config-connector/.build/googleapis-731d7f2ab6e4e2ea15030c95039e2cb66174d4fb.pb
unit-tests	UNKNOWN STEP	2026-02-15T21:01:01.7808285Z SKIP_GENERATE_CRDS is set; skipping generation of CRDs
unit-tests	UNKNOWN STEP	2026-02-15T21:01:01.8936767Z running apis/networkmanagement/v1alpha1/generate.sh
unit-tests	UNKNOWN STEP	2026-02-15T21:01:01.9378089Z HEAD is now at 731d7f2ab6 feat: add gkerecommender GkeInferenceQuickstart API v1
unit-tests	UNKNOWN STEP	2026-02-15T21:01:01.9403661Z /usr/bin/protoc
unit-tests	UNKNOWN STEP	2026-02-15T21:01:01.9434756Z Found protoc version libprotoc 3.21.12
unit-tests	UNKNOWN STEP	2026-02-15T21:01:01.9436343Z Using cached googleapis pb file at /home/runner/work/k8s-config-connector/k8s-config-connector/.build/googleapis-731d7f2ab6e4e2ea15030c95039e2cb66174d4fb.pb
unit-tests	UNKNOWN STEP	2026-02-15T21:01:03.8849514Z SKIP_GENERATE_CRDS is set; skipping generation of CRDs
unit-tests	UNKNOWN STEP	2026-02-15T21:01:04.0077248Z running apis/networksecurity/v1beta1/generate.sh
unit-tests	UNKNOWN STEP	2026-02-15T21:01:04.0517712Z HEAD is now at 731d7f2ab6 feat: add gkerecommender GkeInferenceQuickstart API v1
unit-tests	UNKNOWN STEP	2026-02-15T21:01:04.0541551Z /usr/bin/protoc
unit-tests	UNKNOWN STEP	2026-02-15T21:01:04.0572448Z Found protoc version libprotoc 3.21.12
unit-tests	UNKNOWN STEP	2026-02-15T21:01:04.0573797Z Using cached googleapis pb file at /home/runner/work/k8s-config-connector/k8s-config-connector/.build/googleapis-731d7f2ab6e4e2ea15030c95039e2cb66174d4fb.pb
unit-tests	UNKNOWN STEP	2026-02-15T21:01:05.9989446Z SKIP_GENERATE_CRDS is set; skipping generation of CRDs
unit-tests	UNKNOWN STEP	2026-02-15T21:01:14.0261381Z running apis/networkservices/v1alpha1/generate.sh
unit-tests	UNKNOWN STEP	2026-02-15T21:01:14.0700204Z HEAD is now at 731d7f2ab6 feat: add gkerecommender GkeInferenceQuickstart API v1
unit-tests	UNKNOWN STEP	2026-02-15T21:01:14.0723231Z /usr/bin/protoc
unit-tests	UNKNOWN STEP	2026-02-15T21:01:14.0754230Z Found protoc version libprotoc 3.21.12
unit-tests	UNKNOWN STEP	2026-02-15T21:01:14.0755160Z Using cached googleapis pb file at /home/runner/work/k8s-config-connector/k8s-config-connector/.build/googleapis-731d7f2ab6e4e2ea15030c95039e2cb66174d4fb.pb
unit-tests	UNKNOWN STEP	2026-02-15T21:01:16.0094443Z SKIP_GENERATE_CRDS is set; skipping generation of CRDs
unit-tests	UNKNOWN STEP	2026-02-15T21:01:16.4229538Z Skipping apis/orgpolicy/v1alpha1/generate.sh
unit-tests	UNKNOWN STEP	2026-02-15T21:01:16.4230120Z Skipping apis/orgpolicy/v1beta1/generate.sh
unit-tests	UNKNOWN STEP	2026-02-15T21:01:16.4230885Z running apis/parametermanager/v1alpha1/generate.sh
unit-tests	UNKNOWN STEP	2026-02-15T21:01:18.2892204Z SKIP_GENERATE_CRDS is set; skipping generation of CRDs
unit-tests	UNKNOWN STEP	2026-02-15T21:01:18.3918974Z running apis/privateca/v1beta1/generate.sh
unit-tests	UNKNOWN STEP	2026-02-15T21:01:18.4360099Z HEAD is now at 731d7f2ab6 feat: add gkerecommender GkeInferenceQuickstart API v1
unit-tests	UNKNOWN STEP	2026-02-15T21:01:18.4386200Z /usr/bin/protoc
unit-tests	UNKNOWN STEP	2026-02-15T21:01:18.4416937Z Found protoc version libprotoc 3.21.12
unit-tests	UNKNOWN STEP	2026-02-15T21:01:18.4418231Z Using cached googleapis pb file at /home/runner/work/k8s-config-connector/k8s-config-connector/.build/googleapis-731d7f2ab6e4e2ea15030c95039e2cb66174d4fb.pb
unit-tests	UNKNOWN STEP	2026-02-15T21:01:20.4033173Z SKIP_GENERATE_CRDS is set; skipping generation of CRDs
unit-tests	UNKNOWN STEP	2026-02-15T21:01:20.6121590Z running apis/pubsub/v1beta1/generate.sh
unit-tests	UNKNOWN STEP	2026-02-15T21:01:20.6562651Z HEAD is now at 731d7f2ab6 feat: add gkerecommender GkeInferenceQuickstart API v1
unit-tests	UNKNOWN STEP	2026-02-15T21:01:20.6584986Z /usr/bin/protoc
unit-tests	UNKNOWN STEP	2026-02-15T21:01:20.6615551Z Found protoc version libprotoc 3.21.12
unit-tests	UNKNOWN STEP	2026-02-15T21:01:20.6616805Z Using cached googleapis pb file at /home/runner/work/k8s-config-connector/k8s-config-connector/.build/googleapis-731d7f2ab6e4e2ea15030c95039e2cb66174d4fb.pb
unit-tests	UNKNOWN STEP	2026-02-15T21:01:22.5513884Z running apis/run/v1beta1/generate.sh
unit-tests	UNKNOWN STEP	2026-02-15T21:01:22.5953311Z HEAD is now at 731d7f2ab6 feat: add gkerecommender GkeInferenceQuickstart API v1
unit-tests	UNKNOWN STEP	2026-02-15T21:01:22.5976328Z /usr/bin/protoc
unit-tests	UNKNOWN STEP	2026-02-15T21:01:22.6007228Z Found protoc version libprotoc 3.21.12
unit-tests	UNKNOWN STEP	2026-02-15T21:01:22.6008478Z Using cached googleapis pb file at /home/runner/work/k8s-config-connector/k8s-config-connector/.build/googleapis-731d7f2ab6e4e2ea15030c95039e2cb66174d4fb.pb
unit-tests	UNKNOWN STEP	2026-02-15T21:01:24.5226226Z SKIP_GENERATE_CRDS is set; skipping generation of CRDs
unit-tests	UNKNOWN STEP	2026-02-15T21:01:24.6272469Z running apis/servicenetworking/v1alpha1/generate.sh
unit-tests	UNKNOWN STEP	2026-02-15T21:01:24.6715028Z HEAD is now at 731d7f2ab6 feat: add gkerecommender GkeInferenceQuickstart API v1
unit-tests	UNKNOWN STEP	2026-02-15T21:01:24.6737983Z /usr/bin/protoc
unit-tests	UNKNOWN STEP	2026-02-15T21:01:24.6768701Z Found protoc version libprotoc 3.21.12
unit-tests	UNKNOWN STEP	2026-02-15T21:01:24.6769991Z Using cached googleapis pb file at /home/runner/work/k8s-config-connector/k8s-config-connector/.build/googleapis-731d7f2ab6e4e2ea15030c95039e2cb66174d4fb.pb
unit-tests	UNKNOWN STEP	2026-02-15T21:01:26.5602296Z SKIP_GENERATE_CRDS is set; skipping generation of CRDs
unit-tests	UNKNOWN STEP	2026-02-15T21:01:26.6690543Z running apis/serviceusage/v1beta1/generate.sh
unit-tests	UNKNOWN STEP	2026-02-15T21:01:26.7129157Z HEAD is now at 731d7f2ab6 feat: add gkerecommender GkeInferenceQuickstart API v1
unit-tests	UNKNOWN STEP	2026-02-15T21:01:26.7151615Z /usr/bin/protoc
unit-tests	UNKNOWN STEP	2026-02-15T21:01:26.7182223Z Found protoc version libprotoc 3.21.12
unit-tests	UNKNOWN STEP	2026-02-15T21:01:26.7183466Z Using cached googleapis pb file at /home/runner/work/k8s-config-connector/k8s-config-connector/.build/googleapis-731d7f2ab6e4e2ea15030c95039e2cb66174d4fb.pb
unit-tests	UNKNOWN STEP	2026-02-15T21:01:28.6558385Z SKIP_GENERATE_CRDS is set; skipping generation of CRDs
unit-tests	UNKNOWN STEP	2026-02-15T21:01:28.7572113Z Skipping apis/speech/v1alpha1/generate.sh
unit-tests	UNKNOWN STEP	2026-02-15T21:01:28.7572687Z Skipping apis/speech/v1beta1/generate.sh
unit-tests	UNKNOWN STEP	2026-02-15T21:01:28.7573219Z running apis/sql/v1beta1/generate.sh
unit-tests	UNKNOWN STEP	2026-02-15T21:01:28.8028992Z HEAD is now at 731d7f2ab6 feat: add gkerecommender GkeInferenceQuickstart API v1
unit-tests	UNKNOWN STEP	2026-02-15T21:01:28.8051579Z /usr/bin/protoc
unit-tests	UNKNOWN STEP	2026-02-15T21:01:28.8082506Z Found protoc version libprotoc 3.21.12
unit-tests	UNKNOWN STEP	2026-02-15T21:01:28.8083840Z Using cached googleapis pb file at /home/runner/work/k8s-config-connector/k8s-config-connector/.build/googleapis-731d7f2ab6e4e2ea15030c95039e2cb66174d4fb.pb
unit-tests	UNKNOWN STEP	2026-02-15T21:01:29.7361517Z I0215 21:01:29.735868   14370 generatetypescommand.go:163] "skipping scaffolding type, refs and identity files" resource="DatabaseInstance"
unit-tests	UNKNOWN STEP	2026-02-15T21:01:30.8064888Z SKIP_GENERATE_CRDS is set; skipping generation of CRDs
unit-tests	UNKNOWN STEP	2026-02-15T21:01:30.9364018Z running apis/tags/v1alpha1/generate.sh
unit-tests	UNKNOWN STEP	2026-02-15T21:01:30.9801835Z HEAD is now at 731d7f2ab6 feat: add gkerecommender GkeInferenceQuickstart API v1
unit-tests	UNKNOWN STEP	2026-02-15T21:01:30.9826739Z /usr/bin/protoc
unit-tests	UNKNOWN STEP	2026-02-15T21:01:30.9858342Z Found protoc version libprotoc 3.21.12
unit-tests	UNKNOWN STEP	2026-02-15T21:01:30.9859817Z Using cached googleapis pb file at /home/runner/work/k8s-config-connector/k8s-config-connector/.build/googleapis-731d7f2ab6e4e2ea15030c95039e2cb66174d4fb.pb
unit-tests	UNKNOWN STEP	2026-02-15T21:01:31.0392084Z SKIP_GENERATE_CRDS is set; skipping generation of CRDs
unit-tests	UNKNOWN STEP	2026-02-15T21:01:31.0396305Z running apis/tags/v1beta1/generate.sh
unit-tests	UNKNOWN STEP	2026-02-15T21:01:31.0835593Z HEAD is now at 731d7f2ab6 feat: add gkerecommender GkeInferenceQuickstart API v1
unit-tests	UNKNOWN STEP	2026-02-15T21:01:31.0861238Z /usr/bin/protoc
unit-tests	UNKNOWN STEP	2026-02-15T21:01:31.0892319Z Found protoc version libprotoc 3.21.12
unit-tests	UNKNOWN STEP	2026-02-15T21:01:31.0893587Z Using cached googleapis pb file at /home/runner/work/k8s-config-connector/k8s-config-connector/.build/googleapis-731d7f2ab6e4e2ea15030c95039e2cb66174d4fb.pb
unit-tests	UNKNOWN STEP	2026-02-15T21:01:33.0021812Z SKIP_GENERATE_CRDS is set; skipping generation of CRDs
unit-tests	UNKNOWN STEP	2026-02-15T21:01:33.1184077Z Skipping apis/tpu/v1alpha1/generate.sh
unit-tests	UNKNOWN STEP	2026-02-15T21:01:33.1184699Z Skipping apis/vertexai/v1alpha1/generate.sh
unit-tests	UNKNOWN STEP	2026-02-15T21:01:33.1185476Z Skipping apis/vmwareengine/v1alpha1/generate.sh
unit-tests	UNKNOWN STEP	2026-02-15T21:01:33.1186101Z Skipping apis/vmwareengine/v1beta1/generate.sh
unit-tests	UNKNOWN STEP	2026-02-15T21:01:33.1186853Z Generating CRDs
unit-tests	UNKNOWN STEP	2026-02-15T21:01:33.1600760Z go: downloading sigs.k8s.io/controller-tools v0.16.5
unit-tests	UNKNOWN STEP	2026-02-15T21:01:33.8732205Z go: downloading github.com/gobuffalo/flect v1.0.3
unit-tests	UNKNOWN STEP	2026-02-15T21:01:33.8734115Z go: downloading k8s.io/apiextensions-apiserver v0.31.2
unit-tests	UNKNOWN STEP	2026-02-15T21:01:33.8935951Z go: downloading k8s.io/apimachinery v0.31.2
unit-tests	UNKNOWN STEP	2026-02-15T21:01:34.2465362Z go: downloading k8s.io/utils v0.0.0-20240711033017-18e509b52bc8
unit-tests	UNKNOWN STEP	2026-02-15T21:01:34.3150294Z go: downloading golang.org/x/tools v0.26.0
unit-tests	UNKNOWN STEP	2026-02-15T21:01:34.3304522Z go: downloading k8s.io/api v0.31.2
unit-tests	UNKNOWN STEP	2026-02-15T21:01:34.3820400Z go: downloading github.com/google/gofuzz v1.2.0
unit-tests	UNKNOWN STEP	2026-02-15T21:01:34.4023163Z go: downloading sigs.k8s.io/structured-merge-diff/v4 v4.4.1
unit-tests	UNKNOWN STEP	2026-02-15T21:01:34.4785454Z go: downloading sigs.k8s.io/json v0.0.0-20221116044647-bc3834ca7abd
unit-tests	UNKNOWN STEP	2026-02-15T21:01:34.5233599Z go: downloading golang.org/x/sys v0.26.0
unit-tests	UNKNOWN STEP	2026-02-15T21:01:34.7303111Z go: downloading golang.org/x/net v0.30.0
unit-tests	UNKNOWN STEP	2026-02-15T21:01:34.7638533Z go: downloading golang.org/x/sync v0.8.0
unit-tests	UNKNOWN STEP	2026-02-15T21:01:34.7744991Z go: downloading golang.org/x/mod v0.21.0
unit-tests	UNKNOWN STEP	2026-02-15T21:01:34.9387752Z go: downloading golang.org/x/text v0.19.0
unit-tests	UNKNOWN STEP	2026-02-15T21:02:18.1308929Z Writing output to pkg/gvks/supportedgvks/gvks_generated.go
unit-tests	UNKNOWN STEP	2026-02-15T21:02:35.7063994Z Generated config/crds/resources/apiextensions.k8s.io_v1_customresourcedefinition_workstations.workstations.cnrm.cloud.google.com.yaml
unit-tests	UNKNOWN STEP	2026-02-15T21:02:35.7065100Z Generated docs/reports/crd_report.md
unit-tests	UNKNOWN STEP	2026-02-15T21:02:35.7161745Z ++ git rev-parse --show-toplevel
unit-tests	UNKNOWN STEP	2026-02-15T21:02:35.7177117Z + REPO_ROOT=/home/runner/work/k8s-config-connector/k8s-config-connector
unit-tests	UNKNOWN STEP	2026-02-15T21:02:35.7177986Z + cd /home/runner/work/k8s-config-connector/k8s-config-connector
unit-tests	UNKNOWN STEP	2026-02-15T21:02:35.7178532Z + cat
unit-tests	UNKNOWN STEP	2026-02-15T21:02:35.7197335Z ++ find dev/ci/presubmits -type f
unit-tests	UNKNOWN STEP	2026-02-15T21:02:35.7198298Z ++ sort
unit-tests	UNKNOWN STEP	2026-02-15T21:02:35.7217859Z + for f in $(find dev/ci/presubmits -type f | sort)
unit-tests	UNKNOWN STEP	2026-02-15T21:02:35.7220673Z ++ basename dev/ci/presubmits/capture-pprof
unit-tests	UNKNOWN STEP	2026-02-15T21:02:35.7231808Z + name=capture-pprof
unit-tests	UNKNOWN STEP	2026-02-15T21:02:35.7232143Z + cat
unit-tests	UNKNOWN STEP	2026-02-15T21:02:35.7244558Z + [[ capture-pprof == tests-e2e-* ]]
unit-tests	UNKNOWN STEP	2026-02-15T21:02:35.7244979Z + cat
unit-tests	UNKNOWN STEP	2026-02-15T21:02:35.7257501Z + [[ capture-pprof == \u\n\i\t\-\t\e\s\t\s ]]
unit-tests	UNKNOWN STEP	2026-02-15T21:02:35.7257951Z + cat
unit-tests	UNKNOWN STEP	2026-02-15T21:02:35.7270495Z + [[ capture-pprof == \t\e\s\t\-\m\o\c\k\g\c\p ]]
unit-tests	UNKNOWN STEP	2026-02-15T21:02:35.7271465Z + [[ capture-pprof == \u\n\i\t\-\t\e\s\t\s ]]
unit-tests	UNKNOWN STEP	2026-02-15T21:02:35.7271905Z + cat
unit-tests	UNKNOWN STEP	2026-02-15T21:02:35.7283990Z + for f in $(find dev/ci/presubmits -type f | sort)
unit-tests	UNKNOWN STEP	2026-02-15T21:02:35.7286839Z ++ basename dev/ci/presubmits/fuzz-roundtrippers
unit-tests	UNKNOWN STEP	2026-02-15T21:02:35.7297302Z + name=fuzz-roundtrippers
unit-tests	UNKNOWN STEP	2026-02-15T21:02:35.7297684Z + cat
unit-tests	UNKNOWN STEP	2026-02-15T21:02:35.7309705Z + [[ fuzz-roundtrippers == tests-e2e-* ]]
unit-tests	UNKNOWN STEP	2026-02-15T21:02:35.7310136Z + cat
unit-tests	UNKNOWN STEP	2026-02-15T21:02:35.7322087Z + [[ fuzz-roundtrippers == \u\n\i\t\-\t\e\s\t\s ]]
unit-tests	UNKNOWN STEP	2026-02-15T21:02:35.7322537Z + cat
unit-tests	UNKNOWN STEP	2026-02-15T21:02:35.7333991Z + [[ fuzz-roundtrippers == \t\e\s\t\-\m\o\c\k\g\c\p ]]
unit-tests	UNKNOWN STEP	2026-02-15T21:02:35.7334551Z + [[ fuzz-roundtrippers == \u\n\i\t\-\t\e\s\t\s ]]
unit-tests	UNKNOWN STEP	2026-02-15T21:02:35.7334990Z + cat
unit-tests	UNKNOWN STEP	2026-02-15T21:02:35.7345905Z + for f in $(find dev/ci/presubmits -type f | sort)
unit-tests	UNKNOWN STEP	2026-02-15T21:02:35.7348671Z ++ basename dev/ci/presubmits/run-linters
unit-tests	UNKNOWN STEP	2026-02-15T21:02:35.7359111Z + name=run-linters
unit-tests	UNKNOWN STEP	2026-02-15T21:02:35.7359416Z + cat
unit-tests	UNKNOWN STEP	2026-02-15T21:02:35.7371480Z + [[ run-linters == tests-e2e-* ]]
unit-tests	UNKNOWN STEP	2026-02-15T21:02:35.7372193Z + cat
unit-tests	UNKNOWN STEP	2026-02-15T21:02:35.7383620Z + [[ run-linters == \u\n\i\t\-\t\e\s\t\s ]]
unit-tests	UNKNOWN STEP	2026-02-15T21:02:35.7383958Z + cat
unit-tests	UNKNOWN STEP	2026-02-15T21:02:35.7395515Z + [[ run-linters == \t\e\s\t\-\m\o\c\k\g\c\p ]]
unit-tests	UNKNOWN STEP	2026-02-15T21:02:35.7396025Z + [[ run-linters == \u\n\i\t\-\t\e\s\t\s ]]
unit-tests	UNKNOWN STEP	2026-02-15T21:02:35.7396424Z + cat
unit-tests	UNKNOWN STEP	2026-02-15T21:02:35.7408241Z + for f in $(find dev/ci/presubmits -type f | sort)
unit-tests	UNKNOWN STEP	2026-02-15T21:02:35.7411412Z ++ basename dev/ci/presubmits/test-mockgcp
unit-tests	UNKNOWN STEP	2026-02-15T21:02:35.7422039Z + name=test-mockgcp
unit-tests	UNKNOWN STEP	2026-02-15T21:02:35.7422367Z + cat
unit-tests	UNKNOWN STEP	2026-02-15T21:02:35.7434421Z + [[ test-mockgcp == tests-e2e-* ]]
unit-tests	UNKNOWN STEP	2026-02-15T21:02:35.7434774Z + cat
unit-tests	UNKNOWN STEP	2026-02-15T21:02:35.7446483Z + [[ test-mockgcp == \u\n\i\t\-\t\e\s\t\s ]]
unit-tests	UNKNOWN STEP	2026-02-15T21:02:35.7446830Z + cat
unit-tests	UNKNOWN STEP	2026-02-15T21:02:35.7458517Z + [[ test-mockgcp == \t\e\s\t\-\m\o\c\k\g\c\p ]]
unit-tests	UNKNOWN STEP	2026-02-15T21:02:35.7458858Z + cat
unit-tests	UNKNOWN STEP	2026-02-15T21:02:35.7470395Z + cat
unit-tests	UNKNOWN STEP	2026-02-15T21:02:35.7482433Z + for f in $(find dev/ci/presubmits -type f | sort)
unit-tests	UNKNOWN STEP	2026-02-15T21:02:35.7485239Z ++ basename dev/ci/presubmits/test-pause
unit-tests	UNKNOWN STEP	2026-02-15T21:02:35.7495664Z + name=test-pause
unit-tests	UNKNOWN STEP	2026-02-15T21:02:35.7495979Z + cat
unit-tests	UNKNOWN STEP	2026-02-15T21:02:35.7508285Z + [[ test-pause == tests-e2e-* ]]
unit-tests	UNKNOWN STEP	2026-02-15T21:02:35.7509071Z + cat
unit-tests	UNKNOWN STEP	2026-02-15T21:02:35.7520580Z + [[ test-pause == \u\n\i\t\-\t\e\s\t\s ]]
unit-tests	UNKNOWN STEP	2026-02-15T21:02:35.7520956Z + cat
unit-tests	UNKNOWN STEP	2026-02-15T21:02:35.7535083Z + [[ test-pause == \t\e\s\t\-\m\o\c\k\g\c\p ]]
unit-tests	UNKNOWN STEP	2026-02-15T21:02:35.7535493Z + [[ test-pause == \u\n\i\t\-\t\e\s\t\s ]]
unit-tests	UNKNOWN STEP	2026-02-15T21:02:35.7535762Z + cat
unit-tests	UNKNOWN STEP	2026-02-15T21:02:35.7546887Z + for f in $(find dev/ci/presubmits -type f | sort)
unit-tests	UNKNOWN STEP	2026-02-15T21:02:35.7549933Z ++ basename dev/ci/presubmits/tests-e2e-direct-iam
unit-tests	UNKNOWN STEP	2026-02-15T21:02:35.7560532Z + name=tests-e2e-direct-iam
unit-tests	UNKNOWN STEP	2026-02-15T21:02:35.7560977Z + cat
unit-tests	UNKNOWN STEP	2026-02-15T21:02:35.7573229Z + [[ tests-e2e-direct-iam == tests-e2e-* ]]
unit-tests	UNKNOWN STEP	2026-02-15T21:02:35.7573699Z + cat
unit-tests	UNKNOWN STEP	2026-02-15T21:02:35.7585043Z + cat
unit-tests	UNKNOWN STEP	2026-02-15T21:02:35.7597055Z + [[ tests-e2e-direct-iam == \u\n\i\t\-\t\e\s\t\s ]]
unit-tests	UNKNOWN STEP	2026-02-15T21:02:35.7597549Z + cat
unit-tests	UNKNOWN STEP	2026-02-15T21:02:35.7609522Z + [[ tests-e2e-direct-iam == \t\e\s\t\-\m\o\c\k\g\c\p ]]
unit-tests	UNKNOWN STEP	2026-02-15T21:02:35.7610142Z + [[ tests-e2e-direct-iam == \u\n\i\t\-\t\e\s\t\s ]]
unit-tests	UNKNOWN STEP	2026-02-15T21:02:35.7610639Z + cat
unit-tests	UNKNOWN STEP	2026-02-15T21:02:35.7621589Z + for f in $(find dev/ci/presubmits -type f | sort)
unit-tests	UNKNOWN STEP	2026-02-15T21:02:35.7624738Z ++ basename dev/ci/presubmits/tests-e2e-fixtures
unit-tests	UNKNOWN STEP	2026-02-15T21:02:35.7634996Z + name=tests-e2e-fixtures
unit-tests	UNKNOWN STEP	2026-02-15T21:02:35.7635377Z + cat
unit-tests	UNKNOWN STEP	2026-02-15T21:02:35.7646911Z + [[ tests-e2e-fixtures == tests-e2e-* ]]
unit-tests	UNKNOWN STEP	2026-02-15T21:02:35.7647451Z + cat
unit-tests	UNKNOWN STEP	2026-02-15T21:02:35.7659406Z + cat
unit-tests	UNKNOWN STEP	2026-02-15T21:02:35.7671415Z + [[ tests-e2e-fixtures == \u\n\i\t\-\t\e\s\t\s ]]
unit-tests	UNKNOWN STEP	2026-02-15T21:02:35.7672049Z + cat
unit-tests	UNKNOWN STEP	2026-02-15T21:02:35.7684074Z + [[ tests-e2e-fixtures == \t\e\s\t\-\m\o\c\k\g\c\p ]]
unit-tests	UNKNOWN STEP	2026-02-15T21:02:35.7684775Z + [[ tests-e2e-fixtures == \u\n\i\t\-\t\e\s\t\s ]]
unit-tests	UNKNOWN STEP	2026-02-15T21:02:35.7685414Z + cat
unit-tests	UNKNOWN STEP	2026-02-15T21:02:35.7696137Z + for f in $(find dev/ci/presubmits -type f | sort)
unit-tests	UNKNOWN STEP	2026-02-15T21:02:35.7699052Z ++ basename dev/ci/presubmits/tests-e2e-fixtures-accesscontextmanager
unit-tests	UNKNOWN STEP	2026-02-15T21:02:35.7709226Z + name=tests-e2e-fixtures-accesscontextmanager
unit-tests	UNKNOWN STEP	2026-02-15T21:02:35.7709823Z + cat
unit-tests	UNKNOWN STEP	2026-02-15T21:02:35.7721544Z + [[ tests-e2e-fixtures-accesscontextmanager == tests-e2e-* ]]
unit-tests	UNKNOWN STEP	2026-02-15T21:02:35.7722314Z + cat
unit-tests	UNKNOWN STEP	2026-02-15T21:02:35.7733610Z + cat
unit-tests	UNKNOWN STEP	2026-02-15T21:02:35.7745564Z + [[ tests-e2e-fixtures-accesscontextmanager == \u\n\i\t\-\t\e\s\t\s ]]
unit-tests	UNKNOWN STEP	2026-02-15T21:02:35.7746427Z + cat
unit-tests	UNKNOWN STEP	2026-02-15T21:02:35.7757475Z + [[ tests-e2e-fixtures-accesscontextmanager == \t\e\s\t\-\m\o\c\k\g\c\p ]]
unit-tests	UNKNOWN STEP	2026-02-15T21:02:35.7758804Z + [[ tests-e2e-fixtures-accesscontextmanager == \u\n\i\t\-\t\e\s\t\s ]]
unit-tests	UNKNOWN STEP	2026-02-15T21:02:35.7759382Z + cat
unit-tests	UNKNOWN STEP	2026-02-15T21:02:35.7769737Z + for f in $(find dev/ci/presubmits -type f | sort)
unit-tests	UNKNOWN STEP	2026-02-15T21:02:35.7772923Z ++ basename dev/ci/presubmits/tests-e2e-fixtures-aiplatform
unit-tests	UNKNOWN STEP	2026-02-15T21:02:35.7783215Z + name=tests-e2e-fixtures-aiplatform
unit-tests	UNKNOWN STEP	2026-02-15T21:02:35.7783785Z + cat
unit-tests	UNKNOWN STEP	2026-02-15T21:02:35.7795524Z + [[ tests-e2e-fixtures-aiplatform == tests-e2e-* ]]
unit-tests	UNKNOWN STEP	2026-02-15T21:02:35.7796197Z + cat
unit-tests	UNKNOWN STEP	2026-02-15T21:02:35.7807590Z + cat
unit-tests	UNKNOWN STEP	2026-02-15T21:02:35.7820656Z + [[ tests-e2e-fixtures-aiplatform == \u\n\i\t\-\t\e\s\t\s ]]
unit-tests	UNKNOWN STEP	2026-02-15T21:02:35.7821631Z + cat
unit-tests	UNKNOWN STEP	2026-02-15T21:02:35.7832595Z + [[ tests-e2e-fixtures-aiplatform == \t\e\s\t\-\m\o\c\k\g\c\p ]]
unit-tests	UNKNOWN STEP	2026-02-15T21:02:35.7833623Z + [[ tests-e2e-fixtures-aiplatform == \u\n\i\t\-\t\e\s\t\s ]]
unit-tests	UNKNOWN STEP	2026-02-15T21:02:35.7834243Z + cat
unit-tests	UNKNOWN STEP	2026-02-15T21:02:35.7844877Z + for f in $(find dev/ci/presubmits -type f | sort)
unit-tests	UNKNOWN STEP	2026-02-15T21:02:35.7847917Z ++ basename dev/ci/presubmits/tests-e2e-fixtures-alloydb
unit-tests	UNKNOWN STEP	2026-02-15T21:02:35.7858387Z + name=tests-e2e-fixtures-alloydb
unit-tests	UNKNOWN STEP	2026-02-15T21:02:35.7858867Z + cat
unit-tests	UNKNOWN STEP	2026-02-15T21:02:35.7870283Z + [[ tests-e2e-fixtures-alloydb == tests-e2e-* ]]
unit-tests	UNKNOWN STEP	2026-02-15T21:02:35.7870881Z + cat
unit-tests	UNKNOWN STEP	2026-02-15T21:02:35.7882240Z + cat
unit-tests	UNKNOWN STEP	2026-02-15T21:02:35.7894374Z + [[ tests-e2e-fixtures-alloydb == \u\n\i\t\-\t\e\s\t\s ]]
unit-tests	UNKNOWN STEP	2026-02-15T21:02:35.7894985Z + cat
unit-tests	UNKNOWN STEP	2026-02-15T21:02:35.7907005Z + [[ tests-e2e-fixtures-alloydb == \t\e\s\t\-\m\o\c\k\g\c\p ]]
unit-tests	UNKNOWN STEP	2026-02-15T21:02:35.7907750Z + [[ tests-e2e-fixtures-alloydb == \u\n\i\t\-\t\e\s\t\s ]]
unit-tests	UNKNOWN STEP	2026-02-15T21:02:35.7908532Z + cat
unit-tests	UNKNOWN STEP	2026-02-15T21:02:35.7919300Z + for f in $(find dev/ci/presubmits -type f | sort)
unit-tests	UNKNOWN STEP	2026-02-15T21:02:35.7922896Z ++ basename dev/ci/presubmits/tests-e2e-fixtures-analytics
unit-tests	UNKNOWN STEP	2026-02-15T21:02:35.7932919Z + name=tests-e2e-fixtures-analytics
unit-tests	UNKNOWN STEP	2026-02-15T21:02:35.7933271Z + cat
unit-tests	UNKNOWN STEP	2026-02-15T21:02:35.7945303Z + [[ tests-e2e-fixtures-analytics == tests-e2e-* ]]
unit-tests	UNKNOWN STEP	2026-02-15T21:02:35.7945966Z + cat
unit-tests	UNKNOWN STEP	2026-02-15T21:02:35.7957468Z + cat
unit-tests	UNKNOWN STEP	2026-02-15T21:02:35.7969884Z + [[ tests-e2e-fixtures-analytics == \u\n\i\t\-\t\e\s\t\s ]]
unit-tests	UNKNOWN STEP	2026-02-15T21:02:35.7970567Z + cat
unit-tests	UNKNOWN STEP	2026-02-15T21:02:35.7982354Z + [[ tests-e2e-fixtures-analytics == \t\e\s\t\-\m\o\c\k\g\c\p ]]
unit-tests	UNKNOWN STEP	2026-02-15T21:02:35.7983233Z + [[ tests-e2e-fixtures-analytics == \u\n\i\t\-\t\e\s\t\s ]]
unit-tests	UNKNOWN STEP	2026-02-15T21:02:35.7983996Z + cat
unit-tests	UNKNOWN STEP	2026-02-15T21:02:35.7994656Z + for f in $(find dev/ci/presubmits -type f | sort)
unit-tests	UNKNOWN STEP	2026-02-15T21:02:35.7997589Z ++ basename dev/ci/presubmits/tests-e2e-fixtures-apigateway
unit-tests	UNKNOWN STEP	2026-02-15T21:02:35.8007965Z + name=tests-e2e-fixtures-apigateway
unit-tests	UNKNOWN STEP	2026-02-15T21:02:35.8008444Z + cat
unit-tests	UNKNOWN STEP	2026-02-15T21:02:35.8020898Z + [[ tests-e2e-fixtures-apigateway == tests-e2e-* ]]
unit-tests	UNKNOWN STEP	2026-02-15T21:02:35.8021607Z + cat
unit-tests	UNKNOWN STEP	2026-02-15T21:02:35.8033050Z + cat
unit-tests	UNKNOWN STEP	2026-02-15T21:02:35.8045438Z + [[ tests-e2e-fixtures-apigateway == \u\n\i\t\-\t\e\s\t\s ]]
unit-tests	UNKNOWN STEP	2026-02-15T21:02:35.8046026Z + cat
unit-tests	UNKNOWN STEP	2026-02-15T21:02:35.8057796Z + [[ tests-e2e-fixtures-apigateway == \t\e\s\t\-\m\o\c\k\g\c\p ]]
unit-tests	UNKNOWN STEP	2026-02-15T21:02:35.8058568Z + [[ tests-e2e-fixtures-apigateway == \u\n\i\t\-\t\e\s\t\s ]]
unit-tests	UNKNOWN STEP	2026-02-15T21:02:35.8059059Z + cat
unit-tests	UNKNOWN STEP	2026-02-15T21:02:35.8069969Z + for f in $(find dev/ci/presubmits -type f | sort)
unit-tests	UNKNOWN STEP	2026-02-15T21:02:35.8073256Z ++ basename dev/ci/presubmits/tests-e2e-fixtures-apigee
unit-tests	UNKNOWN STEP	2026-02-15T21:02:35.8083284Z + name=tests-e2e-fixtures-apigee
unit-tests	UNKNOWN STEP	2026-02-15T21:02:35.8083615Z + cat
unit-tests	UNKNOWN STEP	2026-02-15T21:02:35.8095788Z + [[ tests-e2e-fixtures-apigee == tests-e2e-* ]]
unit-tests	UNKNOWN STEP	2026-02-15T21:02:35.8096376Z + cat
unit-tests	UNKNOWN STEP	2026-02-15T21:02:35.8108018Z + cat
unit-tests	UNKNOWN STEP	2026-02-15T21:02:35.8120695Z + [[ tests-e2e-fixtures-apigee == \u\n\i\t\-\t\e\s\t\s ]]
unit-tests	UNKNOWN STEP	2026-02-15T21:02:35.8121498Z + cat
unit-tests	UNKNOWN STEP	2026-02-15T21:02:35.8133274Z + [[ tests-e2e-fixtures-apigee == \t\e\s\t\-\m\o\c\k\g\c\p ]]
unit-tests	UNKNOWN STEP	2026-02-15T21:02:35.8134149Z + [[ tests-e2e-fixtures-apigee == \u\n\i\t\-\t\e\s\t\s ]]
unit-tests	UNKNOWN STEP	2026-02-15T21:02:35.8134796Z + cat
unit-tests	UNKNOWN STEP	2026-02-15T21:02:35.8145574Z + for f in $(find dev/ci/presubmits -type f | sort)
unit-tests	UNKNOWN STEP	2026-02-15T21:02:35.8148581Z ++ basename dev/ci/presubmits/tests-e2e-fixtures-apikeys
unit-tests	UNKNOWN STEP	2026-02-15T21:02:35.8158773Z + name=tests-e2e-fixtures-apikeys
unit-tests	UNKNOWN STEP	2026-02-15T21:02:35.8159218Z + cat
unit-tests	UNKNOWN STEP	2026-02-15T21:02:35.8171340Z + [[ tests-e2e-fixtures-apikeys == tests-e2e-* ]]
unit-tests	UNKNOWN STEP	2026-02-15T21:02:35.8171809Z + cat
unit-tests	UNKNOWN STEP	2026-02-15T21:02:35.8184170Z + cat
unit-tests	UNKNOWN STEP	2026-02-15T21:02:35.8196393Z + [[ tests-e2e-fixtures-apikeys == \u\n\i\t\-\t\e\s\t\s ]]
unit-tests	UNKNOWN STEP	2026-02-15T21:02:35.8196942Z + cat
unit-tests	UNKNOWN STEP	2026-02-15T21:02:35.8208562Z + [[ tests-e2e-fixtures-apikeys == \t\e\s\t\-\m\o\c\k\g\c\p ]]
unit-tests	UNKNOWN STEP	2026-02-15T21:02:35.8209287Z + [[ tests-e2e-fixtures-apikeys == \u\n\i\t\-\t\e\s\t\s ]]
unit-tests	UNKNOWN STEP	2026-02-15T21:02:35.8209807Z + cat
unit-tests	UNKNOWN STEP	2026-02-15T21:02:35.8220812Z + for f in $(find dev/ci/presubmits -type f | sort)
unit-tests	UNKNOWN STEP	2026-02-15T21:02:35.8224095Z ++ basename dev/ci/presubmits/tests-e2e-fixtures-appengine
unit-tests	UNKNOWN STEP	2026-02-15T21:02:35.8234394Z + name=tests-e2e-fixtures-appengine
unit-tests	UNKNOWN STEP	2026-02-15T21:02:35.8234741Z + cat
unit-tests	UNKNOWN STEP	2026-02-15T21:02:35.8246886Z + [[ tests-e2e-fixtures-appengine == tests-e2e-* ]]
unit-tests	UNKNOWN STEP	2026-02-15T21:02:35.8247514Z + cat
unit-tests	UNKNOWN STEP	2026-02-15T21:02:35.8259572Z + cat
unit-tests	UNKNOWN STEP	2026-02-15T21:02:35.8271626Z + [[ tests-e2e-fixtures-appengine == \u\n\i\t\-\t\e\s\t\s ]]
unit-tests	UNKNOWN STEP	2026-02-15T21:02:35.8272344Z + cat
unit-tests	UNKNOWN STEP	2026-02-15T21:02:35.8284097Z + [[ tests-e2e-fixtures-appengine == \t\e\s\t\-\m\o\c\k\g\c\p ]]
unit-tests	UNKNOWN STEP	2026-02-15T21:02:35.8285015Z + [[ tests-e2e-fixtures-appengine == \u\n\i\t\-\t\e\s\t\s ]]
unit-tests	UNKNOWN STEP	2026-02-15T21:02:35.8285680Z + cat
unit-tests	UNKNOWN STEP	2026-02-15T21:02:35.8296100Z + for f in $(find dev/ci/presubmits -type f | sort)
unit-tests	UNKNOWN STEP	2026-02-15T21:02:35.8299040Z ++ basename dev/ci/presubmits/tests-e2e-fixtures-apphub
unit-tests	UNKNOWN STEP	2026-02-15T21:02:35.8309328Z + name=tests-e2e-fixtures-apphub
unit-tests	UNKNOWN STEP	2026-02-15T21:02:35.8309780Z + cat
unit-tests	UNKNOWN STEP	2026-02-15T21:02:35.8322087Z + [[ tests-e2e-fixtures-apphub == tests-e2e-* ]]
unit-tests	UNKNOWN STEP	2026-02-15T21:02:35.8322587Z + cat
unit-tests	UNKNOWN STEP	2026-02-15T21:02:35.8334226Z + cat
unit-tests	UNKNOWN STEP	2026-02-15T21:02:35.8347310Z + [[ tests-e2e-fixtures-apphub == \u\n\i\t\-\t\e\s\t\s ]]
unit-tests	UNKNOWN STEP	2026-02-15T21:02:35.8347756Z + cat
unit-tests	UNKNOWN STEP	2026-02-15T21:02:35.8359798Z + [[ tests-e2e-fixtures-apphub == \t\e\s\t\-\m\o\c\k\g\c\p ]]
unit-tests	UNKNOWN STEP	2026-02-15T21:02:35.8360810Z + [[ tests-e2e-fixtures-apphub == \u\n\i\t\-\t\e\s\t\s ]]
unit-tests	UNKNOWN STEP	2026-02-15T21:02:35.8361653Z + cat
unit-tests	UNKNOWN STEP	2026-02-15T21:02:35.8372558Z + for f in $(find dev/ci/presubmits -type f | sort)
unit-tests	UNKNOWN STEP	2026-02-15T21:02:35.8375659Z ++ basename dev/ci/presubmits/tests-e2e-fixtures-artifactregistry
unit-tests	UNKNOWN STEP	2026-02-15T21:02:35.8386121Z + name=tests-e2e-fixtures-artifactregistry
unit-tests	UNKNOWN STEP	2026-02-15T21:02:35.8386617Z + cat
unit-tests	UNKNOWN STEP	2026-02-15T21:02:35.8398533Z + [[ tests-e2e-fixtures-artifactregistry == tests-e2e-* ]]
unit-tests	UNKNOWN STEP	2026-02-15T21:02:35.8399107Z + cat
unit-tests	UNKNOWN STEP	2026-02-15T21:02:35.8410520Z + cat
unit-tests	UNKNOWN STEP	2026-02-15T21:02:35.8423641Z + [[ tests-e2e-fixtures-artifactregistry == \u\n\i\t\-\t\e\s\t\s ]]
unit-tests	UNKNOWN STEP	2026-02-15T21:02:35.8424329Z + cat
unit-tests	UNKNOWN STEP	2026-02-15T21:02:35.8435913Z + [[ tests-e2e-fixtures-artifactregistry == \t\e\s\t\-\m\o\c\k\g\c\p ]]
unit-tests	UNKNOWN STEP	2026-02-15T21:02:35.8436855Z + [[ tests-e2e-fixtures-artifactregistry == \u\n\i\t\-\t\e\s\t\s ]]
unit-tests	UNKNOWN STEP	2026-02-15T21:02:35.8437290Z + cat
unit-tests	UNKNOWN STEP	2026-02-15T21:02:35.8448221Z + for f in $(find dev/ci/presubmits -type f | sort)
unit-tests	UNKNOWN STEP	2026-02-15T21:02:35.8451509Z ++ basename dev/ci/presubmits/tests-e2e-fixtures-asset
unit-tests	UNKNOWN STEP	2026-02-15T21:02:35.8462375Z + name=tests-e2e-fixtures-asset
unit-tests	UNKNOWN STEP	2026-02-15T21:02:35.8462796Z + cat
unit-tests	UNKNOWN STEP	2026-02-15T21:02:35.8474479Z + [[ tests-e2e-fixtures-asset == tests-e2e-* ]]
unit-tests	UNKNOWN STEP	2026-02-15T21:02:35.8474996Z + cat
unit-tests	UNKNOWN STEP	2026-02-15T21:02:35.8486516Z + cat
unit-tests	UNKNOWN STEP	2026-02-15T21:02:35.8498781Z + [[ tests-e2e-fixtures-asset == \u\n\i\t\-\t\e\s\t\s ]]
unit-tests	UNKNOWN STEP	2026-02-15T21:02:35.8499350Z + cat
unit-tests	UNKNOWN STEP	2026-02-15T21:02:35.8511875Z + [[ tests-e2e-fixtures-asset == \t\e\s\t\-\m\o\c\k\g\c\p ]]
unit-tests	UNKNOWN STEP	2026-02-15T21:02:35.8512616Z + [[ tests-e2e-fixtures-asset == \u\n\i\t\-\t\e\s\t\s ]]
unit-tests	UNKNOWN STEP	2026-02-15T21:02:35.8513183Z + cat
unit-tests	UNKNOWN STEP	2026-02-15T21:02:35.8524111Z + for f in $(find dev/ci/presubmits -type f | sort)
unit-tests	UNKNOWN STEP	2026-02-15T21:02:35.8527279Z ++ basename dev/ci/presubmits/tests-e2e-fixtures-assuredworkloads
unit-tests	UNKNOWN STEP	2026-02-15T21:02:35.8537487Z + name=tests-e2e-fixtures-assuredworkloads
unit-tests	UNKNOWN STEP	2026-02-15T21:02:35.8537867Z + cat
unit-tests	UNKNOWN STEP	2026-02-15T21:02:35.8550102Z + [[ tests-e2e-fixtures-assuredworkloads == tests-e2e-* ]]
unit-tests	UNKNOWN STEP	2026-02-15T21:02:35.8550879Z + cat
unit-tests	UNKNOWN STEP	2026-02-15T21:02:35.8562201Z + cat
unit-tests	UNKNOWN STEP	2026-02-15T21:02:35.8574050Z + [[ tests-e2e-fixtures-assuredworkloads == \u\n\i\t\-\t\e\s\t\s ]]
unit-tests	UNKNOWN STEP	2026-02-15T21:02:35.8574819Z + cat
unit-tests	UNKNOWN STEP	2026-02-15T21:02:35.8585834Z + [[ tests-e2e-fixtures-assuredworkloads == \t\e\s\t\-\m\o\c\k\g\c\p ]]
unit-tests	UNKNOWN STEP	2026-02-15T21:02:35.8586913Z + [[ tests-e2e-fixtures-assuredworkloads == \u\n\i\t\-\t\e\s\t\s ]]
unit-tests	UNKNOWN STEP	2026-02-15T21:02:35.8587550Z + cat
unit-tests	UNKNOWN STEP	2026-02-15T21:02:35.8597660Z + for f in $(find dev/ci/presubmits -type f | sort)
unit-tests	UNKNOWN STEP	2026-02-15T21:02:35.8600575Z ++ basename dev/ci/presubmits/tests-e2e-fixtures-backupdr
unit-tests	UNKNOWN STEP	2026-02-15T21:02:35.8610634Z + name=tests-e2e-fixtures-backupdr
unit-tests	UNKNOWN STEP	2026-02-15T21:02:35.8611286Z + cat
unit-tests	UNKNOWN STEP	2026-02-15T21:02:35.8623872Z + [[ tests-e2e-fixtures-backupdr == tests-e2e-* ]]
unit-tests	UNKNOWN STEP	2026-02-15T21:02:35.8624397Z + cat
unit-tests	UNKNOWN STEP	2026-02-15T21:02:35.8635999Z + cat
unit-tests	UNKNOWN STEP	2026-02-15T21:02:35.8648347Z + [[ tests-e2e-fixtures-backupdr == \u\n\i\t\-\t\e\s\t\s ]]
unit-tests	UNKNOWN STEP	2026-02-15T21:02:35.8648879Z + cat
unit-tests	UNKNOWN STEP	2026-02-15T21:02:35.8660694Z + [[ tests-e2e-fixtures-backupdr == \t\e\s\t\-\m\o\c\k\g\c\p ]]
unit-tests	UNKNOWN STEP	2026-02-15T21:02:35.8661539Z + [[ tests-e2e-fixtures-backupdr == \u\n\i\t\-\t\e\s\t\s ]]
unit-tests	UNKNOWN STEP	2026-02-15T21:02:35.8662202Z + cat
unit-tests	UNKNOWN STEP	2026-02-15T21:02:35.8673182Z + for f in $(find dev/ci/presubmits -type f | sort)
unit-tests	UNKNOWN STEP	2026-02-15T21:02:35.8676359Z ++ basename dev/ci/presubmits/tests-e2e-fixtures-batch
unit-tests	UNKNOWN STEP	2026-02-15T21:02:35.8686624Z + name=tests-e2e-fixtures-batch
unit-tests	UNKNOWN STEP	2026-02-15T21:02:35.8687017Z + cat
unit-tests	UNKNOWN STEP	2026-02-15T21:02:35.8698999Z + [[ tests-e2e-fixtures-batch == tests-e2e-* ]]
unit-tests	UNKNOWN STEP	2026-02-15T21:02:35.8699433Z + cat
unit-tests	UNKNOWN STEP	2026-02-15T21:02:35.8710930Z + cat
unit-tests	UNKNOWN STEP	2026-02-15T21:02:35.8723891Z + [[ tests-e2e-fixtures-batch == \u\n\i\t\-\t\e\s\t\s ]]
unit-tests	UNKNOWN STEP	2026-02-15T21:02:35.8724933Z + cat
unit-tests	UNKNOWN STEP	2026-02-15T21:02:35.8735834Z + [[ tests-e2e-fixtures-batch == \t\e\s\t\-\m\o\c\k\g\c\p ]]
unit-tests	UNKNOWN STEP	2026-02-15T21:02:35.8737039Z + [[ tests-e2e-fixtures-batch == \u\n\i\t\-\t\e\s\t\s ]]
unit-tests	UNKNOWN STEP	2026-02-15T21:02:35.8737670Z + cat
unit-tests	UNKNOWN STEP	2026-02-15T21:02:35.8748854Z + for f in $(find dev/ci/presubmits -type f | sort)
unit-tests	UNKNOWN STEP	2026-02-15T21:02:35.8751958Z ++ basename dev/ci/presubmits/tests-e2e-fixtures-beyondcorp
unit-tests	UNKNOWN STEP	2026-02-15T21:02:35.8762374Z + name=tests-e2e-fixtures-beyondcorp
unit-tests	UNKNOWN STEP	2026-02-15T21:02:35.8762860Z + cat
unit-tests	UNKNOWN STEP	2026-02-15T21:02:35.8774614Z + [[ tests-e2e-fixtures-beyondcorp == tests-e2e-* ]]
unit-tests	UNKNOWN STEP	2026-02-15T21:02:35.8775269Z + cat
unit-tests	UNKNOWN STEP	2026-02-15T21:02:35.8786784Z + cat
unit-tests	UNKNOWN STEP	2026-02-15T21:02:35.8798742Z + [[ tests-e2e-fixtures-beyondcorp == \u\n\i\t\-\t\e\s\t\s ]]
unit-tests	UNKNOWN STEP	2026-02-15T21:02:35.8799475Z + cat
unit-tests	UNKNOWN STEP	2026-02-15T21:02:35.8810498Z + [[ tests-e2e-fixtures-beyondcorp == \t\e\s\t\-\m\o\c\k\g\c\p ]]
unit-tests	UNKNOWN STEP	2026-02-15T21:02:35.8811651Z + [[ tests-e2e-fixtures-beyondcorp == \u\n\i\t\-\t\e\s\t\s ]]
unit-tests	UNKNOWN STEP	2026-02-15T21:02:35.8812326Z + cat
unit-tests	UNKNOWN STEP	2026-02-15T21:02:35.8822653Z + for f in $(find dev/ci/presubmits -type f | sort)
unit-tests	UNKNOWN STEP	2026-02-15T21:02:35.8825634Z ++ basename dev/ci/presubmits/tests-e2e-fixtures-bigquery
unit-tests	UNKNOWN STEP	2026-02-15T21:02:35.8835764Z + name=tests-e2e-fixtures-bigquery
unit-tests	UNKNOWN STEP	2026-02-15T21:02:35.8836207Z + cat
unit-tests	UNKNOWN STEP	2026-02-15T21:02:35.8848422Z + [[ tests-e2e-fixtures-bigquery == tests-e2e-* ]]
unit-tests	UNKNOWN STEP	2026-02-15T21:02:35.8848925Z + cat
unit-tests	UNKNOWN STEP	2026-02-15T21:02:35.8860386Z + cat
unit-tests	UNKNOWN STEP	2026-02-15T21:02:35.8872801Z + [[ tests-e2e-fixtures-bigquery == \u\n\i\t\-\t\e\s\t\s ]]
unit-tests	UNKNOWN STEP	2026-02-15T21:02:35.8873334Z + cat
unit-tests	UNKNOWN STEP	2026-02-15T21:02:35.8885155Z + [[ tests-e2e-fixtures-bigquery == \t\e\s\t\-\m\o\c\k\g\c\p ]]
unit-tests	UNKNOWN STEP	2026-02-15T21:02:35.8885874Z + [[ tests-e2e-fixtures-bigquery == \u\n\i\t\-\t\e\s\t\s ]]
unit-tests	UNKNOWN STEP	2026-02-15T21:02:35.8886397Z + cat
unit-tests	UNKNOWN STEP	2026-02-15T21:02:35.8897642Z + for f in $(find dev/ci/presubmits -type f | sort)
unit-tests	UNKNOWN STEP	2026-02-15T21:02:35.8900817Z ++ basename dev/ci/presubmits/tests-e2e-fixtures-bigqueryanalyticshub
unit-tests	UNKNOWN STEP	2026-02-15T21:02:35.8911215Z + name=tests-e2e-fixtures-bigqueryanalyticshub
unit-tests	UNKNOWN STEP	2026-02-15T21:02:35.8912840Z + cat
unit-tests	UNKNOWN STEP	2026-02-15T21:02:35.8924451Z + [[ tests-e2e-fixtures-bigqueryanalyticshub == tests-e2e-* ]]
unit-tests	UNKNOWN STEP	2026-02-15T21:02:35.8925242Z + cat
unit-tests	UNKNOWN STEP	2026-02-15T21:02:35.8935866Z + cat
unit-tests	UNKNOWN STEP	2026-02-15T21:02:35.8948222Z + [[ tests-e2e-fixtures-bigqueryanalyticshub == \u\n\i\t\-\t\e\s\t\s ]]
unit-tests	UNKNOWN STEP	2026-02-15T21:02:35.8949089Z + cat
unit-tests	UNKNOWN STEP	2026-02-15T21:02:35.8959966Z + [[ tests-e2e-fixtures-bigqueryanalyticshub == \t\e\s\t\-\m\o\c\k\g\c\p ]]
unit-tests	UNKNOWN STEP	2026-02-15T21:02:35.8961379Z + [[ tests-e2e-fixtures-bigqueryanalyticshub == \u\n\i\t\-\t\e\s\t\s ]]
unit-tests	UNKNOWN STEP	2026-02-15T21:02:35.8961842Z + cat
unit-tests	UNKNOWN STEP	2026-02-15T21:02:35.8971719Z + for f in $(find dev/ci/presubmits -type f | sort)
unit-tests	UNKNOWN STEP	2026-02-15T21:02:35.8974766Z ++ basename dev/ci/presubmits/tests-e2e-fixtures-bigquerybiglake
unit-tests	UNKNOWN STEP	2026-02-15T21:02:35.8985052Z + name=tests-e2e-fixtures-bigquerybiglake
unit-tests	UNKNOWN STEP	2026-02-15T21:02:35.8985800Z + cat
unit-tests	UNKNOWN STEP	2026-02-15T21:02:35.8997780Z + [[ tests-e2e-fixtures-bigquerybiglake == tests-e2e-* ]]
unit-tests	UNKNOWN STEP	2026-02-15T21:02:35.8998567Z + cat
unit-tests	UNKNOWN STEP	2026-02-15T21:02:35.9009762Z + cat
unit-tests	UNKNOWN STEP	2026-02-15T21:02:35.9022705Z + [[ tests-e2e-fixtures-bigquerybiglake == \u\n\i\t\-\t\e\s\t\s ]]
unit-tests	UNKNOWN STEP	2026-02-15T21:02:35.9023721Z + cat
unit-tests	UNKNOWN STEP	2026-02-15T21:02:35.9035596Z + [[ tests-e2e-fixtures-bigquerybiglake == \t\e\s\t\-\m\o\c\k\g\c\p ]]
unit-tests	UNKNOWN STEP	2026-02-15T21:02:35.9036666Z + [[ tests-e2e-fixtures-bigquerybiglake == \u\n\i\t\-\t\e\s\t\s ]]
unit-tests	UNKNOWN STEP	2026-02-15T21:02:35.9037178Z + cat
unit-tests	UNKNOWN STEP	2026-02-15T21:02:35.9047734Z + for f in $(find dev/ci/presubmits -type f | sort)
unit-tests	UNKNOWN STEP	2026-02-15T21:02:35.9050756Z ++ basename dev/ci/presubmits/tests-e2e-fixtures-bigqueryconnection
unit-tests	UNKNOWN STEP	2026-02-15T21:02:35.9063393Z + name=tests-e2e-fixtures-bigqueryconnection
unit-tests	UNKNOWN STEP	2026-02-15T21:02:35.9063805Z + cat
unit-tests	UNKNOWN STEP	2026-02-15T21:02:35.9074180Z + [[ tests-e2e-fixtures-bigqueryconnection == tests-e2e-* ]]
unit-tests	UNKNOWN STEP	2026-02-15T21:02:35.9074818Z + cat
unit-tests	UNKNOWN STEP	2026-02-15T21:02:35.9086850Z + cat
unit-tests	UNKNOWN STEP	2026-02-15T21:02:35.9098958Z + [[ tests-e2e-fixtures-bigqueryconnection == \u\n\i\t\-\t\e\s\t\s ]]
unit-tests	UNKNOWN STEP	2026-02-15T21:02:35.9099788Z + cat
unit-tests	UNKNOWN STEP	2026-02-15T21:02:35.9110811Z + [[ tests-e2e-fixtures-bigqueryconnection == \t\e\s\t\-\m\o\c\k\g\c\p ]]
unit-tests	UNKNOWN STEP	2026-02-15T21:02:35.9112677Z + [[ tests-e2e-fixtures-bigqueryconnection == \u\n\i\t\-\t\e\s\t\s ]]
unit-tests	UNKNOWN STEP	2026-02-15T21:02:35.9113059Z + cat
unit-tests	UNKNOWN STEP	2026-02-15T21:02:35.9123750Z + for f in $(find dev/ci/presubmits -type f | sort)
unit-tests	UNKNOWN STEP	2026-02-15T21:02:35.9126459Z ++ basename dev/ci/presubmits/tests-e2e-fixtures-bigquerydatapolicy
unit-tests	UNKNOWN STEP	2026-02-15T21:02:35.9136837Z + name=tests-e2e-fixtures-bigquerydatapolicy
unit-tests	UNKNOWN STEP	2026-02-15T21:02:35.9137396Z + cat
unit-tests	UNKNOWN STEP	2026-02-15T21:02:35.9149135Z + [[ tests-e2e-fixtures-bigquerydatapolicy == tests-e2e-* ]]
unit-tests	UNKNOWN STEP	2026-02-15T21:02:35.9149756Z + cat
unit-tests	UNKNOWN STEP	2026-02-15T21:02:35.9161046Z + cat
unit-tests	UNKNOWN STEP	2026-02-15T21:02:35.9173640Z + [[ tests-e2e-fixtures-bigquerydatapolicy == \u\n\i\t\-\t\e\s\t\s ]]
unit-tests	UNKNOWN STEP	2026-02-15T21:02:35.9174367Z + cat
unit-tests	UNKNOWN STEP	2026-02-15T21:02:35.9186111Z + [[ tests-e2e-fixtures-bigquerydatapolicy == \t\e\s\t\-\m\o\c\k\g\c\p ]]
unit-tests	UNKNOWN STEP	2026-02-15T21:02:35.9187080Z + [[ tests-e2e-fixtures-bigquerydatapolicy == \u\n\i\t\-\t\e\s\t\s ]]
unit-tests	UNKNOWN STEP	2026-02-15T21:02:35.9187538Z + cat
unit-tests	UNKNOWN STEP	2026-02-15T21:02:35.9198249Z + for f in $(find dev/ci/presubmits -type f | sort)
unit-tests	UNKNOWN STEP	2026-02-15T21:02:35.9201595Z ++ basename dev/ci/presubmits/tests-e2e-fixtures-bigquerydatatransfer
unit-tests	UNKNOWN STEP	2026-02-15T21:02:35.9211870Z + name=tests-e2e-fixtures-bigquerydatatransfer
unit-tests	UNKNOWN STEP	2026-02-15T21:02:35.9212439Z + cat
unit-tests	UNKNOWN STEP	2026-02-15T21:02:35.9225123Z + [[ tests-e2e-fixtures-bigquerydatatransfer == tests-e2e-* ]]
unit-tests	UNKNOWN STEP	2026-02-15T21:02:35.9225831Z + cat
unit-tests	UNKNOWN STEP	2026-02-15T21:02:35.9237047Z + cat
unit-tests	UNKNOWN STEP	2026-02-15T21:02:35.9249198Z + [[ tests-e2e-fixtures-bigquerydatatransfer == \u\n\i\t\-\t\e\s\t\s ]]
unit-tests	UNKNOWN STEP	2026-02-15T21:02:35.9249888Z + cat
unit-tests	UNKNOWN STEP	2026-02-15T21:02:35.9261351Z + [[ tests-e2e-fixtures-bigquerydatatransfer == \t\e\s\t\-\m\o\c\k\g\c\p ]]
unit-tests	UNKNOWN STEP	2026-02-15T21:02:35.9262489Z + [[ tests-e2e-fixtures-bigquerydatatransfer == \u\n\i\t\-\t\e\s\t\s ]]
unit-tests	UNKNOWN STEP	2026-02-15T21:02:35.9263155Z + cat
unit-tests	UNKNOWN STEP	2026-02-15T21:02:35.9274142Z + for f in $(find dev/ci/presubmits -type f | sort)
unit-tests	UNKNOWN STEP	2026-02-15T21:02:35.9277169Z ++ basename dev/ci/presubmits/tests-e2e-fixtures-bigqueryreservation
unit-tests	UNKNOWN STEP	2026-02-15T21:02:35.9287561Z + name=tests-e2e-fixtures-bigqueryreservation
unit-tests	UNKNOWN STEP	2026-02-15T21:02:35.9287907Z + cat
unit-tests	UNKNOWN STEP	2026-02-15T21:02:35.9300583Z + [[ tests-e2e-fixtures-bigqueryreservation == tests-e2e-* ]]
unit-tests	UNKNOWN STEP	2026-02-15T21:02:35.9302603Z + cat
unit-tests	UNKNOWN STEP	2026-02-15T21:02:35.9314365Z + cat
unit-tests	UNKNOWN STEP	2026-02-15T21:02:35.9326703Z + [[ tests-e2e-fixtures-bigqueryreservation == \u\n\i\t\-\t\e\s\t\s ]]
unit-tests	UNKNOWN STEP	2026-02-15T21:02:35.9327338Z + cat
unit-tests	UNKNOWN STEP	2026-02-15T21:02:35.9339809Z + [[ tests-e2e-fixtures-bigqueryreservation == \t\e\s\t\-\m\o\c\k\g\c\p ]]
unit-tests	UNKNOWN STEP	2026-02-15T21:02:35.9340710Z + [[ tests-e2e-fixtures-bigqueryreservation == \u\n\i\t\-\t\e\s\t\s ]]
unit-tests	UNKNOWN STEP	2026-02-15T21:02:35.9341482Z + cat
unit-tests	UNKNOWN STEP	2026-02-15T21:02:35.9352722Z + for f in $(find dev/ci/presubmits -type f | sort)
unit-tests	UNKNOWN STEP	2026-02-15T21:02:35.9355851Z ++ basename dev/ci/presubmits/tests-e2e-fixtures-bigtable
unit-tests	UNKNOWN STEP	2026-02-15T21:02:35.9366157Z + name=tests-e2e-fixtures-bigtable
unit-tests	UNKNOWN STEP	2026-02-15T21:02:35.9366619Z + cat
unit-tests	UNKNOWN STEP	2026-02-15T21:02:35.9378787Z + [[ tests-e2e-fixtures-bigtable == tests-e2e-* ]]
unit-tests	UNKNOWN STEP	2026-02-15T21:02:35.9379449Z + cat
unit-tests	UNKNOWN STEP	2026-02-15T21:02:35.9390836Z + cat
unit-tests	UNKNOWN STEP	2026-02-15T21:02:35.9403051Z + [[ tests-e2e-fixtures-bigtable == \u\n\i\t\-\t\e\s\t\s ]]
unit-tests	UNKNOWN STEP	2026-02-15T21:02:35.9403639Z + cat
unit-tests	UNKNOWN STEP	2026-02-15T21:02:35.9415428Z + [[ tests-e2e-fixtures-bigtable == \t\e\s\t\-\m\o\c\k\g\c\p ]]
unit-tests	UNKNOWN STEP	2026-02-15T21:02:35.9416253Z + [[ tests-e2e-fixtures-bigtable == \u\n\i\t\-\t\e\s\t\s ]]
unit-tests	UNKNOWN STEP	2026-02-15T21:02:35.9416819Z + cat
unit-tests	UNKNOWN STEP	2026-02-15T21:02:35.9427405Z + for f in $(find dev/ci/presubmits -type f | sort)
unit-tests	UNKNOWN STEP	2026-02-15T21:02:35.9430711Z ++ basename dev/ci/presubmits/tests-e2e-fixtures-billing
unit-tests	UNKNOWN STEP	2026-02-15T21:02:35.9441337Z + name=tests-e2e-fixtures-billing
unit-tests	UNKNOWN STEP	2026-02-15T21:02:35.9441870Z + cat
unit-tests	UNKNOWN STEP	2026-02-15T21:02:35.9453893Z + [[ tests-e2e-fixtures-billing == tests-e2e-* ]]
unit-tests	UNKNOWN STEP	2026-02-15T21:02:35.9454287Z + cat
unit-tests	UNKNOWN STEP	2026-02-15T21:02:35.9465951Z + cat
unit-tests	UNKNOWN STEP	2026-02-15T21:02:35.9478063Z + [[ tests-e2e-fixtures-billing == \u\n\i\t\-\t\e\s\t\s ]]
unit-tests	UNKNOWN STEP	2026-02-15T21:02:35.9478487Z + cat
unit-tests	UNKNOWN STEP	2026-02-15T21:02:35.9490421Z + [[ tests-e2e-fixtures-billing == \t\e\s\t\-\m\o\c\k\g\c\p ]]
unit-tests	UNKNOWN STEP	2026-02-15T21:02:35.9491034Z + [[ tests-e2e-fixtures-billing == \u\n\i\t\-\t\e\s\t\s ]]
unit-tests	UNKNOWN STEP	2026-02-15T21:02:35.9492306Z + cat
unit-tests	UNKNOWN STEP	2026-02-15T21:02:35.9503164Z + for f in $(find dev/ci/presubmits -type f | sort)
unit-tests	UNKNOWN STEP	2026-02-15T21:02:35.9506725Z ++ basename dev/ci/presubmits/tests-e2e-fixtures-billingbudgets
unit-tests	UNKNOWN STEP	2026-02-15T21:02:35.9517314Z + name=tests-e2e-fixtures-billingbudgets
unit-tests	UNKNOWN STEP	2026-02-15T21:02:35.9517921Z + cat
unit-tests	UNKNOWN STEP	2026-02-15T21:02:35.9529451Z + [[ tests-e2e-fixtures-billingbudgets == tests-e2e-* ]]
unit-tests	UNKNOWN STEP	2026-02-15T21:02:35.9529886Z + cat
unit-tests	UNKNOWN STEP	2026-02-15T21:02:35.9541280Z + cat
unit-tests	UNKNOWN STEP	2026-02-15T21:02:35.9553118Z + [[ tests-e2e-fixtures-billingbudgets == \u\n\i\t\-\t\e\s\t\s ]]
unit-tests	UNKNOWN STEP	2026-02-15T21:02:35.9553586Z + cat
unit-tests	UNKNOWN STEP	2026-02-15T21:02:35.9565266Z + [[ tests-e2e-fixtures-billingbudgets == \t\e\s\t\-\m\o\c\k\g\c\p ]]
unit-tests	UNKNOWN STEP	2026-02-15T21:02:35.9566240Z + [[ tests-e2e-fixtures-billingbudgets == \u\n\i\t\-\t\e\s\t\s ]]
unit-tests	UNKNOWN STEP	2026-02-15T21:02:35.9567020Z + cat
unit-tests	UNKNOWN STEP	2026-02-15T21:02:35.9578489Z + for f in $(find dev/ci/presubmits -type f | sort)
unit-tests	UNKNOWN STEP	2026-02-15T21:02:35.9581898Z ++ basename dev/ci/presubmits/tests-e2e-fixtures-binaryauthorization
unit-tests	UNKNOWN STEP	2026-02-15T21:02:35.9592549Z + name=tests-e2e-fixtures-binaryauthorization
unit-tests	UNKNOWN STEP	2026-02-15T21:02:35.9593060Z + cat
unit-tests	UNKNOWN STEP	2026-02-15T21:02:35.9605080Z + [[ tests-e2e-fixtures-binaryauthorization == tests-e2e-* ]]
unit-tests	UNKNOWN STEP	2026-02-15T21:02:35.9605647Z + cat
unit-tests	UNKNOWN STEP	2026-02-15T21:02:35.9617132Z + cat
unit-tests	UNKNOWN STEP	2026-02-15T21:02:35.9629483Z + [[ tests-e2e-fixtures-binaryauthorization == \u\n\i\t\-\t\e\s\t\s ]]
unit-tests	UNKNOWN STEP	2026-02-15T21:02:35.9630139Z + cat
unit-tests	UNKNOWN STEP	2026-02-15T21:02:35.9641829Z + [[ tests-e2e-fixtures-binaryauthorization == \t\e\s\t\-\m\o\c\k\g\c\p ]]
unit-tests	UNKNOWN STEP	2026-02-15T21:02:35.9642971Z + [[ tests-e2e-fixtures-binaryauthorization == \u\n\i\t\-\t\e\s\t\s ]]
unit-tests	UNKNOWN STEP	2026-02-15T21:02:35.9643491Z + cat
unit-tests	UNKNOWN STEP	2026-02-15T21:02:35.9654328Z + for f in $(find dev/ci/presubmits -type f | sort)
unit-tests	UNKNOWN STEP	2026-02-15T21:02:35.9657977Z ++ basename dev/ci/presubmits/tests-e2e-fixtures-certificatemanager
unit-tests	UNKNOWN STEP	2026-02-15T21:02:35.9668307Z + name=tests-e2e-fixtures-certificatemanager
unit-tests	UNKNOWN STEP	2026-02-15T21:02:35.9680243Z + cat
unit-tests	UNKNOWN STEP	2026-02-15T21:02:35.9680682Z + [[ tests-e2e-fixtures-certificatemanager == tests-e2e-* ]]
unit-tests	UNKNOWN STEP	2026-02-15T21:02:35.9681634Z + cat
unit-tests	UNKNOWN STEP	2026-02-15T21:02:35.9692442Z + cat
unit-tests	UNKNOWN STEP	2026-02-15T21:02:35.9704570Z + [[ tests-e2e-fixtures-certificatemanager == \u\n\i\t\-\t\e\s\t\s ]]
unit-tests	UNKNOWN STEP	2026-02-15T21:02:35.9705136Z + cat
unit-tests	UNKNOWN STEP	2026-02-15T21:02:35.9717038Z + [[ tests-e2e-fixtures-certificatemanager == \t\e\s\t\-\m\o\c\k\g\c\p ]]
unit-tests	UNKNOWN STEP	2026-02-15T21:02:35.9718145Z + [[ tests-e2e-fixtures-certificatemanager == \u\n\i\t\-\t\e\s\t\s ]]
unit-tests	UNKNOWN STEP	2026-02-15T21:02:35.9718896Z + cat
unit-tests	UNKNOWN STEP	2026-02-15T21:02:35.9729611Z + for f in $(find dev/ci/presubmits -type f | sort)
unit-tests	UNKNOWN STEP	2026-02-15T21:02:35.9733428Z ++ basename dev/ci/presubmits/tests-e2e-fixtures-cloudasset
unit-tests	UNKNOWN STEP	2026-02-15T21:02:35.9743998Z + name=tests-e2e-fixtures-cloudasset
unit-tests	UNKNOWN STEP	2026-02-15T21:02:35.9744406Z + cat
unit-tests	UNKNOWN STEP	2026-02-15T21:02:35.9756413Z + [[ tests-e2e-fixtures-cloudasset == tests-e2e-* ]]
unit-tests	UNKNOWN STEP	2026-02-15T21:02:35.9756856Z + cat
unit-tests	UNKNOWN STEP	2026-02-15T21:02:35.9768472Z + cat
unit-tests	UNKNOWN STEP	2026-02-15T21:02:35.9780538Z + [[ tests-e2e-fixtures-cloudasset == \u\n\i\t\-\t\e\s\t\s ]]
unit-tests	UNKNOWN STEP	2026-02-15T21:02:35.9780981Z + cat
unit-tests	UNKNOWN STEP	2026-02-15T21:02:35.9793119Z + [[ tests-e2e-fixtures-cloudasset == \t\e\s\t\-\m\o\c\k\g\c\p ]]
unit-tests	UNKNOWN STEP	2026-02-15T21:02:35.9794059Z + [[ tests-e2e-fixtures-cloudasset == \u\n\i\t\-\t\e\s\t\s ]]
unit-tests	UNKNOWN STEP	2026-02-15T21:02:35.9794715Z + cat
unit-tests	UNKNOWN STEP	2026-02-15T21:02:35.9805791Z + for f in $(find dev/ci/presubmits -type f | sort)
unit-tests	UNKNOWN STEP	2026-02-15T21:02:35.9809500Z ++ basename dev/ci/presubmits/tests-e2e-fixtures-cloudbuild
unit-tests	UNKNOWN STEP	2026-02-15T21:02:35.9819998Z + name=tests-e2e-fixtures-cloudbuild
unit-tests	UNKNOWN STEP	2026-02-15T21:02:35.9820467Z + cat
unit-tests	UNKNOWN STEP	2026-02-15T21:02:35.9833228Z + [[ tests-e2e-fixtures-cloudbuild == tests-e2e-* ]]
unit-tests	UNKNOWN STEP	2026-02-15T21:02:35.9833607Z + cat
unit-tests	UNKNOWN STEP	2026-02-15T21:02:35.9845192Z + cat
unit-tests	UNKNOWN STEP	2026-02-15T21:02:35.9857293Z + [[ tests-e2e-fixtures-cloudbuild == \u\n\i\t\-\t\e\s\t\s ]]
unit-tests	UNKNOWN STEP	2026-02-15T21:02:35.9857700Z + cat
unit-tests	UNKNOWN STEP	2026-02-15T21:02:35.9869704Z + [[ tests-e2e-fixtures-cloudbuild == \t\e\s\t\-\m\o\c\k\g\c\p ]]
unit-tests	UNKNOWN STEP	2026-02-15T21:02:35.9870398Z + [[ tests-e2e-fixtures-cloudbuild == \u\n\i\t\-\t\e\s\t\s ]]
unit-tests	UNKNOWN STEP	2026-02-15T21:02:35.9871261Z + cat
unit-tests	UNKNOWN STEP	2026-02-15T21:02:35.9881895Z + for f in $(find dev/ci/presubmits -type f | sort)
unit-tests	UNKNOWN STEP	2026-02-15T21:02:35.9885431Z ++ basename dev/ci/presubmits/tests-e2e-fixtures-clouddeploy
unit-tests	UNKNOWN STEP	2026-02-15T21:02:35.9895988Z + name=tests-e2e-fixtures-clouddeploy
unit-tests	UNKNOWN STEP	2026-02-15T21:02:35.9896482Z + cat
unit-tests	UNKNOWN STEP	2026-02-15T21:02:35.9908753Z + [[ tests-e2e-fixtures-clouddeploy == tests-e2e-* ]]
unit-tests	UNKNOWN STEP	2026-02-15T21:02:35.9909352Z + cat
unit-tests	UNKNOWN STEP	2026-02-15T21:02:35.9920676Z + cat
unit-tests	UNKNOWN STEP	2026-02-15T21:02:35.9933029Z + [[ tests-e2e-fixtures-clouddeploy == \u\n\i\t\-\t\e\s\t\s ]]
unit-tests	UNKNOWN STEP	2026-02-15T21:02:35.9933457Z + cat
unit-tests	UNKNOWN STEP	2026-02-15T21:02:35.9945607Z + [[ tests-e2e-fixtures-clouddeploy == \t\e\s\t\-\m\o\c\k\g\c\p ]]
unit-tests	UNKNOWN STEP	2026-02-15T21:02:35.9946563Z + [[ tests-e2e-fixtures-clouddeploy == \u\n\i\t\-\t\e\s\t\s ]]
unit-tests	UNKNOWN STEP	2026-02-15T21:02:35.9947209Z + cat
unit-tests	UNKNOWN STEP	2026-02-15T21:02:35.9958006Z + for f in $(find dev/ci/presubmits -type f | sort)
unit-tests	UNKNOWN STEP	2026-02-15T21:02:35.9961931Z ++ basename dev/ci/presubmits/tests-e2e-fixtures-clouddms
unit-tests	UNKNOWN STEP	2026-02-15T21:02:35.9972845Z + name=tests-e2e-fixtures-clouddms
unit-tests	UNKNOWN STEP	2026-02-15T21:02:35.9973177Z + cat
unit-tests	UNKNOWN STEP	2026-02-15T21:02:35.9985183Z + [[ tests-e2e-fixtures-clouddms == tests-e2e-* ]]
unit-tests	UNKNOWN STEP	2026-02-15T21:02:35.9985595Z + cat
unit-tests	UNKNOWN STEP	2026-02-15T21:02:35.9996941Z + cat
unit-tests	UNKNOWN STEP	2026-02-15T21:02:36.0008824Z + [[ tests-e2e-fixtures-clouddms == \u\n\i\t\-\t\e\s\t\s ]]
unit-tests	UNKNOWN STEP	2026-02-15T21:02:36.0009286Z + cat
unit-tests	UNKNOWN STEP	2026-02-15T21:02:36.0021843Z + [[ tests-e2e-fixtures-clouddms == \t\e\s\t\-\m\o\c\k\g\c\p ]]
unit-tests	UNKNOWN STEP	2026-02-15T21:02:36.0022848Z + [[ tests-e2e-fixtures-clouddms == \u\n\i\t\-\t\e\s\t\s ]]
unit-tests	UNKNOWN STEP	2026-02-15T21:02:36.0023385Z + cat
unit-tests	UNKNOWN STEP	2026-02-15T21:02:36.0033778Z + for f in $(find dev/ci/presubmits -type f | sort)
unit-tests	UNKNOWN STEP	2026-02-15T21:02:36.0036958Z ++ basename dev/ci/presubmits/tests-e2e-fixtures-cloudfunctions
unit-tests	UNKNOWN STEP	2026-02-15T21:02:36.0047261Z + name=tests-e2e-fixtures-cloudfunctions
unit-tests	UNKNOWN STEP	2026-02-15T21:02:36.0047621Z + cat
unit-tests	UNKNOWN STEP	2026-02-15T21:02:36.0059858Z + [[ tests-e2e-fixtures-cloudfunctions == tests-e2e-* ]]
unit-tests	UNKNOWN STEP	2026-02-15T21:02:36.0060368Z + cat
unit-tests	UNKNOWN STEP	2026-02-15T21:02:36.0072048Z + cat
unit-tests	UNKNOWN STEP	2026-02-15T21:02:36.0084300Z + [[ tests-e2e-fixtures-cloudfunctions == \u\n\i\t\-\t\e\s\t\s ]]
unit-tests	UNKNOWN STEP	2026-02-15T21:02:36.0084767Z + cat
unit-tests	UNKNOWN STEP	2026-02-15T21:02:36.0096707Z + [[ tests-e2e-fixtures-cloudfunctions == \t\e\s\t\-\m\o\c\k\g\c\p ]]
unit-tests	UNKNOWN STEP	2026-02-15T21:02:36.0097754Z + [[ tests-e2e-fixtures-cloudfunctions == \u\n\i\t\-\t\e\s\t\s ]]
unit-tests	UNKNOWN STEP	2026-02-15T21:02:36.0098347Z + cat
unit-tests	UNKNOWN STEP	2026-02-15T21:02:36.0108911Z + for f in $(find dev/ci/presubmits -type f | sort)
unit-tests	UNKNOWN STEP	2026-02-15T21:02:36.0112757Z ++ basename dev/ci/presubmits/tests-e2e-fixtures-cloudfunctions2
unit-tests	UNKNOWN STEP	2026-02-15T21:02:36.0123040Z + name=tests-e2e-fixtures-cloudfunctions2
unit-tests	UNKNOWN STEP	2026-02-15T21:02:36.0123477Z + cat
unit-tests	UNKNOWN STEP	2026-02-15T21:02:36.0135439Z + [[ tests-e2e-fixtures-cloudfunctions2 == tests-e2e-* ]]
unit-tests	UNKNOWN STEP	2026-02-15T21:02:36.0135861Z + cat
unit-tests	UNKNOWN STEP	2026-02-15T21:02:36.0147186Z + cat
unit-tests	UNKNOWN STEP	2026-02-15T21:02:36.0159092Z + [[ tests-e2e-fixtures-cloudfunctions2 == \u\n\i\t\-\t\e\s\t\s ]]
unit-tests	UNKNOWN STEP	2026-02-15T21:02:36.0159602Z + cat
unit-tests	UNKNOWN STEP	2026-02-15T21:02:36.0172544Z + [[ tests-e2e-fixtures-cloudfunctions2 == \t\e\s\t\-\m\o\c\k\g\c\p ]]
unit-tests	UNKNOWN STEP	2026-02-15T21:02:36.0173369Z + [[ tests-e2e-fixtures-cloudfunctions2 == \u\n\i\t\-\t\e\s\t\s ]]
unit-tests	UNKNOWN STEP	2026-02-15T21:02:36.0173845Z + cat
unit-tests	UNKNOWN STEP	2026-02-15T21:02:36.0185013Z + for f in $(find dev/ci/presubmits -type f | sort)
unit-tests	UNKNOWN STEP	2026-02-15T21:02:36.0188559Z ++ basename dev/ci/presubmits/tests-e2e-fixtures-cloudidentity
unit-tests	UNKNOWN STEP	2026-02-15T21:02:36.0199145Z + name=tests-e2e-fixtures-cloudidentity
unit-tests	UNKNOWN STEP	2026-02-15T21:02:36.0199480Z + cat
unit-tests	UNKNOWN STEP	2026-02-15T21:02:36.0212006Z + [[ tests-e2e-fixtures-cloudidentity == tests-e2e-* ]]
unit-tests	UNKNOWN STEP	2026-02-15T21:02:36.0212683Z + cat
unit-tests	UNKNOWN STEP	2026-02-15T21:02:36.0224220Z + cat
unit-tests	UNKNOWN STEP	2026-02-15T21:02:36.0236691Z + [[ tests-e2e-fixtures-cloudidentity == \u\n\i\t\-\t\e\s\t\s ]]
unit-tests	UNKNOWN STEP	2026-02-15T21:02:36.0237474Z + cat
unit-tests	UNKNOWN STEP	2026-02-15T21:02:36.0249303Z + [[ tests-e2e-fixtures-cloudidentity == \t\e\s\t\-\m\o\c\k\g\c\p ]]
unit-tests	UNKNOWN STEP	2026-02-15T21:02:36.0250341Z + [[ tests-e2e-fixtures-cloudidentity == \u\n\i\t\-\t\e\s\t\s ]]
unit-tests	UNKNOWN STEP	2026-02-15T21:02:36.0251044Z + cat
unit-tests	UNKNOWN STEP	2026-02-15T21:02:36.0262191Z + for f in $(find dev/ci/presubmits -type f | sort)
unit-tests	UNKNOWN STEP	2026-02-15T21:02:36.0265216Z ++ basename dev/ci/presubmits/tests-e2e-fixtures-cloudids
unit-tests	UNKNOWN STEP	2026-02-15T21:02:36.0275483Z + name=tests-e2e-fixtures-cloudids
unit-tests	UNKNOWN STEP	2026-02-15T21:02:36.0276025Z + cat
unit-tests	UNKNOWN STEP	2026-02-15T21:02:36.0287875Z + [[ tests-e2e-fixtures-cloudids == tests-e2e-* ]]
unit-tests	UNKNOWN STEP	2026-02-15T21:02:36.0288955Z + cat
unit-tests	UNKNOWN STEP	2026-02-15T21:02:36.0299710Z + cat
unit-tests	UNKNOWN STEP	2026-02-15T21:02:36.0311970Z + [[ tests-e2e-fixtures-cloudids == \u\n\i\t\-\t\e\s\t\s ]]
unit-tests	UNKNOWN STEP	2026-02-15T21:02:36.0312763Z + cat
unit-tests	UNKNOWN STEP	2026-02-15T21:02:36.0324250Z + [[ tests-e2e-fixtures-cloudids == \t\e\s\t\-\m\o\c\k\g\c\p ]]
unit-tests	UNKNOWN STEP	2026-02-15T21:02:36.0325300Z + [[ tests-e2e-fixtures-cloudids == \u\n\i\t\-\t\e\s\t\s ]]
unit-tests	UNKNOWN STEP	2026-02-15T21:02:36.0326093Z + cat
unit-tests	UNKNOWN STEP	2026-02-15T21:02:36.0336873Z + for f in $(find dev/ci/presubmits -type f | sort)
unit-tests	UNKNOWN STEP	2026-02-15T21:02:36.0340168Z ++ basename dev/ci/presubmits/tests-e2e-fixtures-cloudiot
unit-tests	UNKNOWN STEP	2026-02-15T21:02:36.0350480Z + name=tests-e2e-fixtures-cloudiot
unit-tests	UNKNOWN STEP	2026-02-15T21:02:36.0351015Z + cat
unit-tests	UNKNOWN STEP	2026-02-15T21:02:36.0363166Z + [[ tests-e2e-fixtures-cloudiot == tests-e2e-* ]]
unit-tests	UNKNOWN STEP	2026-02-15T21:02:36.0363877Z + cat
unit-tests	UNKNOWN STEP	2026-02-15T21:02:36.0375334Z + cat
unit-tests	UNKNOWN STEP	2026-02-15T21:02:36.0388603Z + [[ tests-e2e-fixtures-cloudiot == \u\n\i\t\-\t\e\s\t\s ]]
unit-tests	UNKNOWN STEP	2026-02-15T21:02:36.0389372Z + cat
unit-tests	UNKNOWN STEP	2026-02-15T21:02:36.0400977Z + [[ tests-e2e-fixtures-cloudiot == \t\e\s\t\-\m\o\c\k\g\c\p ]]
unit-tests	UNKNOWN STEP	2026-02-15T21:02:36.0402212Z + [[ tests-e2e-fixtures-cloudiot == \u\n\i\t\-\t\e\s\t\s ]]
unit-tests	UNKNOWN STEP	2026-02-15T21:02:36.0402854Z + cat
unit-tests	UNKNOWN STEP	2026-02-15T21:02:36.0412961Z + for f in $(find dev/ci/presubmits -type f | sort)
unit-tests	UNKNOWN STEP	2026-02-15T21:02:36.0415947Z ++ basename dev/ci/presubmits/tests-e2e-fixtures-cloudquota
unit-tests	UNKNOWN STEP	2026-02-15T21:02:36.0426942Z + name=tests-e2e-fixtures-cloudquota
unit-tests	UNKNOWN STEP	2026-02-15T21:02:36.0427461Z + cat
unit-tests	UNKNOWN STEP	2026-02-15T21:02:36.0439430Z + [[ tests-e2e-fixtures-cloudquota == tests-e2e-* ]]
unit-tests	UNKNOWN STEP	2026-02-15T21:02:36.0440170Z + cat
unit-tests	UNKNOWN STEP	2026-02-15T21:02:36.0451032Z + cat
unit-tests	UNKNOWN STEP	2026-02-15T21:02:36.0463627Z + [[ tests-e2e-fixtures-cloudquota == \u\n\i\t\-\t\e\s\t\s ]]
unit-tests	UNKNOWN STEP	2026-02-15T21:02:36.0464439Z + cat
unit-tests	UNKNOWN STEP	2026-02-15T21:02:36.0475355Z + [[ tests-e2e-fixtures-cloudquota == \t\e\s\t\-\m\o\c\k\g\c\p ]]
unit-tests	UNKNOWN STEP	2026-02-15T21:02:36.0476438Z + [[ tests-e2e-fixtures-cloudquota == \u\n\i\t\-\t\e\s\t\s ]]
unit-tests	UNKNOWN STEP	2026-02-15T21:02:36.0477169Z + cat
unit-tests	UNKNOWN STEP	2026-02-15T21:02:36.0487047Z + for f in $(find dev/ci/presubmits -type f | sort)
unit-tests	UNKNOWN STEP	2026-02-15T21:02:36.0490151Z ++ basename dev/ci/presubmits/tests-e2e-fixtures-cloudscheduler
unit-tests	UNKNOWN STEP	2026-02-15T21:02:36.0500265Z + name=tests-e2e-fixtures-cloudscheduler
unit-tests	UNKNOWN STEP	2026-02-15T21:02:36.0500858Z + cat
unit-tests	UNKNOWN STEP	2026-02-15T21:02:36.0512449Z + [[ tests-e2e-fixtures-cloudscheduler == tests-e2e-* ]]
unit-tests	UNKNOWN STEP	2026-02-15T21:02:36.0513068Z + cat
unit-tests	UNKNOWN STEP	2026-02-15T21:02:36.0524232Z + cat
unit-tests	UNKNOWN STEP	2026-02-15T21:02:36.0537035Z + [[ tests-e2e-fixtures-cloudscheduler == \u\n\i\t\-\t\e\s\t\s ]]
unit-tests	UNKNOWN STEP	2026-02-15T21:02:36.0537690Z + cat
unit-tests	UNKNOWN STEP	2026-02-15T21:02:36.0549269Z + [[ tests-e2e-fixtures-cloudscheduler == \t\e\s\t\-\m\o\c\k\g\c\p ]]
unit-tests	UNKNOWN STEP	2026-02-15T21:02:36.0550197Z + [[ tests-e2e-fixtures-cloudscheduler == \u\n\i\t\-\t\e\s\t\s ]]
unit-tests	UNKNOWN STEP	2026-02-15T21:02:36.0550587Z + cat
unit-tests	UNKNOWN STEP	2026-02-15T21:02:36.0561601Z + for f in $(find dev/ci/presubmits -type f | sort)
unit-tests	UNKNOWN STEP	2026-02-15T21:02:36.0564863Z ++ basename dev/ci/presubmits/tests-e2e-fixtures-cloudtasks
unit-tests	UNKNOWN STEP	2026-02-15T21:02:36.0575330Z + name=tests-e2e-fixtures-cloudtasks
unit-tests	UNKNOWN STEP	2026-02-15T21:02:36.0575772Z + cat
unit-tests	UNKNOWN STEP	2026-02-15T21:02:36.0588207Z + [[ tests-e2e-fixtures-cloudtasks == tests-e2e-* ]]
unit-tests	UNKNOWN STEP	2026-02-15T21:02:36.0588770Z + cat
unit-tests	UNKNOWN STEP	2026-02-15T21:02:36.0600001Z + cat
unit-tests	UNKNOWN STEP	2026-02-15T21:02:36.0612867Z + [[ tests-e2e-fixtures-cloudtasks == \u\n\i\t\-\t\e\s\t\s ]]
unit-tests	UNKNOWN STEP	2026-02-15T21:02:36.0613575Z + cat
unit-tests	UNKNOWN STEP	2026-02-15T21:02:36.0625400Z + [[ tests-e2e-fixtures-cloudtasks == \t\e\s\t\-\m\o\c\k\g\c\p ]]
unit-tests	UNKNOWN STEP	2026-02-15T21:02:36.0626640Z + [[ tests-e2e-fixtures-cloudtasks == \u\n\i\t\-\t\e\s\t\s ]]
unit-tests	UNKNOWN STEP	2026-02-15T21:02:36.0627308Z + cat
unit-tests	UNKNOWN STEP	2026-02-15T21:02:36.0637742Z + for f in $(find dev/ci/presubmits -type f | sort)
unit-tests	UNKNOWN STEP	2026-02-15T21:02:36.0640899Z ++ basename dev/ci/presubmits/tests-e2e-fixtures-colab
unit-tests	UNKNOWN STEP	2026-02-15T21:02:36.0650989Z + name=tests-e2e-fixtures-colab
unit-tests	UNKNOWN STEP	2026-02-15T21:02:36.0651739Z + cat
unit-tests	UNKNOWN STEP	2026-02-15T21:02:36.0663798Z + [[ tests-e2e-fixtures-colab == tests-e2e-* ]]
unit-tests	UNKNOWN STEP	2026-02-15T21:02:36.0664458Z + cat
unit-tests	UNKNOWN STEP	2026-02-15T21:02:36.0676026Z + cat
unit-tests	UNKNOWN STEP	2026-02-15T21:02:36.0687977Z + [[ tests-e2e-fixtures-colab == \u\n\i\t\-\t\e\s\t\s ]]
unit-tests	UNKNOWN STEP	2026-02-15T21:02:36.0688693Z + cat
unit-tests	UNKNOWN STEP	2026-02-15T21:02:36.0700254Z + [[ tests-e2e-fixtures-colab == \t\e\s\t\-\m\o\c\k\g\c\p ]]
unit-tests	UNKNOWN STEP	2026-02-15T21:02:36.0701402Z + [[ tests-e2e-fixtures-colab == \u\n\i\t\-\t\e\s\t\s ]]
unit-tests	UNKNOWN STEP	2026-02-15T21:02:36.0702391Z + cat
unit-tests	UNKNOWN STEP	2026-02-15T21:02:36.0714043Z + for f in $(find dev/ci/presubmits -type f | sort)
unit-tests	UNKNOWN STEP	2026-02-15T21:02:36.0717205Z ++ basename dev/ci/presubmits/tests-e2e-fixtures-composer
unit-tests	UNKNOWN STEP	2026-02-15T21:02:36.0727499Z + name=tests-e2e-fixtures-composer
unit-tests	UNKNOWN STEP	2026-02-15T21:02:36.0727960Z + cat
unit-tests	UNKNOWN STEP	2026-02-15T21:02:36.0739799Z + [[ tests-e2e-fixtures-composer == tests-e2e-* ]]
unit-tests	UNKNOWN STEP	2026-02-15T21:02:36.0740336Z + cat
unit-tests	UNKNOWN STEP	2026-02-15T21:02:36.0752112Z + cat
unit-tests	UNKNOWN STEP	2026-02-15T21:02:36.0764306Z + [[ tests-e2e-fixtures-composer == \u\n\i\t\-\t\e\s\t\s ]]
unit-tests	UNKNOWN STEP	2026-02-15T21:02:36.0766066Z + cat
unit-tests	UNKNOWN STEP	2026-02-15T21:02:36.0776544Z + [[ tests-e2e-fixtures-composer == \t\e\s\t\-\m\o\c\k\g\c\p ]]
unit-tests	UNKNOWN STEP	2026-02-15T21:02:36.0777402Z + [[ tests-e2e-fixtures-composer == \u\n\i\t\-\t\e\s\t\s ]]
unit-tests	UNKNOWN STEP	2026-02-15T21:02:36.0777913Z + cat
unit-tests	UNKNOWN STEP	2026-02-15T21:02:36.0788888Z + for f in $(find dev/ci/presubmits -type f | sort)
unit-tests	UNKNOWN STEP	2026-02-15T21:02:36.0792430Z ++ basename dev/ci/presubmits/tests-e2e-fixtures-compute
unit-tests	UNKNOWN STEP	2026-02-15T21:02:36.0802620Z + name=tests-e2e-fixtures-compute
unit-tests	UNKNOWN STEP	2026-02-15T21:02:36.0802948Z + cat
unit-tests	UNKNOWN STEP	2026-02-15T21:02:36.0815524Z + [[ tests-e2e-fixtures-compute == tests-e2e-* ]]
unit-tests	UNKNOWN STEP	2026-02-15T21:02:36.0815884Z + cat
unit-tests	UNKNOWN STEP	2026-02-15T21:02:36.0827789Z + cat
unit-tests	UNKNOWN STEP	2026-02-15T21:02:36.0840155Z + [[ tests-e2e-fixtures-compute == \u\n\i\t\-\t\e\s\t\s ]]
unit-tests	UNKNOWN STEP	2026-02-15T21:02:36.0840554Z + cat
unit-tests	UNKNOWN STEP	2026-02-15T21:02:36.0852583Z + [[ tests-e2e-fixtures-compute == \t\e\s\t\-\m\o\c\k\g\c\p ]]
unit-tests	UNKNOWN STEP	2026-02-15T21:02:36.0853135Z + [[ tests-e2e-fixtures-compute == \u\n\i\t\-\t\e\s\t\s ]]
unit-tests	UNKNOWN STEP	2026-02-15T21:02:36.0853835Z + cat
unit-tests	UNKNOWN STEP	2026-02-15T21:02:36.0865214Z + for f in $(find dev/ci/presubmits -type f | sort)
unit-tests	UNKNOWN STEP	2026-02-15T21:02:36.0868766Z ++ basename dev/ci/presubmits/tests-e2e-fixtures-configcontroller
unit-tests	UNKNOWN STEP	2026-02-15T21:02:36.0879461Z + name=tests-e2e-fixtures-configcontroller
unit-tests	UNKNOWN STEP	2026-02-15T21:02:36.0879754Z + cat
unit-tests	UNKNOWN STEP	2026-02-15T21:02:36.0892432Z + [[ tests-e2e-fixtures-configcontroller == tests-e2e-* ]]
unit-tests	UNKNOWN STEP	2026-02-15T21:02:36.0892807Z + cat
unit-tests	UNKNOWN STEP	2026-02-15T21:02:36.0904649Z + cat
unit-tests	UNKNOWN STEP	2026-02-15T21:02:36.0916966Z + [[ tests-e2e-fixtures-configcontroller == \u\n\i\t\-\t\e\s\t\s ]]
unit-tests	UNKNOWN STEP	2026-02-15T21:02:36.0917557Z + cat
unit-tests	UNKNOWN STEP	2026-02-15T21:02:36.0929197Z + [[ tests-e2e-fixtures-configcontroller == \t\e\s\t\-\m\o\c\k\g\c\p ]]
unit-tests	UNKNOWN STEP	2026-02-15T21:02:36.0930035Z + [[ tests-e2e-fixtures-configcontroller == \u\n\i\t\-\t\e\s\t\s ]]
unit-tests	UNKNOWN STEP	2026-02-15T21:02:36.0930791Z + cat
unit-tests	UNKNOWN STEP	2026-02-15T21:02:36.0942255Z + for f in $(find dev/ci/presubmits -type f | sort)
unit-tests	UNKNOWN STEP	2026-02-15T21:02:36.0945794Z ++ basename dev/ci/presubmits/tests-e2e-fixtures-configdelivery
unit-tests	UNKNOWN STEP	2026-02-15T21:02:36.0956287Z + name=tests-e2e-fixtures-configdelivery
unit-tests	UNKNOWN STEP	2026-02-15T21:02:36.0956578Z + cat
unit-tests	UNKNOWN STEP	2026-02-15T21:02:36.0968710Z + [[ tests-e2e-fixtures-configdelivery == tests-e2e-* ]]
unit-tests	UNKNOWN STEP	2026-02-15T21:02:36.0969177Z + cat
unit-tests	UNKNOWN STEP	2026-02-15T21:02:36.0981881Z + cat
unit-tests	UNKNOWN STEP	2026-02-15T21:02:36.0994069Z + [[ tests-e2e-fixtures-configdelivery == \u\n\i\t\-\t\e\s\t\s ]]
unit-tests	UNKNOWN STEP	2026-02-15T21:02:36.0994539Z + cat
unit-tests	UNKNOWN STEP	2026-02-15T21:02:36.1006293Z + [[ tests-e2e-fixtures-configdelivery == \t\e\s\t\-\m\o\c\k\g\c\p ]]
unit-tests	UNKNOWN STEP	2026-02-15T21:02:36.1007053Z + [[ tests-e2e-fixtures-configdelivery == \u\n\i\t\-\t\e\s\t\s ]]
unit-tests	UNKNOWN STEP	2026-02-15T21:02:36.1007832Z + cat
unit-tests	UNKNOWN STEP	2026-02-15T21:02:36.1019232Z + for f in $(find dev/ci/presubmits -type f | sort)
unit-tests	UNKNOWN STEP	2026-02-15T21:02:36.1022807Z ++ basename dev/ci/presubmits/tests-e2e-fixtures-container
unit-tests	UNKNOWN STEP	2026-02-15T21:02:36.1033238Z + name=tests-e2e-fixtures-container
unit-tests	UNKNOWN STEP	2026-02-15T21:02:36.1033534Z + cat
unit-tests	UNKNOWN STEP	2026-02-15T21:02:36.1045497Z + [[ tests-e2e-fixtures-container == tests-e2e-* ]]
unit-tests	UNKNOWN STEP	2026-02-15T21:02:36.1045826Z + cat
unit-tests	UNKNOWN STEP	2026-02-15T21:02:36.1057777Z + cat
unit-tests	UNKNOWN STEP	2026-02-15T21:02:36.1069872Z + [[ tests-e2e-fixtures-container == \u\n\i\t\-\t\e\s\t\s ]]
unit-tests	UNKNOWN STEP	2026-02-15T21:02:36.1070238Z + cat
unit-tests	UNKNOWN STEP	2026-02-15T21:02:36.1082241Z + [[ tests-e2e-fixtures-container == \t\e\s\t\-\m\o\c\k\g\c\p ]]
unit-tests	UNKNOWN STEP	2026-02-15T21:02:36.1082838Z + [[ tests-e2e-fixtures-container == \u\n\i\t\-\t\e\s\t\s ]]
unit-tests	UNKNOWN STEP	2026-02-15T21:02:36.1083567Z + cat
unit-tests	UNKNOWN STEP	2026-02-15T21:02:36.1095306Z + for f in $(find dev/ci/presubmits -type f | sort)
unit-tests	UNKNOWN STEP	2026-02-15T21:02:36.1098962Z ++ basename dev/ci/presubmits/tests-e2e-fixtures-containeranalysis
unit-tests	UNKNOWN STEP	2026-02-15T21:02:36.1109616Z + name=tests-e2e-fixtures-containeranalysis
unit-tests	UNKNOWN STEP	2026-02-15T21:02:36.1109971Z + cat
unit-tests	UNKNOWN STEP	2026-02-15T21:02:36.1121878Z + [[ tests-e2e-fixtures-containeranalysis == tests-e2e-* ]]
unit-tests	UNKNOWN STEP	2026-02-15T21:02:36.1122311Z + cat
unit-tests	UNKNOWN STEP	2026-02-15T21:02:36.1134588Z + cat
unit-tests	UNKNOWN STEP	2026-02-15T21:02:36.1146621Z + [[ tests-e2e-fixtures-containeranalysis == \u\n\i\t\-\t\e\s\t\s ]]
unit-tests	UNKNOWN STEP	2026-02-15T21:02:36.1147042Z + cat
unit-tests	UNKNOWN STEP	2026-02-15T21:02:36.1158795Z + [[ tests-e2e-fixtures-containeranalysis == \t\e\s\t\-\m\o\c\k\g\c\p ]]
unit-tests	UNKNOWN STEP	2026-02-15T21:02:36.1159641Z + [[ tests-e2e-fixtures-containeranalysis == \u\n\i\t\-\t\e\s\t\s ]]
unit-tests	UNKNOWN STEP	2026-02-15T21:02:36.1160449Z + cat
unit-tests	UNKNOWN STEP	2026-02-15T21:02:36.1171446Z + for f in $(find dev/ci/presubmits -type f | sort)
unit-tests	UNKNOWN STEP	2026-02-15T21:02:36.1174947Z ++ basename dev/ci/presubmits/tests-e2e-fixtures-containerattached
unit-tests	UNKNOWN STEP	2026-02-15T21:02:36.1185856Z + name=tests-e2e-fixtures-containerattached
unit-tests	UNKNOWN STEP	2026-02-15T21:02:36.1186168Z + cat
unit-tests	UNKNOWN STEP	2026-02-15T21:02:36.1198184Z + [[ tests-e2e-fixtures-containerattached == tests-e2e-* ]]
unit-tests	UNKNOWN STEP	2026-02-15T21:02:36.1198631Z + cat
unit-tests	UNKNOWN STEP	2026-02-15T21:02:36.1210103Z + cat
unit-tests	UNKNOWN STEP	2026-02-15T21:02:36.1222291Z + [[ tests-e2e-fixtures-containerattached == \u\n\i\t\-\t\e\s\t\s ]]
unit-tests	UNKNOWN STEP	2026-02-15T21:02:36.1222873Z + cat
unit-tests	UNKNOWN STEP	2026-02-15T21:02:36.1234684Z + [[ tests-e2e-fixtures-containerattached == \t\e\s\t\-\m\o\c\k\g\c\p ]]
unit-tests	UNKNOWN STEP	2026-02-15T21:02:36.1235490Z + [[ tests-e2e-fixtures-containerattached == \u\n\i\t\-\t\e\s\t\s ]]
unit-tests	UNKNOWN STEP	2026-02-15T21:02:36.1236300Z + cat
unit-tests	UNKNOWN STEP	2026-02-15T21:02:36.1247233Z + for f in $(find dev/ci/presubmits -type f | sort)
unit-tests	UNKNOWN STEP	2026-02-15T21:02:36.1250822Z ++ basename dev/ci/presubmits/tests-e2e-fixtures-datacatalog
unit-tests	UNKNOWN STEP	2026-02-15T21:02:36.1261349Z + name=tests-e2e-fixtures-datacatalog
unit-tests	UNKNOWN STEP	2026-02-15T21:02:36.1261936Z + cat
unit-tests	UNKNOWN STEP	2026-02-15T21:02:36.1274096Z + [[ tests-e2e-fixtures-datacatalog == tests-e2e-* ]]
unit-tests	UNKNOWN STEP	2026-02-15T21:02:36.1274659Z + cat
unit-tests	UNKNOWN STEP	2026-02-15T21:02:36.1286017Z + cat
unit-tests	UNKNOWN STEP	2026-02-15T21:02:36.1298308Z + [[ tests-e2e-fixtures-datacatalog == \u\n\i\t\-\t\e\s\t\s ]]
unit-tests	UNKNOWN STEP	2026-02-15T21:02:36.1298943Z + cat
unit-tests	UNKNOWN STEP	2026-02-15T21:02:36.1310757Z + [[ tests-e2e-fixtures-datacatalog == \t\e\s\t\-\m\o\c\k\g\c\p ]]
unit-tests	UNKNOWN STEP	2026-02-15T21:02:36.1311782Z + [[ tests-e2e-fixtures-datacatalog == \u\n\i\t\-\t\e\s\t\s ]]
unit-tests	UNKNOWN STEP	2026-02-15T21:02:36.1312312Z + cat
unit-tests	UNKNOWN STEP	2026-02-15T21:02:36.1323171Z + for f in $(find dev/ci/presubmits -type f | sort)
unit-tests	UNKNOWN STEP	2026-02-15T21:02:36.1326545Z ++ basename dev/ci/presubmits/tests-e2e-fixtures-dataflow
unit-tests	UNKNOWN STEP	2026-02-15T21:02:36.1337455Z + name=tests-e2e-fixtures-dataflow
unit-tests	UNKNOWN STEP	2026-02-15T21:02:36.1337927Z + cat
unit-tests	UNKNOWN STEP	2026-02-15T21:02:36.1351651Z + [[ tests-e2e-fixtures-dataflow == tests-e2e-* ]]
unit-tests	UNKNOWN STEP	2026-02-15T21:02:36.1352218Z + cat
unit-tests	UNKNOWN STEP	2026-02-15T21:02:36.1363866Z + cat
unit-tests	UNKNOWN STEP	2026-02-15T21:02:36.1377538Z + [[ tests-e2e-fixtures-dataflow == \u\n\i\t\-\t\e\s\t\s ]]
unit-tests	UNKNOWN STEP	2026-02-15T21:02:36.1378133Z + cat
unit-tests	UNKNOWN STEP	2026-02-15T21:02:36.1388324Z + [[ tests-e2e-fixtures-dataflow == \t\e\s\t\-\m\o\c\k\g\c\p ]]
unit-tests	UNKNOWN STEP	2026-02-15T21:02:36.1389149Z + [[ tests-e2e-fixtures-dataflow == \u\n\i\t\-\t\e\s\t\s ]]
unit-tests	UNKNOWN STEP	2026-02-15T21:02:36.1389913Z + cat
unit-tests	UNKNOWN STEP	2026-02-15T21:02:36.1400702Z + for f in $(find dev/ci/presubmits -type f | sort)
unit-tests	UNKNOWN STEP	2026-02-15T21:02:36.1403983Z ++ basename dev/ci/presubmits/tests-e2e-fixtures-dataform
unit-tests	UNKNOWN STEP	2026-02-15T21:02:36.1414290Z + name=tests-e2e-fixtures-dataform
unit-tests	UNKNOWN STEP	2026-02-15T21:02:36.1414767Z + cat
unit-tests	UNKNOWN STEP	2026-02-15T21:02:36.1427033Z + [[ tests-e2e-fixtures-dataform == tests-e2e-* ]]
unit-tests	UNKNOWN STEP	2026-02-15T21:02:36.1427564Z + cat
unit-tests	UNKNOWN STEP	2026-02-15T21:02:36.1439106Z + cat
unit-tests	UNKNOWN STEP	2026-02-15T21:02:36.1451613Z + [[ tests-e2e-fixtures-dataform == \u\n\i\t\-\t\e\s\t\s ]]
unit-tests	UNKNOWN STEP	2026-02-15T21:02:36.1452226Z + cat
unit-tests	UNKNOWN STEP	2026-02-15T21:02:36.1464038Z + [[ tests-e2e-fixtures-dataform == \t\e\s\t\-\m\o\c\k\g\c\p ]]
unit-tests	UNKNOWN STEP	2026-02-15T21:02:36.1464877Z + [[ tests-e2e-fixtures-dataform == \u\n\i\t\-\t\e\s\t\s ]]
unit-tests	UNKNOWN STEP	2026-02-15T21:02:36.1465438Z + cat
unit-tests	UNKNOWN STEP	2026-02-15T21:02:36.1476205Z + for f in $(find dev/ci/presubmits -type f | sort)
unit-tests	UNKNOWN STEP	2026-02-15T21:02:36.1479578Z ++ basename dev/ci/presubmits/tests-e2e-fixtures-datafusion
unit-tests	UNKNOWN STEP	2026-02-15T21:02:36.1489807Z + name=tests-e2e-fixtures-datafusion
unit-tests	UNKNOWN STEP	2026-02-15T21:02:36.1490436Z + cat
unit-tests	UNKNOWN STEP	2026-02-15T21:02:36.1502946Z + [[ tests-e2e-fixtures-datafusion == tests-e2e-* ]]
unit-tests	UNKNOWN STEP	2026-02-15T21:02:36.1503693Z + cat
unit-tests	UNKNOWN STEP	2026-02-15T21:02:36.1515205Z + cat
unit-tests	UNKNOWN STEP	2026-02-15T21:02:36.1527272Z + [[ tests-e2e-fixtures-datafusion == \u\n\i\t\-\t\e\s\t\s ]]
unit-tests	UNKNOWN STEP	2026-02-15T21:02:36.1527658Z + cat
unit-tests	UNKNOWN STEP	2026-02-15T21:02:36.1539575Z + [[ tests-e2e-fixtures-datafusion == \t\e\s\t\-\m\o\c\k\g\c\p ]]
unit-tests	UNKNOWN STEP	2026-02-15T21:02:36.1540199Z + [[ tests-e2e-fixtures-datafusion == \u\n\i\t\-\t\e\s\t\s ]]
unit-tests	UNKNOWN STEP	2026-02-15T21:02:36.1540922Z + cat
unit-tests	UNKNOWN STEP	2026-02-15T21:02:36.1552415Z + for f in $(find dev/ci/presubmits -type f | sort)
unit-tests	UNKNOWN STEP	2026-02-15T21:02:36.1555947Z ++ basename dev/ci/presubmits/tests-e2e-fixtures-dataplex
unit-tests	UNKNOWN STEP	2026-02-15T21:02:36.1566596Z + name=tests-e2e-fixtures-dataplex
unit-tests	UNKNOWN STEP	2026-02-15T21:02:36.1566887Z + cat
unit-tests	UNKNOWN STEP	2026-02-15T21:02:36.1578892Z + [[ tests-e2e-fixtures-dataplex == tests-e2e-* ]]
unit-tests	UNKNOWN STEP	2026-02-15T21:02:36.1579238Z + cat
unit-tests	UNKNOWN STEP	2026-02-15T21:02:36.1590881Z + cat
unit-tests	UNKNOWN STEP	2026-02-15T21:02:36.1603712Z + [[ tests-e2e-fixtures-dataplex == \u\n\i\t\-\t\e\s\t\s ]]
unit-tests	UNKNOWN STEP	2026-02-15T21:02:36.1604361Z + cat
unit-tests	UNKNOWN STEP	2026-02-15T21:02:36.1615903Z + [[ tests-e2e-fixtures-dataplex == \t\e\s\t\-\m\o\c\k\g\c\p ]]
unit-tests	UNKNOWN STEP	2026-02-15T21:02:36.1616819Z + [[ tests-e2e-fixtures-dataplex == \u\n\i\t\-\t\e\s\t\s ]]
unit-tests	UNKNOWN STEP	2026-02-15T21:02:36.1617564Z + cat
unit-tests	UNKNOWN STEP	2026-02-15T21:02:36.1628243Z + for f in $(find dev/ci/presubmits -type f | sort)
unit-tests	UNKNOWN STEP	2026-02-15T21:02:36.1631513Z ++ basename dev/ci/presubmits/tests-e2e-fixtures-dataproc
unit-tests	UNKNOWN STEP	2026-02-15T21:02:36.1642030Z + name=tests-e2e-fixtures-dataproc
unit-tests	UNKNOWN STEP	2026-02-15T21:02:36.1642623Z + cat
unit-tests	UNKNOWN STEP	2026-02-15T21:02:36.1655636Z + [[ tests-e2e-fixtures-dataproc == tests-e2e-* ]]
unit-tests	UNKNOWN STEP	2026-02-15T21:02:36.1656258Z + cat
unit-tests	UNKNOWN STEP	2026-02-15T21:02:36.1667872Z + cat
unit-tests	UNKNOWN STEP	2026-02-15T21:02:36.1680078Z + [[ tests-e2e-fixtures-dataproc == \u\n\i\t\-\t\e\s\t\s ]]
unit-tests	UNKNOWN STEP	2026-02-15T21:02:36.1680759Z + cat
unit-tests	UNKNOWN STEP	2026-02-15T21:02:36.1692378Z + [[ tests-e2e-fixtures-dataproc == \t\e\s\t\-\m\o\c\k\g\c\p ]]
unit-tests	UNKNOWN STEP	2026-02-15T21:02:36.1693405Z + [[ tests-e2e-fixtures-dataproc == \u\n\i\t\-\t\e\s\t\s ]]
unit-tests	UNKNOWN STEP	2026-02-15T21:02:36.1694169Z + cat
unit-tests	UNKNOWN STEP	2026-02-15T21:02:36.1704497Z + for f in $(find dev/ci/presubmits -type f | sort)
unit-tests	UNKNOWN STEP	2026-02-15T21:02:36.1707570Z ++ basename dev/ci/presubmits/tests-e2e-fixtures-datastore
unit-tests	UNKNOWN STEP	2026-02-15T21:02:36.1718591Z + name=tests-e2e-fixtures-datastore
unit-tests	UNKNOWN STEP	2026-02-15T21:02:36.1719050Z + cat
unit-tests	UNKNOWN STEP	2026-02-15T21:02:36.1731248Z + [[ tests-e2e-fixtures-datastore == tests-e2e-* ]]
unit-tests	UNKNOWN STEP	2026-02-15T21:02:36.1731793Z + cat
unit-tests	UNKNOWN STEP	2026-02-15T21:02:36.1743427Z + cat
unit-tests	UNKNOWN STEP	2026-02-15T21:02:36.1755815Z + [[ tests-e2e-fixtures-datastore == \u\n\i\t\-\t\e\s\t\s ]]
unit-tests	UNKNOWN STEP	2026-02-15T21:02:36.1756410Z + cat
unit-tests	UNKNOWN STEP	2026-02-15T21:02:36.1768124Z + [[ tests-e2e-fixtures-datastore == \t\e\s\t\-\m\o\c\k\g\c\p ]]
unit-tests	UNKNOWN STEP	2026-02-15T21:02:36.1768953Z + [[ tests-e2e-fixtures-datastore == \u\n\i\t\-\t\e\s\t\s ]]
unit-tests	UNKNOWN STEP	2026-02-15T21:02:36.1769500Z + cat
unit-tests	UNKNOWN STEP	2026-02-15T21:02:36.1780346Z + for f in $(find dev/ci/presubmits -type f | sort)
unit-tests	UNKNOWN STEP	2026-02-15T21:02:36.1783902Z ++ basename dev/ci/presubmits/tests-e2e-fixtures-datastream
unit-tests	UNKNOWN STEP	2026-02-15T21:02:36.1794174Z + name=tests-e2e-fixtures-datastream
unit-tests	UNKNOWN STEP	2026-02-15T21:02:36.1794665Z + cat
unit-tests	UNKNOWN STEP	2026-02-15T21:02:36.1808733Z + [[ tests-e2e-fixtures-datastream == tests-e2e-* ]]
unit-tests	UNKNOWN STEP	2026-02-15T21:02:36.1809459Z + cat
unit-tests	UNKNOWN STEP	2026-02-15T21:02:36.1820733Z + cat
unit-tests	UNKNOWN STEP	2026-02-15T21:02:36.1833580Z + [[ tests-e2e-fixtures-datastream == \u\n\i\t\-\t\e\s\t\s ]]
unit-tests	UNKNOWN STEP	2026-02-15T21:02:36.1834365Z + cat
unit-tests	UNKNOWN STEP	2026-02-15T21:02:36.1845910Z + [[ tests-e2e-fixtures-datastream == \t\e\s\t\-\m\o\c\k\g\c\p ]]
unit-tests	UNKNOWN STEP	2026-02-15T21:02:36.1846974Z + [[ tests-e2e-fixtures-datastream == \u\n\i\t\-\t\e\s\t\s ]]
unit-tests	UNKNOWN STEP	2026-02-15T21:02:36.1847540Z + cat
unit-tests	UNKNOWN STEP	2026-02-15T21:02:36.1859100Z + for f in $(find dev/ci/presubmits -type f | sort)
unit-tests	UNKNOWN STEP	2026-02-15T21:02:36.1862732Z ++ basename dev/ci/presubmits/tests-e2e-fixtures-deploymentmanager
unit-tests	UNKNOWN STEP	2026-02-15T21:02:36.1872749Z + name=tests-e2e-fixtures-deploymentmanager
unit-tests	UNKNOWN STEP	2026-02-15T21:02:36.1873272Z + cat
unit-tests	UNKNOWN STEP	2026-02-15T21:02:36.1885148Z + [[ tests-e2e-fixtures-deploymentmanager == tests-e2e-* ]]
unit-tests	UNKNOWN STEP	2026-02-15T21:02:36.1885904Z + cat
unit-tests	UNKNOWN STEP	2026-02-15T21:02:36.1898323Z + cat
unit-tests	UNKNOWN STEP	2026-02-15T21:02:36.1910785Z + [[ tests-e2e-fixtures-deploymentmanager == \u\n\i\t\-\t\e\s\t\s ]]
unit-tests	UNKNOWN STEP	2026-02-15T21:02:36.1912257Z + cat
unit-tests	UNKNOWN STEP	2026-02-15T21:02:36.1923253Z + [[ tests-e2e-fixtures-deploymentmanager == \t\e\s\t\-\m\o\c\k\g\c\p ]]
unit-tests	UNKNOWN STEP	2026-02-15T21:02:36.1924422Z + [[ tests-e2e-fixtures-deploymentmanager == \u\n\i\t\-\t\e\s\t\s ]]
unit-tests	UNKNOWN STEP	2026-02-15T21:02:36.1924890Z + cat
unit-tests	UNKNOWN STEP	2026-02-15T21:02:36.1935243Z + for f in $(find dev/ci/presubmits -type f | sort)
unit-tests	UNKNOWN STEP	2026-02-15T21:02:36.1938610Z ++ basename dev/ci/presubmits/tests-e2e-fixtures-dialogflow
unit-tests	UNKNOWN STEP	2026-02-15T21:02:36.1949345Z + name=tests-e2e-fixtures-dialogflow
unit-tests	UNKNOWN STEP	2026-02-15T21:02:36.1949785Z + cat
unit-tests	UNKNOWN STEP	2026-02-15T21:02:36.1962133Z + [[ tests-e2e-fixtures-dialogflow == tests-e2e-* ]]
unit-tests	UNKNOWN STEP	2026-02-15T21:02:36.1962829Z + cat
unit-tests	UNKNOWN STEP	2026-02-15T21:02:36.1973991Z + cat
unit-tests	UNKNOWN STEP	2026-02-15T21:02:36.1986447Z + [[ tests-e2e-fixtures-dialogflow == \u\n\i\t\-\t\e\s\t\s ]]
unit-tests	UNKNOWN STEP	2026-02-15T21:02:36.1987214Z + cat
unit-tests	UNKNOWN STEP	2026-02-15T21:02:36.1998618Z + [[ tests-e2e-fixtures-dialogflow == \t\e\s\t\-\m\o\c\k\g\c\p ]]
unit-tests	UNKNOWN STEP	2026-02-15T21:02:36.1999661Z + [[ tests-e2e-fixtures-dialogflow == \u\n\i\t\-\t\e\s\t\s ]]
unit-tests	UNKNOWN STEP	2026-02-15T21:02:36.2000255Z + cat
unit-tests	UNKNOWN STEP	2026-02-15T21:02:36.2011815Z + for f in $(find dev/ci/presubmits -type f | sort)
unit-tests	UNKNOWN STEP	2026-02-15T21:02:36.2015159Z ++ basename dev/ci/presubmits/tests-e2e-fixtures-dialogflowcx
unit-tests	UNKNOWN STEP	2026-02-15T21:02:36.2025105Z + name=tests-e2e-fixtures-dialogflowcx
unit-tests	UNKNOWN STEP	2026-02-15T21:02:36.2025641Z + cat
unit-tests	UNKNOWN STEP	2026-02-15T21:02:36.2037520Z + [[ tests-e2e-fixtures-dialogflowcx == tests-e2e-* ]]
unit-tests	UNKNOWN STEP	2026-02-15T21:02:36.2038219Z + cat
unit-tests	UNKNOWN STEP	2026-02-15T21:02:36.2050277Z + cat
unit-tests	UNKNOWN STEP	2026-02-15T21:02:36.2062669Z + [[ tests-e2e-fixtures-dialogflowcx == \u\n\i\t\-\t\e\s\t\s ]]
unit-tests	UNKNOWN STEP	2026-02-15T21:02:36.2063471Z + cat
unit-tests	UNKNOWN STEP	2026-02-15T21:02:36.2074853Z + [[ tests-e2e-fixtures-dialogflowcx == \t\e\s\t\-\m\o\c\k\g\c\p ]]
unit-tests	UNKNOWN STEP	2026-02-15T21:02:36.2075945Z + [[ tests-e2e-fixtures-dialogflowcx == \u\n\i\t\-\t\e\s\t\s ]]
unit-tests	UNKNOWN STEP	2026-02-15T21:02:36.2076518Z + cat
unit-tests	UNKNOWN STEP	2026-02-15T21:02:36.2087098Z + for f in $(find dev/ci/presubmits -type f | sort)
unit-tests	UNKNOWN STEP	2026-02-15T21:02:36.2090419Z ++ basename dev/ci/presubmits/tests-e2e-fixtures-discoveryengine
unit-tests	UNKNOWN STEP	2026-02-15T21:02:36.2101463Z + name=tests-e2e-fixtures-discoveryengine
unit-tests	UNKNOWN STEP	2026-02-15T21:02:36.2102026Z + cat
unit-tests	UNKNOWN STEP	2026-02-15T21:02:36.2113880Z + [[ tests-e2e-fixtures-discoveryengine == tests-e2e-* ]]
unit-tests	UNKNOWN STEP	2026-02-15T21:02:36.2114630Z + cat
unit-tests	UNKNOWN STEP	2026-02-15T21:02:36.2125677Z + cat
unit-tests	UNKNOWN STEP	2026-02-15T21:02:36.2138009Z + [[ tests-e2e-fixtures-discoveryengine == \u\n\i\t\-\t\e\s\t\s ]]
unit-tests	UNKNOWN STEP	2026-02-15T21:02:36.2138868Z + cat
unit-tests	UNKNOWN STEP	2026-02-15T21:02:36.2150887Z + [[ tests-e2e-fixtures-discoveryengine == \t\e\s\t\-\m\o\c\k\g\c\p ]]
unit-tests	UNKNOWN STEP	2026-02-15T21:02:36.2152213Z + [[ tests-e2e-fixtures-discoveryengine == \u\n\i\t\-\t\e\s\t\s ]]
unit-tests	UNKNOWN STEP	2026-02-15T21:02:36.2152726Z + cat
unit-tests	UNKNOWN STEP	2026-02-15T21:02:36.2163050Z + for f in $(find dev/ci/presubmits -type f | sort)
unit-tests	UNKNOWN STEP	2026-02-15T21:02:36.2166268Z ++ basename dev/ci/presubmits/tests-e2e-fixtures-dlp
unit-tests	UNKNOWN STEP	2026-02-15T21:02:36.2176134Z + name=tests-e2e-fixtures-dlp
unit-tests	UNKNOWN STEP	2026-02-15T21:02:36.2176574Z + cat
unit-tests	UNKNOWN STEP	2026-02-15T21:02:36.2188659Z + [[ tests-e2e-fixtures-dlp == tests-e2e-* ]]
unit-tests	UNKNOWN STEP	2026-02-15T21:02:36.2189265Z + cat
unit-tests	UNKNOWN STEP	2026-02-15T21:02:36.2201586Z + cat
unit-tests	UNKNOWN STEP	2026-02-15T21:02:36.2213723Z + [[ tests-e2e-fixtures-dlp == \u\n\i\t\-\t\e\s\t\s ]]
unit-tests	UNKNOWN STEP	2026-02-15T21:02:36.2214394Z + cat
unit-tests	UNKNOWN STEP	2026-02-15T21:02:36.2226094Z + [[ tests-e2e-fixtures-dlp == \t\e\s\t\-\m\o\c\k\g\c\p ]]
unit-tests	UNKNOWN STEP	2026-02-15T21:02:36.2226997Z + [[ tests-e2e-fixtures-dlp == \u\n\i\t\-\t\e\s\t\s ]]
unit-tests	UNKNOWN STEP	2026-02-15T21:02:36.2227601Z + cat
unit-tests	UNKNOWN STEP	2026-02-15T21:02:36.2238358Z + for f in $(find dev/ci/presubmits -type f | sort)
unit-tests	UNKNOWN STEP	2026-02-15T21:02:36.2241771Z ++ basename dev/ci/presubmits/tests-e2e-fixtures-dns
unit-tests	UNKNOWN STEP	2026-02-15T21:02:36.2252804Z + name=tests-e2e-fixtures-dns
unit-tests	UNKNOWN STEP	2026-02-15T21:02:36.2253283Z + cat
unit-tests	UNKNOWN STEP	2026-02-15T21:02:36.2265099Z + [[ tests-e2e-fixtures-dns == tests-e2e-* ]]
unit-tests	UNKNOWN STEP	2026-02-15T21:02:36.2265688Z + cat
unit-tests	UNKNOWN STEP	2026-02-15T21:02:36.2277165Z + cat
unit-tests	UNKNOWN STEP	2026-02-15T21:02:36.2290487Z + [[ tests-e2e-fixtures-dns == \u\n\i\t\-\t\e\s\t\s ]]
unit-tests	UNKNOWN STEP	2026-02-15T21:02:36.2291297Z + cat
unit-tests	UNKNOWN STEP	2026-02-15T21:02:36.2302950Z + [[ tests-e2e-fixtures-dns == \t\e\s\t\-\m\o\c\k\g\c\p ]]
unit-tests	UNKNOWN STEP	2026-02-15T21:02:36.2303757Z + [[ tests-e2e-fixtures-dns == \u\n\i\t\-\t\e\s\t\s ]]
unit-tests	UNKNOWN STEP	2026-02-15T21:02:36.2304658Z + cat
unit-tests	UNKNOWN STEP	2026-02-15T21:02:36.2315631Z + for f in $(find dev/ci/presubmits -type f | sort)
unit-tests	UNKNOWN STEP	2026-02-15T21:02:36.2319270Z ++ basename dev/ci/presubmits/tests-e2e-fixtures-documentai
unit-tests	UNKNOWN STEP	2026-02-15T21:02:36.2329205Z + name=tests-e2e-fixtures-documentai
unit-tests	UNKNOWN STEP	2026-02-15T21:02:36.2329738Z + cat
unit-tests	UNKNOWN STEP	2026-02-15T21:02:36.2343038Z + [[ tests-e2e-fixtures-documentai == tests-e2e-* ]]
unit-tests	UNKNOWN STEP	2026-02-15T21:02:36.2343716Z + cat
unit-tests	UNKNOWN STEP	2026-02-15T21:02:36.2355023Z + cat
unit-tests	UNKNOWN STEP	2026-02-15T21:02:36.2367345Z + [[ tests-e2e-fixtures-documentai == \u\n\i\t\-\t\e\s\t\s ]]
unit-tests	UNKNOWN STEP	2026-02-15T21:02:36.2368110Z + cat
unit-tests	UNKNOWN STEP	2026-02-15T21:02:36.2379600Z + [[ tests-e2e-fixtures-documentai == \t\e\s\t\-\m\o\c\k\g\c\p ]]
unit-tests	UNKNOWN STEP	2026-02-15T21:02:36.2380636Z + [[ tests-e2e-fixtures-documentai == \u\n\i\t\-\t\e\s\t\s ]]
unit-tests	UNKNOWN STEP	2026-02-15T21:02:36.2381313Z + cat
unit-tests	UNKNOWN STEP	2026-02-15T21:02:36.2393970Z + for f in $(find dev/ci/presubmits -type f | sort)
unit-tests	UNKNOWN STEP	2026-02-15T21:02:36.2395590Z ++ basename dev/ci/presubmits/tests-e2e-fixtures-edgecontainer
unit-tests	UNKNOWN STEP	2026-02-15T21:02:36.2406219Z + name=tests-e2e-fixtures-edgecontainer
unit-tests	UNKNOWN STEP	2026-02-15T21:02:36.2406742Z + cat
unit-tests	UNKNOWN STEP	2026-02-15T21:02:36.2418869Z + [[ tests-e2e-fixtures-edgecontainer == tests-e2e-* ]]
unit-tests	UNKNOWN STEP	2026-02-15T21:02:36.2419537Z + cat
unit-tests	UNKNOWN STEP	2026-02-15T21:02:36.2430714Z + cat
unit-tests	UNKNOWN STEP	2026-02-15T21:02:36.2443150Z + [[ tests-e2e-fixtures-edgecontainer == \u\n\i\t\-\t\e\s\t\s ]]
unit-tests	UNKNOWN STEP	2026-02-15T21:02:36.2443851Z + cat
unit-tests	UNKNOWN STEP	2026-02-15T21:02:36.2455646Z + [[ tests-e2e-fixtures-edgecontainer == \t\e\s\t\-\m\o\c\k\g\c\p ]]
unit-tests	UNKNOWN STEP	2026-02-15T21:02:36.2456752Z + [[ tests-e2e-fixtures-edgecontainer == \u\n\i\t\-\t\e\s\t\s ]]
unit-tests	UNKNOWN STEP	2026-02-15T21:02:36.2457309Z + cat
unit-tests	UNKNOWN STEP	2026-02-15T21:02:36.2467633Z + for f in $(find dev/ci/presubmits -type f | sort)
unit-tests	UNKNOWN STEP	2026-02-15T21:02:36.2470985Z ++ basename dev/ci/presubmits/tests-e2e-fixtures-edgenetwork
unit-tests	UNKNOWN STEP	2026-02-15T21:02:36.2482316Z + name=tests-e2e-fixtures-edgenetwork
unit-tests	UNKNOWN STEP	2026-02-15T21:02:36.2482609Z + cat
unit-tests	UNKNOWN STEP	2026-02-15T21:02:36.2494987Z + [[ tests-e2e-fixtures-edgenetwork == tests-e2e-* ]]
unit-tests	UNKNOWN STEP	2026-02-15T21:02:36.2495367Z + cat
unit-tests	UNKNOWN STEP	2026-02-15T21:02:36.2507120Z + cat
unit-tests	UNKNOWN STEP	2026-02-15T21:02:36.2519572Z + [[ tests-e2e-fixtures-edgenetwork == \u\n\i\t\-\t\e\s\t\s ]]
unit-tests	UNKNOWN STEP	2026-02-15T21:02:36.2520004Z + cat
unit-tests	UNKNOWN STEP	2026-02-15T21:02:36.2532013Z + [[ tests-e2e-fixtures-edgenetwork == \t\e\s\t\-\m\o\c\k\g\c\p ]]
unit-tests	UNKNOWN STEP	2026-02-15T21:02:36.2532716Z + [[ tests-e2e-fixtures-edgenetwork == \u\n\i\t\-\t\e\s\t\s ]]
unit-tests	UNKNOWN STEP	2026-02-15T21:02:36.2533468Z + cat
unit-tests	UNKNOWN STEP	2026-02-15T21:02:36.2544618Z + for f in $(find dev/ci/presubmits -type f | sort)
unit-tests	UNKNOWN STEP	2026-02-15T21:02:36.2548056Z ++ basename dev/ci/presubmits/tests-e2e-fixtures-essentialcontacts
unit-tests	UNKNOWN STEP	2026-02-15T21:02:36.2558848Z + name=tests-e2e-fixtures-essentialcontacts
unit-tests	UNKNOWN STEP	2026-02-15T21:02:36.2559139Z + cat
unit-tests	UNKNOWN STEP	2026-02-15T21:02:36.2571349Z + [[ tests-e2e-fixtures-essentialcontacts == tests-e2e-* ]]
unit-tests	UNKNOWN STEP	2026-02-15T21:02:36.2571835Z + cat
unit-tests	UNKNOWN STEP	2026-02-15T21:02:36.2583332Z + cat
unit-tests	UNKNOWN STEP	2026-02-15T21:02:36.2595453Z + [[ tests-e2e-fixtures-essentialcontacts == \u\n\i\t\-\t\e\s\t\s ]]
unit-tests	UNKNOWN STEP	2026-02-15T21:02:36.2595958Z + cat
unit-tests	UNKNOWN STEP	2026-02-15T21:02:36.2607737Z + [[ tests-e2e-fixtures-essentialcontacts == \t\e\s\t\-\m\o\c\k\g\c\p ]]
unit-tests	UNKNOWN STEP	2026-02-15T21:02:36.2608581Z + [[ tests-e2e-fixtures-essentialcontacts == \u\n\i\t\-\t\e\s\t\s ]]
unit-tests	UNKNOWN STEP	2026-02-15T21:02:36.2609376Z + cat
unit-tests	UNKNOWN STEP	2026-02-15T21:02:36.2620334Z + for f in $(find dev/ci/presubmits -type f | sort)
unit-tests	UNKNOWN STEP	2026-02-15T21:02:36.2624018Z ++ basename dev/ci/presubmits/tests-e2e-fixtures-eventarc
unit-tests	UNKNOWN STEP	2026-02-15T21:02:36.2634521Z + name=tests-e2e-fixtures-eventarc
unit-tests	UNKNOWN STEP	2026-02-15T21:02:36.2634810Z + cat
unit-tests	UNKNOWN STEP	2026-02-15T21:02:36.2646864Z + [[ tests-e2e-fixtures-eventarc == tests-e2e-* ]]
unit-tests	UNKNOWN STEP	2026-02-15T21:02:36.2647211Z + cat
unit-tests	UNKNOWN STEP	2026-02-15T21:02:36.2659025Z + cat
unit-tests	UNKNOWN STEP	2026-02-15T21:02:36.2671407Z + [[ tests-e2e-fixtures-eventarc == \u\n\i\t\-\t\e\s\t\s ]]
unit-tests	UNKNOWN STEP	2026-02-15T21:02:36.2672001Z + cat
unit-tests	UNKNOWN STEP	2026-02-15T21:02:36.2684198Z + [[ tests-e2e-fixtures-eventarc == \t\e\s\t\-\m\o\c\k\g\c\p ]]
unit-tests	UNKNOWN STEP	2026-02-15T21:02:36.2684754Z + [[ tests-e2e-fixtures-eventarc == \u\n\i\t\-\t\e\s\t\s ]]
unit-tests	UNKNOWN STEP	2026-02-15T21:02:36.2685482Z + cat
unit-tests	UNKNOWN STEP	2026-02-15T21:02:36.2696828Z + for f in $(find dev/ci/presubmits -type f | sort)
unit-tests	UNKNOWN STEP	2026-02-15T21:02:36.2700285Z ++ basename dev/ci/presubmits/tests-e2e-fixtures-filestore
unit-tests	UNKNOWN STEP	2026-02-15T21:02:36.2710769Z + name=tests-e2e-fixtures-filestore
unit-tests	UNKNOWN STEP	2026-02-15T21:02:36.2711028Z + cat
unit-tests	UNKNOWN STEP	2026-02-15T21:02:36.2724608Z + [[ tests-e2e-fixtures-filestore == tests-e2e-* ]]
unit-tests	UNKNOWN STEP	2026-02-15T21:02:36.2725172Z + cat
unit-tests	UNKNOWN STEP	2026-02-15T21:02:36.2736713Z + cat
unit-tests	UNKNOWN STEP	2026-02-15T21:02:36.2748924Z + [[ tests-e2e-fixtures-filestore == \u\n\i\t\-\t\e\s\t\s ]]
unit-tests	UNKNOWN STEP	2026-02-15T21:02:36.2749307Z + cat
unit-tests	UNKNOWN STEP	2026-02-15T21:02:36.2761358Z + [[ tests-e2e-fixtures-filestore == \t\e\s\t\-\m\o\c\k\g\c\p ]]
unit-tests	UNKNOWN STEP	2026-02-15T21:02:36.2762209Z + [[ tests-e2e-fixtures-filestore == \u\n\i\t\-\t\e\s\t\s ]]
unit-tests	UNKNOWN STEP	2026-02-15T21:02:36.2762892Z + cat
unit-tests	UNKNOWN STEP	2026-02-15T21:02:36.2774332Z + for f in $(find dev/ci/presubmits -type f | sort)
unit-tests	UNKNOWN STEP	2026-02-15T21:02:36.2777997Z ++ basename dev/ci/presubmits/tests-e2e-fixtures-firebase
unit-tests	UNKNOWN STEP	2026-02-15T21:02:36.2788848Z + name=tests-e2e-fixtures-firebase
unit-tests	UNKNOWN STEP	2026-02-15T21:02:36.2789109Z + cat
unit-tests	UNKNOWN STEP	2026-02-15T21:02:36.2801566Z + [[ tests-e2e-fixtures-firebase == tests-e2e-* ]]
unit-tests	UNKNOWN STEP	2026-02-15T21:02:36.2802104Z + cat
unit-tests	UNKNOWN STEP	2026-02-15T21:02:36.2814446Z + cat
unit-tests	UNKNOWN STEP	2026-02-15T21:02:36.2826604Z + [[ tests-e2e-fixtures-firebase == \u\n\i\t\-\t\e\s\t\s ]]
unit-tests	UNKNOWN STEP	2026-02-15T21:02:36.2826965Z + cat
unit-tests	UNKNOWN STEP	2026-02-15T21:02:36.2839341Z + [[ tests-e2e-fixtures-firebase == \t\e\s\t\-\m\o\c\k\g\c\p ]]
unit-tests	UNKNOWN STEP	2026-02-15T21:02:36.2840253Z + [[ tests-e2e-fixtures-firebase == \u\n\i\t\-\t\e\s\t\s ]]
unit-tests	UNKNOWN STEP	2026-02-15T21:02:36.2840981Z + cat
unit-tests	UNKNOWN STEP	2026-02-15T21:02:36.2853081Z + for f in $(find dev/ci/presubmits -type f | sort)
unit-tests	UNKNOWN STEP	2026-02-15T21:02:36.2856763Z ++ basename dev/ci/presubmits/tests-e2e-fixtures-firebasedatabase
unit-tests	UNKNOWN STEP	2026-02-15T21:02:36.2867475Z + name=tests-e2e-fixtures-firebasedatabase
unit-tests	UNKNOWN STEP	2026-02-15T21:02:36.2867961Z + cat
unit-tests	UNKNOWN STEP	2026-02-15T21:02:36.2880023Z + [[ tests-e2e-fixtures-firebasedatabase == tests-e2e-* ]]
unit-tests	UNKNOWN STEP	2026-02-15T21:02:36.2880620Z + cat
unit-tests	UNKNOWN STEP	2026-02-15T21:02:36.2892197Z + cat
unit-tests	UNKNOWN STEP	2026-02-15T21:02:36.2904458Z + [[ tests-e2e-fixtures-firebasedatabase == \u\n\i\t\-\t\e\s\t\s ]]
unit-tests	UNKNOWN STEP	2026-02-15T21:02:36.2905182Z + cat
unit-tests	UNKNOWN STEP	2026-02-15T21:02:36.2916720Z + [[ tests-e2e-fixtures-firebasedatabase == \t\e\s\t\-\m\o\c\k\g\c\p ]]
unit-tests	UNKNOWN STEP	2026-02-15T21:02:36.2917847Z + [[ tests-e2e-fixtures-firebasedatabase == \u\n\i\t\-\t\e\s\t\s ]]
unit-tests	UNKNOWN STEP	2026-02-15T21:02:36.2918314Z + cat
unit-tests	UNKNOWN STEP	2026-02-15T21:02:36.2928759Z + for f in $(find dev/ci/presubmits -type f | sort)
unit-tests	UNKNOWN STEP	2026-02-15T21:02:36.2932280Z ++ basename dev/ci/presubmits/tests-e2e-fixtures-firebasehosting
unit-tests	UNKNOWN STEP	2026-02-15T21:02:36.2942406Z + name=tests-e2e-fixtures-firebasehosting
unit-tests	UNKNOWN STEP	2026-02-15T21:02:36.2942756Z + cat
unit-tests	UNKNOWN STEP	2026-02-15T21:02:36.2955061Z + [[ tests-e2e-fixtures-firebasehosting == tests-e2e-* ]]
unit-tests	UNKNOWN STEP	2026-02-15T21:02:36.2955505Z + cat
unit-tests	UNKNOWN STEP	2026-02-15T21:02:36.2967533Z + cat
unit-tests	UNKNOWN STEP	2026-02-15T21:02:36.2979688Z + [[ tests-e2e-fixtures-firebasehosting == \u\n\i\t\-\t\e\s\t\s ]]
unit-tests	UNKNOWN STEP	2026-02-15T21:02:36.2980181Z + cat
unit-tests	UNKNOWN STEP	2026-02-15T21:02:36.2992148Z + [[ tests-e2e-fixtures-firebasehosting == \t\e\s\t\-\m\o\c\k\g\c\p ]]
unit-tests	UNKNOWN STEP	2026-02-15T21:02:36.2992920Z + [[ tests-e2e-fixtures-firebasehosting == \u\n\i\t\-\t\e\s\t\s ]]
unit-tests	UNKNOWN STEP	2026-02-15T21:02:36.2993712Z + cat
unit-tests	UNKNOWN STEP	2026-02-15T21:02:36.3004750Z + for f in $(find dev/ci/presubmits -type f | sort)
unit-tests	UNKNOWN STEP	2026-02-15T21:02:36.3008262Z ++ basename dev/ci/presubmits/tests-e2e-fixtures-firebasestorage
unit-tests	UNKNOWN STEP	2026-02-15T21:02:36.3019056Z + name=tests-e2e-fixtures-firebasestorage
unit-tests	UNKNOWN STEP	2026-02-15T21:02:36.3019362Z + cat
unit-tests	UNKNOWN STEP	2026-02-15T21:02:36.3031421Z + [[ tests-e2e-fixtures-firebasestorage == tests-e2e-* ]]
unit-tests	UNKNOWN STEP	2026-02-15T21:02:36.3031940Z + cat
unit-tests	UNKNOWN STEP	2026-02-15T21:02:36.3043489Z + cat
unit-tests	UNKNOWN STEP	2026-02-15T21:02:36.3055702Z + [[ tests-e2e-fixtures-firebasestorage == \u\n\i\t\-\t\e\s\t\s ]]
unit-tests	UNKNOWN STEP	2026-02-15T21:02:36.3056243Z + cat
unit-tests	UNKNOWN STEP	2026-02-15T21:02:36.3068346Z + [[ tests-e2e-fixtures-firebasestorage == \t\e\s\t\-\m\o\c\k\g\c\p ]]
unit-tests	UNKNOWN STEP	2026-02-15T21:02:36.3069166Z + [[ tests-e2e-fixtures-firebasestorage == \u\n\i\t\-\t\e\s\t\s ]]
unit-tests	UNKNOWN STEP	2026-02-15T21:02:36.3069933Z + cat
unit-tests	UNKNOWN STEP	2026-02-15T21:02:36.3080778Z + for f in $(find dev/ci/presubmits -type f | sort)
unit-tests	UNKNOWN STEP	2026-02-15T21:02:36.3084427Z ++ basename dev/ci/presubmits/tests-e2e-fixtures-firestore
unit-tests	UNKNOWN STEP	2026-02-15T21:02:36.3095182Z + name=tests-e2e-fixtures-firestore
unit-tests	UNKNOWN STEP	2026-02-15T21:02:36.3095454Z + cat
unit-tests	UNKNOWN STEP	2026-02-15T21:02:36.3107650Z + [[ tests-e2e-fixtures-firestore == tests-e2e-* ]]
unit-tests	UNKNOWN STEP	2026-02-15T21:02:36.3108590Z + cat
unit-tests	UNKNOWN STEP	2026-02-15T21:02:36.3119585Z + cat
unit-tests	UNKNOWN STEP	2026-02-15T21:02:36.3133400Z + [[ tests-e2e-fixtures-firestore == \u\n\i\t\-\t\e\s\t\s ]]
unit-tests	UNKNOWN STEP	2026-02-15T21:02:36.3133932Z + cat
unit-tests	UNKNOWN STEP	2026-02-15T21:02:36.3143884Z + [[ tests-e2e-fixtures-firestore == \t\e\s\t\-\m\o\c\k\g\c\p ]]
unit-tests	UNKNOWN STEP	2026-02-15T21:02:36.3144340Z + [[ tests-e2e-fixtures-firestore == \u\n\i\t\-\t\e\s\t\s ]]
unit-tests	UNKNOWN STEP	2026-02-15T21:02:36.3144995Z + cat
unit-tests	UNKNOWN STEP	2026-02-15T21:02:36.3156226Z + for f in $(find dev/ci/presubmits -type f | sort)
unit-tests	UNKNOWN STEP	2026-02-15T21:02:36.3159696Z ++ basename dev/ci/presubmits/tests-e2e-fixtures-gkebackup
unit-tests	UNKNOWN STEP	2026-02-15T21:02:36.3170038Z + name=tests-e2e-fixtures-gkebackup
unit-tests	UNKNOWN STEP	2026-02-15T21:02:36.3170316Z + cat
unit-tests	UNKNOWN STEP	2026-02-15T21:02:36.3182462Z + [[ tests-e2e-fixtures-gkebackup == tests-e2e-* ]]
unit-tests	UNKNOWN STEP	2026-02-15T21:02:36.3182792Z + cat
unit-tests	UNKNOWN STEP	2026-02-15T21:02:36.3194385Z + cat
unit-tests	UNKNOWN STEP	2026-02-15T21:02:36.3206259Z + [[ tests-e2e-fixtures-gkebackup == \u\n\i\t\-\t\e\s\t\s ]]
unit-tests	UNKNOWN STEP	2026-02-15T21:02:36.3206687Z + cat
unit-tests	UNKNOWN STEP	2026-02-15T21:02:36.3218380Z + [[ tests-e2e-fixtures-gkebackup == \t\e\s\t\-\m\o\c\k\g\c\p ]]
unit-tests	UNKNOWN STEP	2026-02-15T21:02:36.3218980Z + [[ tests-e2e-fixtures-gkebackup == \u\n\i\t\-\t\e\s\t\s ]]
unit-tests	UNKNOWN STEP	2026-02-15T21:02:36.3219711Z + cat
unit-tests	UNKNOWN STEP	2026-02-15T21:02:36.3231732Z + for f in $(find dev/ci/presubmits -type f | sort)
unit-tests	UNKNOWN STEP	2026-02-15T21:02:36.3235364Z ++ basename dev/ci/presubmits/tests-e2e-fixtures-gkehub
unit-tests	UNKNOWN STEP	2026-02-15T21:02:36.3246490Z + name=tests-e2e-fixtures-gkehub
unit-tests	UNKNOWN STEP	2026-02-15T21:02:36.3246749Z + cat
unit-tests	UNKNOWN STEP	2026-02-15T21:02:36.3258585Z + [[ tests-e2e-fixtures-gkehub == tests-e2e-* ]]
unit-tests	UNKNOWN STEP	2026-02-15T21:02:36.3258934Z + cat
unit-tests	UNKNOWN STEP	2026-02-15T21:02:36.3270543Z + cat
unit-tests	UNKNOWN STEP	2026-02-15T21:02:36.3282706Z + [[ tests-e2e-fixtures-gkehub == \u\n\i\t\-\t\e\s\t\s ]]
unit-tests	UNKNOWN STEP	2026-02-15T21:02:36.3283048Z + cat
unit-tests	UNKNOWN STEP	2026-02-15T21:02:36.3294845Z + [[ tests-e2e-fixtures-gkehub == \t\e\s\t\-\m\o\c\k\g\c\p ]]
unit-tests	UNKNOWN STEP	2026-02-15T21:02:36.3295379Z + [[ tests-e2e-fixtures-gkehub == \u\n\i\t\-\t\e\s\t\s ]]
unit-tests	UNKNOWN STEP	2026-02-15T21:02:36.3296097Z + cat
unit-tests	UNKNOWN STEP	2026-02-15T21:02:36.3307367Z + for f in $(find dev/ci/presubmits -type f | sort)
unit-tests	UNKNOWN STEP	2026-02-15T21:02:36.3310866Z ++ basename dev/ci/presubmits/tests-e2e-fixtures-healthcare
unit-tests	UNKNOWN STEP	2026-02-15T21:02:36.3321476Z + name=tests-e2e-fixtures-healthcare
unit-tests	UNKNOWN STEP	2026-02-15T21:02:36.3322357Z + cat
unit-tests	UNKNOWN STEP	2026-02-15T21:02:36.3335093Z + [[ tests-e2e-fixtures-healthcare == tests-e2e-* ]]
unit-tests	UNKNOWN STEP	2026-02-15T21:02:36.3335697Z + cat
unit-tests	UNKNOWN STEP	2026-02-15T21:02:36.3346963Z + cat
unit-tests	UNKNOWN STEP	2026-02-15T21:02:36.3358958Z + [[ tests-e2e-fixtures-healthcare == \u\n\i\t\-\t\e\s\t\s ]]
unit-tests	UNKNOWN STEP	2026-02-15T21:02:36.3359593Z + cat
unit-tests	UNKNOWN STEP	2026-02-15T21:02:36.3371540Z + [[ tests-e2e-fixtures-healthcare == \t\e\s\t\-\m\o\c\k\g\c\p ]]
unit-tests	UNKNOWN STEP	2026-02-15T21:02:36.3372459Z + [[ tests-e2e-fixtures-healthcare == \u\n\i\t\-\t\e\s\t\s ]]
unit-tests	UNKNOWN STEP	2026-02-15T21:02:36.3373161Z + cat
unit-tests	UNKNOWN STEP	2026-02-15T21:02:36.3384913Z + for f in $(find dev/ci/presubmits -type f | sort)
unit-tests	UNKNOWN STEP	2026-02-15T21:02:36.3388071Z ++ basename dev/ci/presubmits/tests-e2e-fixtures-iam
unit-tests	UNKNOWN STEP	2026-02-15T21:02:36.3398390Z + name=tests-e2e-fixtures-iam
unit-tests	UNKNOWN STEP	2026-02-15T21:02:36.3398889Z + cat
unit-tests	UNKNOWN STEP	2026-02-15T21:02:36.3410393Z + [[ tests-e2e-fixtures-iam == tests-e2e-* ]]
unit-tests	UNKNOWN STEP	2026-02-15T21:02:36.3411029Z + cat
unit-tests	UNKNOWN STEP	2026-02-15T21:02:36.3422817Z + cat
unit-tests	UNKNOWN STEP	2026-02-15T21:02:36.3434788Z + [[ tests-e2e-fixtures-iam == \u\n\i\t\-\t\e\s\t\s ]]
unit-tests	UNKNOWN STEP	2026-02-15T21:02:36.3435454Z + cat
unit-tests	UNKNOWN STEP	2026-02-15T21:02:36.3446688Z + [[ tests-e2e-fixtures-iam == \t\e\s\t\-\m\o\c\k\g\c\p ]]
unit-tests	UNKNOWN STEP	2026-02-15T21:02:36.3447572Z + [[ tests-e2e-fixtures-iam == \u\n\i\t\-\t\e\s\t\s ]]
unit-tests	UNKNOWN STEP	2026-02-15T21:02:36.3448361Z + cat
unit-tests	UNKNOWN STEP	2026-02-15T21:02:36.3458859Z + for f in $(find dev/ci/presubmits -type f | sort)
unit-tests	UNKNOWN STEP	2026-02-15T21:02:36.3462361Z ++ basename dev/ci/presubmits/tests-e2e-fixtures-iap
unit-tests	UNKNOWN STEP	2026-02-15T21:02:36.3472165Z + name=tests-e2e-fixtures-iap
unit-tests	UNKNOWN STEP	2026-02-15T21:02:36.3472669Z + cat
unit-tests	UNKNOWN STEP	2026-02-15T21:02:36.3484479Z + [[ tests-e2e-fixtures-iap == tests-e2e-* ]]
unit-tests	UNKNOWN STEP	2026-02-15T21:02:36.3485096Z + cat
unit-tests	UNKNOWN STEP	2026-02-15T21:02:36.3496230Z + cat
unit-tests	UNKNOWN STEP	2026-02-15T21:02:36.3508294Z + [[ tests-e2e-fixtures-iap == \u\n\i\t\-\t\e\s\t\s ]]
unit-tests	UNKNOWN STEP	2026-02-15T21:02:36.3508934Z + cat
unit-tests	UNKNOWN STEP	2026-02-15T21:02:36.3520955Z + [[ tests-e2e-fixtures-iap == \t\e\s\t\-\m\o\c\k\g\c\p ]]
unit-tests	UNKNOWN STEP	2026-02-15T21:02:36.3521994Z + [[ tests-e2e-fixtures-iap == \u\n\i\t\-\t\e\s\t\s ]]
unit-tests	UNKNOWN STEP	2026-02-15T21:02:36.3523061Z + cat
unit-tests	UNKNOWN STEP	2026-02-15T21:02:36.3534122Z + for f in $(find dev/ci/presubmits -type f | sort)
unit-tests	UNKNOWN STEP	2026-02-15T21:02:36.3537602Z ++ basename dev/ci/presubmits/tests-e2e-fixtures-identityplatform
unit-tests	UNKNOWN STEP	2026-02-15T21:02:36.3547342Z + name=tests-e2e-fixtures-identityplatform
unit-tests	UNKNOWN STEP	2026-02-15T21:02:36.3547842Z + cat
unit-tests	UNKNOWN STEP	2026-02-15T21:02:36.3559472Z + [[ tests-e2e-fixtures-identityplatform == tests-e2e-* ]]
unit-tests	UNKNOWN STEP	2026-02-15T21:02:36.3560132Z + cat
unit-tests	UNKNOWN STEP	2026-02-15T21:02:36.3570998Z + cat
unit-tests	UNKNOWN STEP	2026-02-15T21:02:36.3583390Z + [[ tests-e2e-fixtures-identityplatform == \u\n\i\t\-\t\e\s\t\s ]]
unit-tests	UNKNOWN STEP	2026-02-15T21:02:36.3584200Z + cat
unit-tests	UNKNOWN STEP	2026-02-15T21:02:36.3595419Z + [[ tests-e2e-fixtures-identityplatform == \t\e\s\t\-\m\o\c\k\g\c\p ]]
unit-tests	UNKNOWN STEP	2026-02-15T21:02:36.3596454Z + [[ tests-e2e-fixtures-identityplatform == \u\n\i\t\-\t\e\s\t\s ]]
unit-tests	UNKNOWN STEP	2026-02-15T21:02:36.3597194Z + cat
unit-tests	UNKNOWN STEP	2026-02-15T21:02:36.3607284Z + for f in $(find dev/ci/presubmits -type f | sort)
unit-tests	UNKNOWN STEP	2026-02-15T21:02:36.3610512Z ++ basename dev/ci/presubmits/tests-e2e-fixtures-kms
unit-tests	UNKNOWN STEP	2026-02-15T21:02:36.3620692Z + name=tests-e2e-fixtures-kms
unit-tests	UNKNOWN STEP	2026-02-15T21:02:36.3621400Z + cat
unit-tests	UNKNOWN STEP	2026-02-15T21:02:36.3633612Z + [[ tests-e2e-fixtures-kms == tests-e2e-* ]]
unit-tests	UNKNOWN STEP	2026-02-15T21:02:36.3634206Z + cat
unit-tests	UNKNOWN STEP	2026-02-15T21:02:36.3645321Z + cat
unit-tests	UNKNOWN STEP	2026-02-15T21:02:36.3657411Z + [[ tests-e2e-fixtures-kms == \u\n\i\t\-\t\e\s\t\s ]]
unit-tests	UNKNOWN STEP	2026-02-15T21:02:36.3658056Z + cat
unit-tests	UNKNOWN STEP	2026-02-15T21:02:36.3669370Z + [[ tests-e2e-fixtures-kms == \t\e\s\t\-\m\o\c\k\g\c\p ]]
unit-tests	UNKNOWN STEP	2026-02-15T21:02:36.3670199Z + [[ tests-e2e-fixtures-kms == \u\n\i\t\-\t\e\s\t\s ]]
unit-tests	UNKNOWN STEP	2026-02-15T21:02:36.3670942Z + cat
unit-tests	UNKNOWN STEP	2026-02-15T21:02:36.3682065Z + for f in $(find dev/ci/presubmits -type f | sort)
unit-tests	UNKNOWN STEP	2026-02-15T21:02:36.3685293Z ++ basename dev/ci/presubmits/tests-e2e-fixtures-logging
unit-tests	UNKNOWN STEP	2026-02-15T21:02:36.3698439Z + name=tests-e2e-fixtures-logging
unit-tests	UNKNOWN STEP	2026-02-15T21:02:36.3698839Z + cat
unit-tests	UNKNOWN STEP	2026-02-15T21:02:36.3707562Z + [[ tests-e2e-fixtures-logging == tests-e2e-* ]]
unit-tests	UNKNOWN STEP	2026-02-15T21:02:36.3708117Z + cat
unit-tests	UNKNOWN STEP	2026-02-15T21:02:36.3719750Z + cat
unit-tests	UNKNOWN STEP	2026-02-15T21:02:36.3732245Z + [[ tests-e2e-fixtures-logging == \u\n\i\t\-\t\e\s\t\s ]]
unit-tests	UNKNOWN STEP	2026-02-15T21:02:36.3732818Z + cat
unit-tests	UNKNOWN STEP	2026-02-15T21:02:36.3744592Z + [[ tests-e2e-fixtures-logging == \t\e\s\t\-\m\o\c\k\g\c\p ]]
unit-tests	UNKNOWN STEP	2026-02-15T21:02:36.3745383Z + [[ tests-e2e-fixtures-logging == \u\n\i\t\-\t\e\s\t\s ]]
unit-tests	UNKNOWN STEP	2026-02-15T21:02:36.3745889Z + cat
unit-tests	UNKNOWN STEP	2026-02-15T21:02:36.3756741Z + for f in $(find dev/ci/presubmits -type f | sort)
unit-tests	UNKNOWN STEP	2026-02-15T21:02:36.3760152Z ++ basename dev/ci/presubmits/tests-e2e-fixtures-managedkafka
unit-tests	UNKNOWN STEP	2026-02-15T21:02:36.3770575Z + name=tests-e2e-fixtures-managedkafka
unit-tests	UNKNOWN STEP	2026-02-15T21:02:36.3771668Z + cat
unit-tests	UNKNOWN STEP	2026-02-15T21:02:36.3783132Z + [[ tests-e2e-fixtures-managedkafka == tests-e2e-* ]]
unit-tests	UNKNOWN STEP	2026-02-15T21:02:36.3783724Z + cat
unit-tests	UNKNOWN STEP	2026-02-15T21:02:36.3795166Z + cat
unit-tests	UNKNOWN STEP	2026-02-15T21:02:36.3807314Z + [[ tests-e2e-fixtures-managedkafka == \u\n\i\t\-\t\e\s\t\s ]]
unit-tests	UNKNOWN STEP	2026-02-15T21:02:36.3808005Z + cat
unit-tests	UNKNOWN STEP	2026-02-15T21:02:36.3819232Z + [[ tests-e2e-fixtures-managedkafka == \t\e\s\t\-\m\o\c\k\g\c\p ]]
unit-tests	UNKNOWN STEP	2026-02-15T21:02:36.3820198Z + [[ tests-e2e-fixtures-managedkafka == \u\n\i\t\-\t\e\s\t\s ]]
unit-tests	UNKNOWN STEP	2026-02-15T21:02:36.3820947Z + cat
unit-tests	UNKNOWN STEP	2026-02-15T21:02:36.3831368Z + for f in $(find dev/ci/presubmits -type f | sort)
unit-tests	UNKNOWN STEP	2026-02-15T21:02:36.3834973Z ++ basename dev/ci/presubmits/tests-e2e-fixtures-memcache
unit-tests	UNKNOWN STEP	2026-02-15T21:02:36.3844870Z + name=tests-e2e-fixtures-memcache
unit-tests	UNKNOWN STEP	2026-02-15T21:02:36.3845281Z + cat
unit-tests	UNKNOWN STEP	2026-02-15T21:02:36.3857029Z + [[ tests-e2e-fixtures-memcache == tests-e2e-* ]]
unit-tests	UNKNOWN STEP	2026-02-15T21:02:36.3857592Z + cat
unit-tests	UNKNOWN STEP	2026-02-15T21:02:36.3869504Z + cat
unit-tests	UNKNOWN STEP	2026-02-15T21:02:36.3881624Z + [[ tests-e2e-fixtures-memcache == \u\n\i\t\-\t\e\s\t\s ]]
unit-tests	UNKNOWN STEP	2026-02-15T21:02:36.3882816Z + cat
unit-tests	UNKNOWN STEP	2026-02-15T21:02:36.3894499Z + [[ tests-e2e-fixtures-memcache == \t\e\s\t\-\m\o\c\k\g\c\p ]]
unit-tests	UNKNOWN STEP	2026-02-15T21:02:36.3895250Z + [[ tests-e2e-fixtures-memcache == \u\n\i\t\-\t\e\s\t\s ]]
unit-tests	UNKNOWN STEP	2026-02-15T21:02:36.3896004Z + cat
unit-tests	UNKNOWN STEP	2026-02-15T21:02:36.3906842Z + for f in $(find dev/ci/presubmits -type f | sort)
unit-tests	UNKNOWN STEP	2026-02-15T21:02:36.3910345Z ++ basename dev/ci/presubmits/tests-e2e-fixtures-memorystore
unit-tests	UNKNOWN STEP	2026-02-15T21:02:36.3920891Z + name=tests-e2e-fixtures-memorystore
unit-tests	UNKNOWN STEP	2026-02-15T21:02:36.3921484Z + cat
unit-tests	UNKNOWN STEP	2026-02-15T21:02:36.3934010Z + [[ tests-e2e-fixtures-memorystore == tests-e2e-* ]]
unit-tests	UNKNOWN STEP	2026-02-15T21:02:36.3934722Z + cat
unit-tests	UNKNOWN STEP	2026-02-15T21:02:36.3946118Z + cat
unit-tests	UNKNOWN STEP	2026-02-15T21:02:36.3958150Z + [[ tests-e2e-fixtures-memorystore == \u\n\i\t\-\t\e\s\t\s ]]
unit-tests	UNKNOWN STEP	2026-02-15T21:02:36.3958727Z + cat
unit-tests	UNKNOWN STEP	2026-02-15T21:02:36.3970219Z + [[ tests-e2e-fixtures-memorystore == \t\e\s\t\-\m\o\c\k\g\c\p ]]
unit-tests	UNKNOWN STEP	2026-02-15T21:02:36.3971416Z + [[ tests-e2e-fixtures-memorystore == \u\n\i\t\-\t\e\s\t\s ]]
unit-tests	UNKNOWN STEP	2026-02-15T21:02:36.3972103Z + cat
unit-tests	UNKNOWN STEP	2026-02-15T21:02:36.3983749Z + for f in $(find dev/ci/presubmits -type f | sort)
unit-tests	UNKNOWN STEP	2026-02-15T21:02:36.3987199Z ++ basename dev/ci/presubmits/tests-e2e-fixtures-metastore
unit-tests	UNKNOWN STEP	2026-02-15T21:02:36.3997690Z + name=tests-e2e-fixtures-metastore
unit-tests	UNKNOWN STEP	2026-02-15T21:02:36.3998106Z + cat
unit-tests	UNKNOWN STEP	2026-02-15T21:02:36.4010396Z + [[ tests-e2e-fixtures-metastore == tests-e2e-* ]]
unit-tests	UNKNOWN STEP	2026-02-15T21:02:36.4010803Z + cat
unit-tests	UNKNOWN STEP	2026-02-15T21:02:36.4022587Z + cat
unit-tests	UNKNOWN STEP	2026-02-15T21:02:36.4034842Z + [[ tests-e2e-fixtures-metastore == \u\n\i\t\-\t\e\s\t\s ]]
unit-tests	UNKNOWN STEP	2026-02-15T21:02:36.4035401Z + cat
unit-tests	UNKNOWN STEP	2026-02-15T21:02:36.4047460Z + [[ tests-e2e-fixtures-metastore == \t\e\s\t\-\m\o\c\k\g\c\p ]]
unit-tests	UNKNOWN STEP	2026-02-15T21:02:36.4048186Z + [[ tests-e2e-fixtures-metastore == \u\n\i\t\-\t\e\s\t\s ]]
unit-tests	UNKNOWN STEP	2026-02-15T21:02:36.4048932Z + cat
unit-tests	UNKNOWN STEP	2026-02-15T21:02:36.4059619Z + for f in $(find dev/ci/presubmits -type f | sort)
unit-tests	UNKNOWN STEP	2026-02-15T21:02:36.4063272Z ++ basename dev/ci/presubmits/tests-e2e-fixtures-mlengine
unit-tests	UNKNOWN STEP	2026-02-15T21:02:36.4073605Z + name=tests-e2e-fixtures-mlengine
unit-tests	UNKNOWN STEP	2026-02-15T21:02:36.4074061Z + cat
unit-tests	UNKNOWN STEP	2026-02-15T21:02:36.4086380Z + [[ tests-e2e-fixtures-mlengine == tests-e2e-* ]]
unit-tests	UNKNOWN STEP	2026-02-15T21:02:36.4086774Z + cat
unit-tests	UNKNOWN STEP	2026-02-15T21:02:36.4098365Z + cat
unit-tests	UNKNOWN STEP	2026-02-15T21:02:36.4110440Z + [[ tests-e2e-fixtures-mlengine == \u\n\i\t\-\t\e\s\t\s ]]
unit-tests	UNKNOWN STEP	2026-02-15T21:02:36.4111034Z + cat
unit-tests	UNKNOWN STEP	2026-02-15T21:02:36.4123520Z + [[ tests-e2e-fixtures-mlengine == \t\e\s\t\-\m\o\c\k\g\c\p ]]
unit-tests	UNKNOWN STEP	2026-02-15T21:02:36.4124424Z + [[ tests-e2e-fixtures-mlengine == \u\n\i\t\-\t\e\s\t\s ]]
unit-tests	UNKNOWN STEP	2026-02-15T21:02:36.4125067Z + cat
unit-tests	UNKNOWN STEP	2026-02-15T21:02:36.4136536Z + for f in $(find dev/ci/presubmits -type f | sort)
unit-tests	UNKNOWN STEP	2026-02-15T21:02:36.4140198Z ++ basename dev/ci/presubmits/tests-e2e-fixtures-monitoring
unit-tests	UNKNOWN STEP	2026-02-15T21:02:36.4150429Z + name=tests-e2e-fixtures-monitoring
unit-tests	UNKNOWN STEP	2026-02-15T21:02:36.4150798Z + cat
unit-tests	UNKNOWN STEP	2026-02-15T21:02:36.4163479Z + [[ tests-e2e-fixtures-monitoring == tests-e2e-* ]]
unit-tests	UNKNOWN STEP	2026-02-15T21:02:36.4163897Z + cat
unit-tests	UNKNOWN STEP	2026-02-15T21:02:36.4175535Z + cat
unit-tests	UNKNOWN STEP	2026-02-15T21:02:36.4187623Z + [[ tests-e2e-fixtures-monitoring == \u\n\i\t\-\t\e\s\t\s ]]
unit-tests	UNKNOWN STEP	2026-02-15T21:02:36.4188041Z + cat
unit-tests	UNKNOWN STEP	2026-02-15T21:02:36.4199653Z + [[ tests-e2e-fixtures-monitoring == \t\e\s\t\-\m\o\c\k\g\c\p ]]
unit-tests	UNKNOWN STEP	2026-02-15T21:02:36.4200591Z + [[ tests-e2e-fixtures-monitoring == \u\n\i\t\-\t\e\s\t\s ]]
unit-tests	UNKNOWN STEP	2026-02-15T21:02:36.4201527Z + cat
unit-tests	UNKNOWN STEP	2026-02-15T21:02:36.4212790Z + for f in $(find dev/ci/presubmits -type f | sort)
unit-tests	UNKNOWN STEP	2026-02-15T21:02:36.4216021Z ++ basename dev/ci/presubmits/tests-e2e-fixtures-netapp
unit-tests	UNKNOWN STEP	2026-02-15T21:02:36.4225955Z + name=tests-e2e-fixtures-netapp
unit-tests	UNKNOWN STEP	2026-02-15T21:02:36.4226404Z + cat
unit-tests	UNKNOWN STEP	2026-02-15T21:02:36.4238811Z + [[ tests-e2e-fixtures-netapp == tests-e2e-* ]]
unit-tests	UNKNOWN STEP	2026-02-15T21:02:36.4239423Z + cat
unit-tests	UNKNOWN STEP	2026-02-15T21:02:36.4251641Z + cat
unit-tests	UNKNOWN STEP	2026-02-15T21:02:36.4263704Z + [[ tests-e2e-fixtures-netapp == \u\n\i\t\-\t\e\s\t\s ]]
unit-tests	UNKNOWN STEP	2026-02-15T21:02:36.4264349Z + cat
unit-tests	UNKNOWN STEP	2026-02-15T21:02:36.4276304Z + [[ tests-e2e-fixtures-netapp == \t\e\s\t\-\m\o\c\k\g\c\p ]]
unit-tests	UNKNOWN STEP	2026-02-15T21:02:36.4277083Z + [[ tests-e2e-fixtures-netapp == \u\n\i\t\-\t\e\s\t\s ]]
unit-tests	UNKNOWN STEP	2026-02-15T21:02:36.4277615Z + cat
unit-tests	UNKNOWN STEP	2026-02-15T21:02:36.4289369Z + for f in $(find dev/ci/presubmits -type f | sort)
unit-tests	UNKNOWN STEP	2026-02-15T21:02:36.4293095Z ++ basename dev/ci/presubmits/tests-e2e-fixtures-networkconnectivity
unit-tests	UNKNOWN STEP	2026-02-15T21:02:36.4302966Z + name=tests-e2e-fixtures-networkconnectivity
unit-tests	UNKNOWN STEP	2026-02-15T21:02:36.4315093Z + cat
unit-tests	UNKNOWN STEP	2026-02-15T21:02:36.4315557Z + [[ tests-e2e-fixtures-networkconnectivity == tests-e2e-* ]]
unit-tests	UNKNOWN STEP	2026-02-15T21:02:36.4316256Z + cat
unit-tests	UNKNOWN STEP	2026-02-15T21:02:36.4327164Z + cat
unit-tests	UNKNOWN STEP	2026-02-15T21:02:36.4339448Z + [[ tests-e2e-fixtures-networkconnectivity == \u\n\i\t\-\t\e\s\t\s ]]
unit-tests	UNKNOWN STEP	2026-02-15T21:02:36.4340072Z + cat
unit-tests	UNKNOWN STEP	2026-02-15T21:02:36.4352451Z + [[ tests-e2e-fixtures-networkconnectivity == \t\e\s\t\-\m\o\c\k\g\c\p ]]
unit-tests	UNKNOWN STEP	2026-02-15T21:02:36.4353624Z + [[ tests-e2e-fixtures-networkconnectivity == \u\n\i\t\-\t\e\s\t\s ]]
unit-tests	UNKNOWN STEP	2026-02-15T21:02:36.4354052Z + cat
unit-tests	UNKNOWN STEP	2026-02-15T21:02:36.4365280Z + for f in $(find dev/ci/presubmits -type f | sort)
unit-tests	UNKNOWN STEP	2026-02-15T21:02:36.4368867Z ++ basename dev/ci/presubmits/tests-e2e-fixtures-networkmanagement
unit-tests	UNKNOWN STEP	2026-02-15T21:02:36.4378717Z + name=tests-e2e-fixtures-networkmanagement
unit-tests	UNKNOWN STEP	2026-02-15T21:02:36.4379054Z + cat
unit-tests	UNKNOWN STEP	2026-02-15T21:02:36.4392039Z + [[ tests-e2e-fixtures-networkmanagement == tests-e2e-* ]]
unit-tests	UNKNOWN STEP	2026-02-15T21:02:36.4392498Z + cat
unit-tests	UNKNOWN STEP	2026-02-15T21:02:36.4404039Z + cat
unit-tests	UNKNOWN STEP	2026-02-15T21:02:36.4416248Z + [[ tests-e2e-fixtures-networkmanagement == \u\n\i\t\-\t\e\s\t\s ]]
unit-tests	UNKNOWN STEP	2026-02-15T21:02:36.4416884Z + cat
unit-tests	UNKNOWN STEP	2026-02-15T21:02:36.4428374Z + [[ tests-e2e-fixtures-networkmanagement == \t\e\s\t\-\m\o\c\k\g\c\p ]]
unit-tests	UNKNOWN STEP	2026-02-15T21:02:36.4429199Z + [[ tests-e2e-fixtures-networkmanagement == \u\n\i\t\-\t\e\s\t\s ]]
unit-tests	UNKNOWN STEP	2026-02-15T21:02:36.4430009Z + cat
unit-tests	UNKNOWN STEP	2026-02-15T21:02:36.4440548Z + for f in $(find dev/ci/presubmits -type f | sort)
unit-tests	UNKNOWN STEP	2026-02-15T21:02:36.4444337Z ++ basename dev/ci/presubmits/tests-e2e-fixtures-networksecurity
unit-tests	UNKNOWN STEP	2026-02-15T21:02:36.4454204Z + name=tests-e2e-fixtures-networksecurity
unit-tests	UNKNOWN STEP	2026-02-15T21:02:36.4454614Z + cat
unit-tests	UNKNOWN STEP	2026-02-15T21:02:36.4466362Z + [[ tests-e2e-fixtures-networksecurity == tests-e2e-* ]]
unit-tests	UNKNOWN STEP	2026-02-15T21:02:36.4466766Z + cat
unit-tests	UNKNOWN STEP	2026-02-15T21:02:36.4478181Z + cat
unit-tests	UNKNOWN STEP	2026-02-15T21:02:36.4490114Z + [[ tests-e2e-fixtures-networksecurity == \u\n\i\t\-\t\e\s\t\s ]]
unit-tests	UNKNOWN STEP	2026-02-15T21:02:36.4490636Z + cat
unit-tests	UNKNOWN STEP	2026-02-15T21:02:36.4503491Z + [[ tests-e2e-fixtures-networksecurity == \t\e\s\t\-\m\o\c\k\g\c\p ]]
unit-tests	UNKNOWN STEP	2026-02-15T21:02:36.4504517Z + [[ tests-e2e-fixtures-networksecurity == \u\n\i\t\-\t\e\s\t\s ]]
unit-tests	UNKNOWN STEP	2026-02-15T21:02:36.4505135Z + cat
unit-tests	UNKNOWN STEP	2026-02-15T21:02:36.4516346Z + for f in $(find dev/ci/presubmits -type f | sort)
unit-tests	UNKNOWN STEP	2026-02-15T21:02:36.4519962Z ++ basename dev/ci/presubmits/tests-e2e-fixtures-networkservices
unit-tests	UNKNOWN STEP	2026-02-15T21:02:36.4529748Z + name=tests-e2e-fixtures-networkservices
unit-tests	UNKNOWN STEP	2026-02-15T21:02:36.4530251Z + cat
unit-tests	UNKNOWN STEP	2026-02-15T21:02:36.4542475Z + [[ tests-e2e-fixtures-networkservices == tests-e2e-* ]]
unit-tests	UNKNOWN STEP	2026-02-15T21:02:36.4543212Z + cat
unit-tests	UNKNOWN STEP	2026-02-15T21:02:36.4554744Z + cat
unit-tests	UNKNOWN STEP	2026-02-15T21:02:36.4567139Z + [[ tests-e2e-fixtures-networkservices == \u\n\i\t\-\t\e\s\t\s ]]
unit-tests	UNKNOWN STEP	2026-02-15T21:02:36.4567987Z + cat
unit-tests	UNKNOWN STEP	2026-02-15T21:02:36.4579746Z + [[ tests-e2e-fixtures-networkservices == \t\e\s\t\-\m\o\c\k\g\c\p ]]
unit-tests	UNKNOWN STEP	2026-02-15T21:02:36.4580877Z + [[ tests-e2e-fixtures-networkservices == \u\n\i\t\-\t\e\s\t\s ]]
unit-tests	UNKNOWN STEP	2026-02-15T21:02:36.4581697Z + cat
unit-tests	UNKNOWN STEP	2026-02-15T21:02:36.4592018Z + for f in $(find dev/ci/presubmits -type f | sort)
unit-tests	UNKNOWN STEP	2026-02-15T21:02:36.4595368Z ++ basename dev/ci/presubmits/tests-e2e-fixtures-notebooks
unit-tests	UNKNOWN STEP	2026-02-15T21:02:36.4606012Z + name=tests-e2e-fixtures-notebooks
unit-tests	UNKNOWN STEP	2026-02-15T21:02:36.4606508Z + cat
unit-tests	UNKNOWN STEP	2026-02-15T21:02:36.4618687Z + [[ tests-e2e-fixtures-notebooks == tests-e2e-* ]]
unit-tests	UNKNOWN STEP	2026-02-15T21:02:36.4619094Z + cat
unit-tests	UNKNOWN STEP	2026-02-15T21:02:36.4630590Z + cat
unit-tests	UNKNOWN STEP	2026-02-15T21:02:36.4642944Z + [[ tests-e2e-fixtures-notebooks == \u\n\i\t\-\t\e\s\t\s ]]
unit-tests	UNKNOWN STEP	2026-02-15T21:02:36.4643641Z + cat
unit-tests	UNKNOWN STEP	2026-02-15T21:02:36.4655358Z + [[ tests-e2e-fixtures-notebooks == \t\e\s\t\-\m\o\c\k\g\c\p ]]
unit-tests	UNKNOWN STEP	2026-02-15T21:02:36.4656266Z + [[ tests-e2e-fixtures-notebooks == \u\n\i\t\-\t\e\s\t\s ]]
unit-tests	UNKNOWN STEP	2026-02-15T21:02:36.4657006Z + cat
unit-tests	UNKNOWN STEP	2026-02-15T21:02:36.4668024Z + for f in $(find dev/ci/presubmits -type f | sort)
unit-tests	UNKNOWN STEP	2026-02-15T21:02:36.4671006Z ++ basename dev/ci/presubmits/tests-e2e-fixtures-orgpolicy
unit-tests	UNKNOWN STEP	2026-02-15T21:02:36.4681250Z + name=tests-e2e-fixtures-orgpolicy
unit-tests	UNKNOWN STEP	2026-02-15T21:02:36.4681730Z + cat
unit-tests	UNKNOWN STEP	2026-02-15T21:02:36.4693220Z + [[ tests-e2e-fixtures-orgpolicy == tests-e2e-* ]]
unit-tests	UNKNOWN STEP	2026-02-15T21:02:36.4693860Z + cat
unit-tests	UNKNOWN STEP	2026-02-15T21:02:36.4705500Z + cat
unit-tests	UNKNOWN STEP	2026-02-15T21:02:36.4718213Z + [[ tests-e2e-fixtures-orgpolicy == \u\n\i\t\-\t\e\s\t\s ]]
unit-tests	UNKNOWN STEP	2026-02-15T21:02:36.4719038Z + cat
unit-tests	UNKNOWN STEP	2026-02-15T21:02:36.4730576Z + [[ tests-e2e-fixtures-orgpolicy == \t\e\s\t\-\m\o\c\k\g\c\p ]]
unit-tests	UNKNOWN STEP	2026-02-15T21:02:36.4731800Z + [[ tests-e2e-fixtures-orgpolicy == \u\n\i\t\-\t\e\s\t\s ]]
unit-tests	UNKNOWN STEP	2026-02-15T21:02:36.4732711Z + cat
unit-tests	UNKNOWN STEP	2026-02-15T21:02:36.4743173Z + for f in $(find dev/ci/presubmits -type f | sort)
unit-tests	UNKNOWN STEP	2026-02-15T21:02:36.4746232Z ++ basename dev/ci/presubmits/tests-e2e-fixtures-osconfig
unit-tests	UNKNOWN STEP	2026-02-15T21:02:36.4756417Z + name=tests-e2e-fixtures-osconfig
unit-tests	UNKNOWN STEP	2026-02-15T21:02:36.4756956Z + cat
unit-tests	UNKNOWN STEP	2026-02-15T21:02:36.4768523Z + [[ tests-e2e-fixtures-osconfig == tests-e2e-* ]]
unit-tests	UNKNOWN STEP	2026-02-15T21:02:36.4769194Z + cat
unit-tests	UNKNOWN STEP	2026-02-15T21:02:36.4780771Z + cat
unit-tests	UNKNOWN STEP	2026-02-15T21:02:36.4793032Z + [[ tests-e2e-fixtures-osconfig == \u\n\i\t\-\t\e\s\t\s ]]
unit-tests	UNKNOWN STEP	2026-02-15T21:02:36.4793696Z + cat
unit-tests	UNKNOWN STEP	2026-02-15T21:02:36.4805635Z + [[ tests-e2e-fixtures-osconfig == \t\e\s\t\-\m\o\c\k\g\c\p ]]
unit-tests	UNKNOWN STEP	2026-02-15T21:02:36.4806583Z + [[ tests-e2e-fixtures-osconfig == \u\n\i\t\-\t\e\s\t\s ]]
unit-tests	UNKNOWN STEP	2026-02-15T21:02:36.4807371Z + cat
unit-tests	UNKNOWN STEP	2026-02-15T21:02:36.4818408Z + for f in $(find dev/ci/presubmits -type f | sort)
unit-tests	UNKNOWN STEP	2026-02-15T21:02:36.4821954Z ++ basename dev/ci/presubmits/tests-e2e-fixtures-oslogin
unit-tests	UNKNOWN STEP	2026-02-15T21:02:36.4831514Z + name=tests-e2e-fixtures-oslogin
unit-tests	UNKNOWN STEP	2026-02-15T21:02:36.4832235Z + cat
unit-tests	UNKNOWN STEP	2026-02-15T21:02:36.4844238Z + [[ tests-e2e-fixtures-oslogin == tests-e2e-* ]]
unit-tests	UNKNOWN STEP	2026-02-15T21:02:36.4844646Z + cat
unit-tests	UNKNOWN STEP	2026-02-15T21:02:36.4856162Z + cat
unit-tests	UNKNOWN STEP	2026-02-15T21:02:36.4868055Z + [[ tests-e2e-fixtures-oslogin == \u\n\i\t\-\t\e\s\t\s ]]
unit-tests	UNKNOWN STEP	2026-02-15T21:02:36.4868448Z + cat
unit-tests	UNKNOWN STEP	2026-02-15T21:02:36.4880350Z + [[ tests-e2e-fixtures-oslogin == \t\e\s\t\-\m\o\c\k\g\c\p ]]
unit-tests	UNKNOWN STEP	2026-02-15T21:02:36.4881313Z + [[ tests-e2e-fixtures-oslogin == \u\n\i\t\-\t\e\s\t\s ]]
unit-tests	UNKNOWN STEP	2026-02-15T21:02:36.4881932Z + cat
unit-tests	UNKNOWN STEP	2026-02-15T21:02:36.4893575Z + for f in $(find dev/ci/presubmits -type f | sort)
unit-tests	UNKNOWN STEP	2026-02-15T21:02:36.4897299Z ++ basename dev/ci/presubmits/tests-e2e-fixtures-parametermanager
unit-tests	UNKNOWN STEP	2026-02-15T21:02:36.4907898Z + name=tests-e2e-fixtures-parametermanager
unit-tests	UNKNOWN STEP	2026-02-15T21:02:36.4908237Z + cat
unit-tests	UNKNOWN STEP	2026-02-15T21:02:36.4921519Z + [[ tests-e2e-fixtures-parametermanager == tests-e2e-* ]]
unit-tests	UNKNOWN STEP	2026-02-15T21:02:36.4922266Z + cat
unit-tests	UNKNOWN STEP	2026-02-15T21:02:36.4934330Z + cat
unit-tests	UNKNOWN STEP	2026-02-15T21:02:36.4946471Z + [[ tests-e2e-fixtures-parametermanager == \u\n\i\t\-\t\e\s\t\s ]]
unit-tests	UNKNOWN STEP	2026-02-15T21:02:36.4947294Z + cat
unit-tests	UNKNOWN STEP	2026-02-15T21:02:36.4959079Z + [[ tests-e2e-fixtures-parametermanager == \t\e\s\t\-\m\o\c\k\g\c\p ]]
unit-tests	UNKNOWN STEP	2026-02-15T21:02:36.4960304Z + [[ tests-e2e-fixtures-parametermanager == \u\n\i\t\-\t\e\s\t\s ]]
unit-tests	UNKNOWN STEP	2026-02-15T21:02:36.4960963Z + cat
unit-tests	UNKNOWN STEP	2026-02-15T21:02:36.4972157Z + for f in $(find dev/ci/presubmits -type f | sort)
unit-tests	UNKNOWN STEP	2026-02-15T21:02:36.4975151Z ++ basename dev/ci/presubmits/tests-e2e-fixtures-privateca
unit-tests	UNKNOWN STEP	2026-02-15T21:02:36.4985347Z + name=tests-e2e-fixtures-privateca
unit-tests	UNKNOWN STEP	2026-02-15T21:02:36.4985903Z + cat
unit-tests	UNKNOWN STEP	2026-02-15T21:02:36.4997422Z + [[ tests-e2e-fixtures-privateca == tests-e2e-* ]]
unit-tests	UNKNOWN STEP	2026-02-15T21:02:36.4998171Z + cat
unit-tests	UNKNOWN STEP	2026-02-15T21:02:36.5009641Z + cat
unit-tests	UNKNOWN STEP	2026-02-15T21:02:36.5021740Z + [[ tests-e2e-fixtures-privateca == \u\n\i\t\-\t\e\s\t\s ]]
unit-tests	UNKNOWN STEP	2026-02-15T21:02:36.5022493Z + cat
unit-tests	UNKNOWN STEP	2026-02-15T21:02:36.5034002Z + [[ tests-e2e-fixtures-privateca == \t\e\s\t\-\m\o\c\k\g\c\p ]]
unit-tests	UNKNOWN STEP	2026-02-15T21:02:36.5035111Z + [[ tests-e2e-fixtures-privateca == \u\n\i\t\-\t\e\s\t\s ]]
unit-tests	UNKNOWN STEP	2026-02-15T21:02:36.5035902Z + cat
unit-tests	UNKNOWN STEP	2026-02-15T21:02:36.5046337Z + for f in $(find dev/ci/presubmits -type f | sort)
unit-tests	UNKNOWN STEP	2026-02-15T21:02:36.5049694Z ++ basename dev/ci/presubmits/tests-e2e-fixtures-privilegedaccessmanager
unit-tests	UNKNOWN STEP	2026-02-15T21:02:36.5059339Z + name=tests-e2e-fixtures-privilegedaccessmanager
unit-tests	UNKNOWN STEP	2026-02-15T21:02:36.5060057Z + cat
unit-tests	UNKNOWN STEP	2026-02-15T21:02:36.5072369Z + [[ tests-e2e-fixtures-privilegedaccessmanager == tests-e2e-* ]]
unit-tests	UNKNOWN STEP	2026-02-15T21:02:36.5073231Z + cat
unit-tests	UNKNOWN STEP	2026-02-15T21:02:36.5084037Z + cat
unit-tests	UNKNOWN STEP	2026-02-15T21:02:36.5096328Z + [[ tests-e2e-fixtures-privilegedaccessmanager == \u\n\i\t\-\t\e\s\t\s ]]
unit-tests	UNKNOWN STEP	2026-02-15T21:02:36.5097328Z + cat
unit-tests	UNKNOWN STEP	2026-02-15T21:02:36.5108750Z + [[ tests-e2e-fixtures-privilegedaccessmanager == \t\e\s\t\-\m\o\c\k\g\c\p ]]
unit-tests	UNKNOWN STEP	2026-02-15T21:02:36.5110277Z + [[ tests-e2e-fixtures-privilegedaccessmanager == \u\n\i\t\-\t\e\s\t\s ]]
unit-tests	UNKNOWN STEP	2026-02-15T21:02:36.5111473Z + cat
unit-tests	UNKNOWN STEP	2026-02-15T21:02:36.5123023Z + for f in $(find dev/ci/presubmits -type f | sort)
unit-tests	UNKNOWN STEP	2026-02-15T21:02:36.5126185Z ++ basename dev/ci/presubmits/tests-e2e-fixtures-pubsub
unit-tests	UNKNOWN STEP	2026-02-15T21:02:36.5136121Z + name=tests-e2e-fixtures-pubsub
unit-tests	UNKNOWN STEP	2026-02-15T21:02:36.5136573Z + cat
unit-tests	UNKNOWN STEP	2026-02-15T21:02:36.5148738Z + [[ tests-e2e-fixtures-pubsub == tests-e2e-* ]]
unit-tests	UNKNOWN STEP	2026-02-15T21:02:36.5149396Z + cat
unit-tests	UNKNOWN STEP	2026-02-15T21:02:36.5162168Z + cat
unit-tests	UNKNOWN STEP	2026-02-15T21:02:36.5174633Z + [[ tests-e2e-fixtures-pubsub == \u\n\i\t\-\t\e\s\t\s ]]
unit-tests	UNKNOWN STEP	2026-02-15T21:02:36.5175350Z + cat
unit-tests	UNKNOWN STEP	2026-02-15T21:02:36.5187550Z + [[ tests-e2e-fixtures-pubsub == \t\e\s\t\-\m\o\c\k\g\c\p ]]
unit-tests	UNKNOWN STEP	2026-02-15T21:02:36.5188439Z + [[ tests-e2e-fixtures-pubsub == \u\n\i\t\-\t\e\s\t\s ]]
unit-tests	UNKNOWN STEP	2026-02-15T21:02:36.5189108Z + cat
unit-tests	UNKNOWN STEP	2026-02-15T21:02:36.5200635Z + for f in $(find dev/ci/presubmits -type f | sort)
unit-tests	UNKNOWN STEP	2026-02-15T21:02:36.5204824Z ++ basename dev/ci/presubmits/tests-e2e-fixtures-pubsublite
unit-tests	UNKNOWN STEP	2026-02-15T21:02:36.5215479Z + name=tests-e2e-fixtures-pubsublite
unit-tests	UNKNOWN STEP	2026-02-15T21:02:36.5215916Z + cat
unit-tests	UNKNOWN STEP	2026-02-15T21:02:36.5228581Z + [[ tests-e2e-fixtures-pubsublite == tests-e2e-* ]]
unit-tests	UNKNOWN STEP	2026-02-15T21:02:36.5228990Z + cat
unit-tests	UNKNOWN STEP	2026-02-15T21:02:36.5240367Z + cat
unit-tests	UNKNOWN STEP	2026-02-15T21:02:36.5252838Z + [[ tests-e2e-fixtures-pubsublite == \u\n\i\t\-\t\e\s\t\s ]]
unit-tests	UNKNOWN STEP	2026-02-15T21:02:36.5253323Z + cat
unit-tests	UNKNOWN STEP	2026-02-15T21:02:36.5265040Z + [[ tests-e2e-fixtures-pubsublite == \t\e\s\t\-\m\o\c\k\g\c\p ]]
unit-tests	UNKNOWN STEP	2026-02-15T21:02:36.5265760Z + [[ tests-e2e-fixtures-pubsublite == \u\n\i\t\-\t\e\s\t\s ]]
unit-tests	UNKNOWN STEP	2026-02-15T21:02:36.5266467Z + cat
unit-tests	UNKNOWN STEP	2026-02-15T21:02:36.5277503Z + for f in $(find dev/ci/presubmits -type f | sort)
unit-tests	UNKNOWN STEP	2026-02-15T21:02:36.5281222Z ++ basename dev/ci/presubmits/tests-e2e-fixtures-recaptchaenterprise
unit-tests	UNKNOWN STEP	2026-02-15T21:02:36.5291741Z + name=tests-e2e-fixtures-recaptchaenterprise
unit-tests	UNKNOWN STEP	2026-02-15T21:02:36.5292263Z + cat
unit-tests	UNKNOWN STEP	2026-02-15T21:02:36.5304829Z + [[ tests-e2e-fixtures-recaptchaenterprise == tests-e2e-* ]]
unit-tests	UNKNOWN STEP	2026-02-15T21:02:36.5305258Z + cat
unit-tests	UNKNOWN STEP	2026-02-15T21:02:36.5316964Z + cat
unit-tests	UNKNOWN STEP	2026-02-15T21:02:36.5329119Z + [[ tests-e2e-fixtures-recaptchaenterprise == \u\n\i\t\-\t\e\s\t\s ]]
unit-tests	UNKNOWN STEP	2026-02-15T21:02:36.5329832Z + cat
unit-tests	UNKNOWN STEP	2026-02-15T21:02:36.5341502Z + [[ tests-e2e-fixtures-recaptchaenterprise == \t\e\s\t\-\m\o\c\k\g\c\p ]]
unit-tests	UNKNOWN STEP	2026-02-15T21:02:36.5342607Z + [[ tests-e2e-fixtures-recaptchaenterprise == \u\n\i\t\-\t\e\s\t\s ]]
unit-tests	UNKNOWN STEP	2026-02-15T21:02:36.5343096Z + cat
unit-tests	UNKNOWN STEP	2026-02-15T21:02:36.5354660Z + for f in $(find dev/ci/presubmits -type f | sort)
unit-tests	UNKNOWN STEP	2026-02-15T21:02:36.5358363Z ++ basename dev/ci/presubmits/tests-e2e-fixtures-redis
unit-tests	UNKNOWN STEP	2026-02-15T21:02:36.5368908Z + name=tests-e2e-fixtures-redis
unit-tests	UNKNOWN STEP	2026-02-15T21:02:36.5369230Z + cat
unit-tests	UNKNOWN STEP	2026-02-15T21:02:36.5381413Z + [[ tests-e2e-fixtures-redis == tests-e2e-* ]]
unit-tests	UNKNOWN STEP	2026-02-15T21:02:36.5382013Z + cat
unit-tests	UNKNOWN STEP	2026-02-15T21:02:36.5394044Z + cat
unit-tests	UNKNOWN STEP	2026-02-15T21:02:36.5406162Z + [[ tests-e2e-fixtures-redis == \u\n\i\t\-\t\e\s\t\s ]]
unit-tests	UNKNOWN STEP	2026-02-15T21:02:36.5406740Z + cat
unit-tests	UNKNOWN STEP	2026-02-15T21:02:36.5418953Z + [[ tests-e2e-fixtures-redis == \t\e\s\t\-\m\o\c\k\g\c\p ]]
unit-tests	UNKNOWN STEP	2026-02-15T21:02:36.5419803Z + [[ tests-e2e-fixtures-redis == \u\n\i\t\-\t\e\s\t\s ]]
unit-tests	UNKNOWN STEP	2026-02-15T21:02:36.5420572Z + cat
unit-tests	UNKNOWN STEP	2026-02-15T21:02:36.5431740Z + for f in $(find dev/ci/presubmits -type f | sort)
unit-tests	UNKNOWN STEP	2026-02-15T21:02:36.5434684Z ++ basename dev/ci/presubmits/tests-e2e-fixtures-resourcemanager
unit-tests	UNKNOWN STEP	2026-02-15T21:02:36.5445318Z + name=tests-e2e-fixtures-resourcemanager
unit-tests	UNKNOWN STEP	2026-02-15T21:02:36.5445862Z + cat
unit-tests	UNKNOWN STEP	2026-02-15T21:02:36.5457976Z + [[ tests-e2e-fixtures-resourcemanager == tests-e2e-* ]]
unit-tests	UNKNOWN STEP	2026-02-15T21:02:36.5458672Z + cat
unit-tests	UNKNOWN STEP	2026-02-15T21:02:36.5470053Z + cat
unit-tests	UNKNOWN STEP	2026-02-15T21:02:36.5482435Z + [[ tests-e2e-fixtures-resourcemanager == \u\n\i\t\-\t\e\s\t\s ]]
unit-tests	UNKNOWN STEP	2026-02-15T21:02:36.5483426Z + cat
unit-tests	UNKNOWN STEP	2026-02-15T21:02:36.5494982Z + [[ tests-e2e-fixtures-resourcemanager == \t\e\s\t\-\m\o\c\k\g\c\p ]]
unit-tests	UNKNOWN STEP	2026-02-15T21:02:36.5496204Z + [[ tests-e2e-fixtures-resourcemanager == \u\n\i\t\-\t\e\s\t\s ]]
unit-tests	UNKNOWN STEP	2026-02-15T21:02:36.5496921Z + cat
unit-tests	UNKNOWN STEP	2026-02-15T21:02:36.5507451Z + for f in $(find dev/ci/presubmits -type f | sort)
unit-tests	UNKNOWN STEP	2026-02-15T21:02:36.5510425Z ++ basename dev/ci/presubmits/tests-e2e-fixtures-run
unit-tests	UNKNOWN STEP	2026-02-15T21:02:36.5520524Z + name=tests-e2e-fixtures-run
unit-tests	UNKNOWN STEP	2026-02-15T21:02:36.5521029Z + cat
unit-tests	UNKNOWN STEP	2026-02-15T21:02:36.5533663Z + [[ tests-e2e-fixtures-run == tests-e2e-* ]]
unit-tests	UNKNOWN STEP	2026-02-15T21:02:36.5534748Z + cat
unit-tests	UNKNOWN STEP	2026-02-15T21:02:36.5547304Z + cat
unit-tests	UNKNOWN STEP	2026-02-15T21:02:36.5559360Z + [[ tests-e2e-fixtures-run == \u\n\i\t\-\t\e\s\t\s ]]
unit-tests	UNKNOWN STEP	2026-02-15T21:02:36.5560022Z + cat
unit-tests	UNKNOWN STEP	2026-02-15T21:02:36.5572295Z + [[ tests-e2e-fixtures-run == \t\e\s\t\-\m\o\c\k\g\c\p ]]
unit-tests	UNKNOWN STEP	2026-02-15T21:02:36.5573487Z + [[ tests-e2e-fixtures-run == \u\n\i\t\-\t\e\s\t\s ]]
unit-tests	UNKNOWN STEP	2026-02-15T21:02:36.5574032Z + cat
unit-tests	UNKNOWN STEP	2026-02-15T21:02:36.5585824Z + for f in $(find dev/ci/presubmits -type f | sort)
unit-tests	UNKNOWN STEP	2026-02-15T21:02:36.5588842Z ++ basename dev/ci/presubmits/tests-e2e-fixtures-secretmanager
unit-tests	UNKNOWN STEP	2026-02-15T21:02:36.5598857Z + name=tests-e2e-fixtures-secretmanager
unit-tests	UNKNOWN STEP	2026-02-15T21:02:36.5599388Z + cat
unit-tests	UNKNOWN STEP	2026-02-15T21:02:36.5611635Z + [[ tests-e2e-fixtures-secretmanager == tests-e2e-* ]]
unit-tests	UNKNOWN STEP	2026-02-15T21:02:36.5612489Z + cat
unit-tests	UNKNOWN STEP	2026-02-15T21:02:36.5623967Z + cat
unit-tests	UNKNOWN STEP	2026-02-15T21:02:36.5635906Z + [[ tests-e2e-fixtures-secretmanager == \u\n\i\t\-\t\e\s\t\s ]]
unit-tests	UNKNOWN STEP	2026-02-15T21:02:36.5636357Z + cat
unit-tests	UNKNOWN STEP	2026-02-15T21:02:36.5648181Z + [[ tests-e2e-fixtures-secretmanager == \t\e\s\t\-\m\o\c\k\g\c\p ]]
unit-tests	UNKNOWN STEP	2026-02-15T21:02:36.5648983Z + [[ tests-e2e-fixtures-secretmanager == \u\n\i\t\-\t\e\s\t\s ]]
unit-tests	UNKNOWN STEP	2026-02-15T21:02:36.5649746Z + cat
unit-tests	UNKNOWN STEP	2026-02-15T21:02:36.5660366Z + for f in $(find dev/ci/presubmits -type f | sort)
unit-tests	UNKNOWN STEP	2026-02-15T21:02:36.5663997Z ++ basename dev/ci/presubmits/tests-e2e-fixtures-securesourcemanager
unit-tests	UNKNOWN STEP	2026-02-15T21:02:36.5674597Z + name=tests-e2e-fixtures-securesourcemanager
unit-tests	UNKNOWN STEP	2026-02-15T21:02:36.5675054Z + cat
unit-tests	UNKNOWN STEP	2026-02-15T21:02:36.5687059Z + [[ tests-e2e-fixtures-securesourcemanager == tests-e2e-* ]]
unit-tests	UNKNOWN STEP	2026-02-15T21:02:36.5687819Z + cat
unit-tests	UNKNOWN STEP	2026-02-15T21:02:36.5699484Z + cat
unit-tests	UNKNOWN STEP	2026-02-15T21:02:36.5711665Z + [[ tests-e2e-fixtures-securesourcemanager == \u\n\i\t\-\t\e\s\t\s ]]
unit-tests	UNKNOWN STEP	2026-02-15T21:02:36.5712473Z + cat
unit-tests	UNKNOWN STEP	2026-02-15T21:02:36.5724609Z + [[ tests-e2e-fixtures-securesourcemanager == \t\e\s\t\-\m\o\c\k\g\c\p ]]
unit-tests	UNKNOWN STEP	2026-02-15T21:02:36.5725863Z + [[ tests-e2e-fixtures-securesourcemanager == \u\n\i\t\-\t\e\s\t\s ]]
unit-tests	UNKNOWN STEP	2026-02-15T21:02:36.5726456Z + cat
unit-tests	UNKNOWN STEP	2026-02-15T21:02:36.5737208Z + for f in $(find dev/ci/presubmits -type f | sort)
unit-tests	UNKNOWN STEP	2026-02-15T21:02:36.5740221Z ++ basename dev/ci/presubmits/tests-e2e-fixtures-securitycenter
unit-tests	UNKNOWN STEP	2026-02-15T21:02:36.5750271Z + name=tests-e2e-fixtures-securitycenter
unit-tests	UNKNOWN STEP	2026-02-15T21:02:36.5750776Z + cat
unit-tests	UNKNOWN STEP	2026-02-15T21:02:36.5763071Z + [[ tests-e2e-fixtures-securitycenter == tests-e2e-* ]]
unit-tests	UNKNOWN STEP	2026-02-15T21:02:36.5763717Z + cat
unit-tests	UNKNOWN STEP	2026-02-15T21:02:36.5775376Z + cat
unit-tests	UNKNOWN STEP	2026-02-15T21:02:36.5788759Z + [[ tests-e2e-fixtures-securitycenter == \u\n\i\t\-\t\e\s\t\s ]]
unit-tests	UNKNOWN STEP	2026-02-15T21:02:36.5789552Z + cat
unit-tests	UNKNOWN STEP	2026-02-15T21:02:36.5802790Z + [[ tests-e2e-fixtures-securitycenter == \t\e\s\t\-\m\o\c\k\g\c\p ]]
unit-tests	UNKNOWN STEP	2026-02-15T21:02:36.5803907Z + [[ tests-e2e-fixtures-securitycenter == \u\n\i\t\-\t\e\s\t\s ]]
unit-tests	UNKNOWN STEP	2026-02-15T21:02:36.5804484Z + cat
unit-tests	UNKNOWN STEP	2026-02-15T21:02:36.5815300Z + for f in $(find dev/ci/presubmits -type f | sort)
unit-tests	UNKNOWN STEP	2026-02-15T21:02:36.5818328Z ++ basename dev/ci/presubmits/tests-e2e-fixtures-servicedirectory
unit-tests	UNKNOWN STEP	2026-02-15T21:02:36.5828629Z + name=tests-e2e-fixtures-servicedirectory
unit-tests	UNKNOWN STEP	2026-02-15T21:02:36.5829120Z + cat
unit-tests	UNKNOWN STEP	2026-02-15T21:02:36.5841649Z + [[ tests-e2e-fixtures-servicedirectory == tests-e2e-* ]]
unit-tests	UNKNOWN STEP	2026-02-15T21:02:36.5842555Z + cat
unit-tests	UNKNOWN STEP	2026-02-15T21:02:36.5854800Z + cat
unit-tests	UNKNOWN STEP	2026-02-15T21:02:36.5867047Z + [[ tests-e2e-fixtures-servicedirectory == \u\n\i\t\-\t\e\s\t\s ]]
unit-tests	UNKNOWN STEP	2026-02-15T21:02:36.5867592Z + cat
unit-tests	UNKNOWN STEP	2026-02-15T21:02:36.5879302Z + [[ tests-e2e-fixtures-servicedirectory == \t\e\s\t\-\m\o\c\k\g\c\p ]]
unit-tests	UNKNOWN STEP	2026-02-15T21:02:36.5880305Z + [[ tests-e2e-fixtures-servicedirectory == \u\n\i\t\-\t\e\s\t\s ]]
unit-tests	UNKNOWN STEP	2026-02-15T21:02:36.5880871Z + cat
unit-tests	UNKNOWN STEP	2026-02-15T21:02:36.5892296Z + for f in $(find dev/ci/presubmits -type f | sort)
unit-tests	UNKNOWN STEP	2026-02-15T21:02:36.5895923Z ++ basename dev/ci/presubmits/tests-e2e-fixtures-servicenetworking
unit-tests	UNKNOWN STEP	2026-02-15T21:02:36.5905849Z + name=tests-e2e-fixtures-servicenetworking
unit-tests	UNKNOWN STEP	2026-02-15T21:02:36.5906184Z + cat
unit-tests	UNKNOWN STEP	2026-02-15T21:02:36.5918748Z + [[ tests-e2e-fixtures-servicenetworking == tests-e2e-* ]]
unit-tests	UNKNOWN STEP	2026-02-15T21:02:36.5919971Z + cat
unit-tests	UNKNOWN STEP	2026-02-15T21:02:36.5930954Z + cat
unit-tests	UNKNOWN STEP	2026-02-15T21:02:36.5943499Z + [[ tests-e2e-fixtures-servicenetworking == \u\n\i\t\-\t\e\s\t\s ]]
unit-tests	UNKNOWN STEP	2026-02-15T21:02:36.5944411Z + cat
unit-tests	UNKNOWN STEP	2026-02-15T21:02:36.5956077Z + [[ tests-e2e-fixtures-servicenetworking == \t\e\s\t\-\m\o\c\k\g\c\p ]]
unit-tests	UNKNOWN STEP	2026-02-15T21:02:36.5957315Z + [[ tests-e2e-fixtures-servicenetworking == \u\n\i\t\-\t\e\s\t\s ]]
unit-tests	UNKNOWN STEP	2026-02-15T21:02:36.5957892Z + cat
unit-tests	UNKNOWN STEP	2026-02-15T21:02:36.5968415Z + for f in $(find dev/ci/presubmits -type f | sort)
unit-tests	UNKNOWN STEP	2026-02-15T21:02:36.5971621Z ++ basename dev/ci/presubmits/tests-e2e-fixtures-serviceusage
unit-tests	UNKNOWN STEP	2026-02-15T21:02:36.5981502Z + name=tests-e2e-fixtures-serviceusage
unit-tests	UNKNOWN STEP	2026-02-15T21:02:36.5982095Z + cat
unit-tests	UNKNOWN STEP	2026-02-15T21:02:36.5994485Z + [[ tests-e2e-fixtures-serviceusage == tests-e2e-* ]]
unit-tests	UNKNOWN STEP	2026-02-15T21:02:36.5995288Z + cat
unit-tests	UNKNOWN STEP	2026-02-15T21:02:36.6006516Z + cat
unit-tests	UNKNOWN STEP	2026-02-15T21:02:36.6018497Z + [[ tests-e2e-fixtures-serviceusage == \u\n\i\t\-\t\e\s\t\s ]]
unit-tests	UNKNOWN STEP	2026-02-15T21:02:36.6019340Z + cat
unit-tests	UNKNOWN STEP	2026-02-15T21:02:36.6031484Z + [[ tests-e2e-fixtures-serviceusage == \t\e\s\t\-\m\o\c\k\g\c\p ]]
unit-tests	UNKNOWN STEP	2026-02-15T21:02:36.6032750Z + [[ tests-e2e-fixtures-serviceusage == \u\n\i\t\-\t\e\s\t\s ]]
unit-tests	UNKNOWN STEP	2026-02-15T21:02:36.6033271Z + cat
unit-tests	UNKNOWN STEP	2026-02-15T21:02:36.6044211Z + for f in $(find dev/ci/presubmits -type f | sort)
unit-tests	UNKNOWN STEP	2026-02-15T21:02:36.6047397Z ++ basename dev/ci/presubmits/tests-e2e-fixtures-sourcerepo
unit-tests	UNKNOWN STEP	2026-02-15T21:02:36.6057165Z + name=tests-e2e-fixtures-sourcerepo
unit-tests	UNKNOWN STEP	2026-02-15T21:02:36.6057727Z + cat
unit-tests	UNKNOWN STEP	2026-02-15T21:02:36.6069994Z + [[ tests-e2e-fixtures-sourcerepo == tests-e2e-* ]]
unit-tests	UNKNOWN STEP	2026-02-15T21:02:36.6070704Z + cat
unit-tests	UNKNOWN STEP	2026-02-15T21:02:36.6082183Z + cat
unit-tests	UNKNOWN STEP	2026-02-15T21:02:36.6094333Z + [[ tests-e2e-fixtures-sourcerepo == \u\n\i\t\-\t\e\s\t\s ]]
unit-tests	UNKNOWN STEP	2026-02-15T21:02:36.6095230Z + cat
unit-tests	UNKNOWN STEP	2026-02-15T21:02:36.6107399Z + [[ tests-e2e-fixtures-sourcerepo == \t\e\s\t\-\m\o\c\k\g\c\p ]]
unit-tests	UNKNOWN STEP	2026-02-15T21:02:36.6108490Z + [[ tests-e2e-fixtures-sourcerepo == \u\n\i\t\-\t\e\s\t\s ]]
unit-tests	UNKNOWN STEP	2026-02-15T21:02:36.6109175Z + cat
unit-tests	UNKNOWN STEP	2026-02-15T21:02:36.6119623Z + for f in $(find dev/ci/presubmits -type f | sort)
unit-tests	UNKNOWN STEP	2026-02-15T21:02:36.6122953Z ++ basename dev/ci/presubmits/tests-e2e-fixtures-spanner
unit-tests	UNKNOWN STEP	2026-02-15T21:02:36.6132873Z + name=tests-e2e-fixtures-spanner
unit-tests	UNKNOWN STEP	2026-02-15T21:02:36.6133394Z + cat
unit-tests	UNKNOWN STEP	2026-02-15T21:02:36.6145562Z + [[ tests-e2e-fixtures-spanner == tests-e2e-* ]]
unit-tests	UNKNOWN STEP	2026-02-15T21:02:36.6146283Z + cat
unit-tests	UNKNOWN STEP	2026-02-15T21:02:36.6157684Z + cat
unit-tests	UNKNOWN STEP	2026-02-15T21:02:36.6169702Z + [[ tests-e2e-fixtures-spanner == \u\n\i\t\-\t\e\s\t\s ]]
unit-tests	UNKNOWN STEP	2026-02-15T21:02:36.6170535Z + cat
unit-tests	UNKNOWN STEP	2026-02-15T21:02:36.6182478Z + [[ tests-e2e-fixtures-spanner == \t\e\s\t\-\m\o\c\k\g\c\p ]]
unit-tests	UNKNOWN STEP	2026-02-15T21:02:36.6183552Z + [[ tests-e2e-fixtures-spanner == \u\n\i\t\-\t\e\s\t\s ]]
unit-tests	UNKNOWN STEP	2026-02-15T21:02:36.6184317Z + cat
unit-tests	UNKNOWN STEP	2026-02-15T21:02:36.6195186Z + for f in $(find dev/ci/presubmits -type f | sort)
unit-tests	UNKNOWN STEP	2026-02-15T21:02:36.6198112Z ++ basename dev/ci/presubmits/tests-e2e-fixtures-speech
unit-tests	UNKNOWN STEP	2026-02-15T21:02:36.6207861Z + name=tests-e2e-fixtures-speech
unit-tests	UNKNOWN STEP	2026-02-15T21:02:36.6208383Z + cat
unit-tests	UNKNOWN STEP	2026-02-15T21:02:36.6220404Z + [[ tests-e2e-fixtures-speech == tests-e2e-* ]]
unit-tests	UNKNOWN STEP	2026-02-15T21:02:36.6221240Z + cat
unit-tests	UNKNOWN STEP	2026-02-15T21:02:36.6233163Z + cat
unit-tests	UNKNOWN STEP	2026-02-15T21:02:36.6245314Z + [[ tests-e2e-fixtures-speech == \u\n\i\t\-\t\e\s\t\s ]]
unit-tests	UNKNOWN STEP	2026-02-15T21:02:36.6246061Z + cat
unit-tests	UNKNOWN STEP	2026-02-15T21:02:36.6257903Z + [[ tests-e2e-fixtures-speech == \t\e\s\t\-\m\o\c\k\g\c\p ]]
unit-tests	UNKNOWN STEP	2026-02-15T21:02:36.6258860Z + [[ tests-e2e-fixtures-speech == \u\n\i\t\-\t\e\s\t\s ]]
unit-tests	UNKNOWN STEP	2026-02-15T21:02:36.6259624Z + cat
unit-tests	UNKNOWN STEP	2026-02-15T21:02:36.6270203Z + for f in $(find dev/ci/presubmits -type f | sort)
unit-tests	UNKNOWN STEP	2026-02-15T21:02:36.6273686Z ++ basename dev/ci/presubmits/tests-e2e-fixtures-sql
unit-tests	UNKNOWN STEP	2026-02-15T21:02:36.6283378Z + name=tests-e2e-fixtures-sql
unit-tests	UNKNOWN STEP	2026-02-15T21:02:36.6283856Z + cat
unit-tests	UNKNOWN STEP	2026-02-15T21:02:36.6296110Z + [[ tests-e2e-fixtures-sql == tests-e2e-* ]]
unit-tests	UNKNOWN STEP	2026-02-15T21:02:36.6296712Z + cat
unit-tests	UNKNOWN STEP	2026-02-15T21:02:36.6307942Z + cat
unit-tests	UNKNOWN STEP	2026-02-15T21:02:36.6321394Z + [[ tests-e2e-fixtures-sql == \u\n\i\t\-\t\e\s\t\s ]]
unit-tests	UNKNOWN STEP	2026-02-15T21:02:36.6322129Z + cat
unit-tests	UNKNOWN STEP	2026-02-15T21:02:36.6333972Z + [[ tests-e2e-fixtures-sql == \t\e\s\t\-\m\o\c\k\g\c\p ]]
unit-tests	UNKNOWN STEP	2026-02-15T21:02:36.6335316Z + [[ tests-e2e-fixtures-sql == \u\n\i\t\-\t\e\s\t\s ]]
unit-tests	UNKNOWN STEP	2026-02-15T21:02:36.6336005Z + cat
unit-tests	UNKNOWN STEP	2026-02-15T21:02:36.6346718Z + for f in $(find dev/ci/presubmits -type f | sort)
unit-tests	UNKNOWN STEP	2026-02-15T21:02:36.6349928Z ++ basename dev/ci/presubmits/tests-e2e-fixtures-storage
unit-tests	UNKNOWN STEP	2026-02-15T21:02:36.6359787Z + name=tests-e2e-fixtures-storage
unit-tests	UNKNOWN STEP	2026-02-15T21:02:36.6360313Z + cat
unit-tests	UNKNOWN STEP	2026-02-15T21:02:36.6373235Z + [[ tests-e2e-fixtures-storage == tests-e2e-* ]]
unit-tests	UNKNOWN STEP	2026-02-15T21:02:36.6373900Z + cat
unit-tests	UNKNOWN STEP	2026-02-15T21:02:36.6385731Z + cat
unit-tests	UNKNOWN STEP	2026-02-15T21:02:36.6397724Z + [[ tests-e2e-fixtures-storage == \u\n\i\t\-\t\e\s\t\s ]]
unit-tests	UNKNOWN STEP	2026-02-15T21:02:36.6398431Z + cat
unit-tests	UNKNOWN STEP	2026-02-15T21:02:36.6411030Z + [[ tests-e2e-fixtures-storage == \t\e\s\t\-\m\o\c\k\g\c\p ]]
unit-tests	UNKNOWN STEP	2026-02-15T21:02:36.6412230Z + [[ tests-e2e-fixtures-storage == \u\n\i\t\-\t\e\s\t\s ]]
unit-tests	UNKNOWN STEP	2026-02-15T21:02:36.6412980Z + cat
unit-tests	UNKNOWN STEP	2026-02-15T21:02:36.6423760Z + for f in $(find dev/ci/presubmits -type f | sort)
unit-tests	UNKNOWN STEP	2026-02-15T21:02:36.6427016Z ++ basename dev/ci/presubmits/tests-e2e-fixtures-storagetransfer
unit-tests	UNKNOWN STEP	2026-02-15T21:02:36.6436856Z + name=tests-e2e-fixtures-storagetransfer
unit-tests	UNKNOWN STEP	2026-02-15T21:02:36.6437446Z + cat
unit-tests	UNKNOWN STEP	2026-02-15T21:02:36.6449699Z + [[ tests-e2e-fixtures-storagetransfer == tests-e2e-* ]]
unit-tests	UNKNOWN STEP	2026-02-15T21:02:36.6450472Z + cat
unit-tests	UNKNOWN STEP	2026-02-15T21:02:36.6462544Z + cat
unit-tests	UNKNOWN STEP	2026-02-15T21:02:36.6474618Z + [[ tests-e2e-fixtures-storagetransfer == \u\n\i\t\-\t\e\s\t\s ]]
unit-tests	UNKNOWN STEP	2026-02-15T21:02:36.6475505Z + cat
unit-tests	UNKNOWN STEP	2026-02-15T21:02:36.6487172Z + [[ tests-e2e-fixtures-storagetransfer == \t\e\s\t\-\m\o\c\k\g\c\p ]]
unit-tests	UNKNOWN STEP	2026-02-15T21:02:36.6488359Z + [[ tests-e2e-fixtures-storagetransfer == \u\n\i\t\-\t\e\s\t\s ]]
unit-tests	UNKNOWN STEP	2026-02-15T21:02:36.6489060Z + cat
unit-tests	UNKNOWN STEP	2026-02-15T21:02:36.6499639Z + for f in $(find dev/ci/presubmits -type f | sort)
unit-tests	UNKNOWN STEP	2026-02-15T21:02:36.6503303Z ++ basename dev/ci/presubmits/tests-e2e-fixtures-tags
unit-tests	UNKNOWN STEP	2026-02-15T21:02:36.6513059Z + name=tests-e2e-fixtures-tags
unit-tests	UNKNOWN STEP	2026-02-15T21:02:36.6513494Z + cat
unit-tests	UNKNOWN STEP	2026-02-15T21:02:36.6525140Z + [[ tests-e2e-fixtures-tags == tests-e2e-* ]]
unit-tests	UNKNOWN STEP	2026-02-15T21:02:36.6525803Z + cat
unit-tests	UNKNOWN STEP	2026-02-15T21:02:36.6536789Z + cat
unit-tests	UNKNOWN STEP	2026-02-15T21:02:36.6548740Z + [[ tests-e2e-fixtures-tags == \u\n\i\t\-\t\e\s\t\s ]]
unit-tests	UNKNOWN STEP	2026-02-15T21:02:36.6549502Z + cat
unit-tests	UNKNOWN STEP	2026-02-15T21:02:36.6561718Z + [[ tests-e2e-fixtures-tags == \t\e\s\t\-\m\o\c\k\g\c\p ]]
unit-tests	UNKNOWN STEP	2026-02-15T21:02:36.6562687Z + [[ tests-e2e-fixtures-tags == \u\n\i\t\-\t\e\s\t\s ]]
unit-tests	UNKNOWN STEP	2026-02-15T21:02:36.6563445Z + cat
unit-tests	UNKNOWN STEP	2026-02-15T21:02:36.6574357Z + for f in $(find dev/ci/presubmits -type f | sort)
unit-tests	UNKNOWN STEP	2026-02-15T21:02:36.6577547Z ++ basename dev/ci/presubmits/tests-e2e-fixtures-tpu
unit-tests	UNKNOWN STEP	2026-02-15T21:02:36.6587350Z + name=tests-e2e-fixtures-tpu
unit-tests	UNKNOWN STEP	2026-02-15T21:02:36.6587853Z + cat
unit-tests	UNKNOWN STEP	2026-02-15T21:02:36.6600504Z + [[ tests-e2e-fixtures-tpu == tests-e2e-* ]]
unit-tests	UNKNOWN STEP	2026-02-15T21:02:36.6601278Z + cat
unit-tests	UNKNOWN STEP	2026-02-15T21:02:36.6612277Z + cat
unit-tests	UNKNOWN STEP	2026-02-15T21:02:36.6624242Z + [[ tests-e2e-fixtures-tpu == \u\n\i\t\-\t\e\s\t\s ]]
unit-tests	UNKNOWN STEP	2026-02-15T21:02:36.6624942Z + cat
unit-tests	UNKNOWN STEP	2026-02-15T21:02:36.6636238Z + [[ tests-e2e-fixtures-tpu == \t\e\s\t\-\m\o\c\k\g\c\p ]]
unit-tests	UNKNOWN STEP	2026-02-15T21:02:36.6637178Z + [[ tests-e2e-fixtures-tpu == \u\n\i\t\-\t\e\s\t\s ]]
unit-tests	UNKNOWN STEP	2026-02-15T21:02:36.6637959Z + cat
unit-tests	UNKNOWN STEP	2026-02-15T21:02:36.6648968Z + for f in $(find dev/ci/presubmits -type f | sort)
unit-tests	UNKNOWN STEP	2026-02-15T21:02:36.6652432Z ++ basename dev/ci/presubmits/tests-e2e-fixtures-vertexai
unit-tests	UNKNOWN STEP	2026-02-15T21:02:36.6661998Z + name=tests-e2e-fixtures-vertexai
unit-tests	UNKNOWN STEP	2026-02-15T21:02:36.6662534Z + cat
unit-tests	UNKNOWN STEP	2026-02-15T21:02:36.6674120Z + [[ tests-e2e-fixtures-vertexai == tests-e2e-* ]]
unit-tests	UNKNOWN STEP	2026-02-15T21:02:36.6674799Z + cat
unit-tests	UNKNOWN STEP	2026-02-15T21:02:36.6685912Z + cat
unit-tests	UNKNOWN STEP	2026-02-15T21:02:36.6698285Z + [[ tests-e2e-fixtures-vertexai == \u\n\i\t\-\t\e\s\t\s ]]
unit-tests	UNKNOWN STEP	2026-02-15T21:02:36.6699144Z + cat
unit-tests	UNKNOWN STEP	2026-02-15T21:02:36.6710388Z + [[ tests-e2e-fixtures-vertexai == \t\e\s\t\-\m\o\c\k\g\c\p ]]
unit-tests	UNKNOWN STEP	2026-02-15T21:02:36.6711630Z + [[ tests-e2e-fixtures-vertexai == \u\n\i\t\-\t\e\s\t\s ]]
unit-tests	UNKNOWN STEP	2026-02-15T21:02:36.6712296Z + cat
unit-tests	UNKNOWN STEP	2026-02-15T21:02:36.6722362Z + for f in $(find dev/ci/presubmits -type f | sort)
unit-tests	UNKNOWN STEP	2026-02-15T21:02:36.6725659Z ++ basename dev/ci/presubmits/tests-e2e-fixtures-vmwareengine
unit-tests	UNKNOWN STEP	2026-02-15T21:02:36.6735346Z + name=tests-e2e-fixtures-vmwareengine
unit-tests	UNKNOWN STEP	2026-02-15T21:02:36.6735908Z + cat
unit-tests	UNKNOWN STEP	2026-02-15T21:02:36.6749016Z + [[ tests-e2e-fixtures-vmwareengine == tests-e2e-* ]]
unit-tests	UNKNOWN STEP	2026-02-15T21:02:36.6749782Z + cat
unit-tests	UNKNOWN STEP	2026-02-15T21:02:36.6760174Z + cat
unit-tests	UNKNOWN STEP	2026-02-15T21:02:36.6772391Z + [[ tests-e2e-fixtures-vmwareengine == \u\n\i\t\-\t\e\s\t\s ]]
unit-tests	UNKNOWN STEP	2026-02-15T21:02:36.6773208Z + cat
unit-tests	UNKNOWN STEP	2026-02-15T21:02:36.6784942Z + [[ tests-e2e-fixtures-vmwareengine == \t\e\s\t\-\m\o\c\k\g\c\p ]]
unit-tests	UNKNOWN STEP	2026-02-15T21:02:36.6786111Z + [[ tests-e2e-fixtures-vmwareengine == \u\n\i\t\-\t\e\s\t\s ]]
unit-tests	UNKNOWN STEP	2026-02-15T21:02:36.6786792Z + cat
unit-tests	UNKNOWN STEP	2026-02-15T21:02:36.6796857Z + for f in $(find dev/ci/presubmits -type f | sort)
unit-tests	UNKNOWN STEP	2026-02-15T21:02:36.6800022Z ++ basename dev/ci/presubmits/tests-e2e-fixtures-vpcaccess
unit-tests	UNKNOWN STEP	2026-02-15T21:02:36.6809806Z + name=tests-e2e-fixtures-vpcaccess
unit-tests	UNKNOWN STEP	2026-02-15T21:02:36.6810304Z + cat
unit-tests	UNKNOWN STEP	2026-02-15T21:02:36.6822397Z + [[ tests-e2e-fixtures-vpcaccess == tests-e2e-* ]]
unit-tests	UNKNOWN STEP	2026-02-15T21:02:36.6823103Z + cat
unit-tests	UNKNOWN STEP	2026-02-15T21:02:36.6834172Z + cat
unit-tests	UNKNOWN STEP	2026-02-15T21:02:36.6846328Z + [[ tests-e2e-fixtures-vpcaccess == \u\n\i\t\-\t\e\s\t\s ]]
unit-tests	UNKNOWN STEP	2026-02-15T21:02:36.6847092Z + cat
unit-tests	UNKNOWN STEP	2026-02-15T21:02:36.6858331Z + [[ tests-e2e-fixtures-vpcaccess == \t\e\s\t\-\m\o\c\k\g\c\p ]]
unit-tests	UNKNOWN STEP	2026-02-15T21:02:36.6859349Z + [[ tests-e2e-fixtures-vpcaccess == \u\n\i\t\-\t\e\s\t\s ]]
unit-tests	UNKNOWN STEP	2026-02-15T21:02:36.6860132Z + cat
unit-tests	UNKNOWN STEP	2026-02-15T21:02:36.6871764Z + for f in $(find dev/ci/presubmits -type f | sort)
unit-tests	UNKNOWN STEP	2026-02-15T21:02:36.6875179Z ++ basename dev/ci/presubmits/tests-e2e-fixtures-workflowexecutions
unit-tests	UNKNOWN STEP	2026-02-15T21:02:36.6886089Z + name=tests-e2e-fixtures-workflowexecutions
unit-tests	UNKNOWN STEP	2026-02-15T21:02:36.6886606Z + cat
unit-tests	UNKNOWN STEP	2026-02-15T21:02:36.6898414Z + [[ tests-e2e-fixtures-workflowexecutions == tests-e2e-* ]]
unit-tests	UNKNOWN STEP	2026-02-15T21:02:36.6899118Z + cat
unit-tests	UNKNOWN STEP	2026-02-15T21:02:36.6910272Z + cat
unit-tests	UNKNOWN STEP	2026-02-15T21:02:36.6922852Z + [[ tests-e2e-fixtures-workflowexecutions == \u\n\i\t\-\t\e\s\t\s ]]
unit-tests	UNKNOWN STEP	2026-02-15T21:02:36.6923272Z + cat
unit-tests	UNKNOWN STEP	2026-02-15T21:02:36.6935454Z + [[ tests-e2e-fixtures-workflowexecutions == \t\e\s\t\-\m\o\c\k\g\c\p ]]
unit-tests	UNKNOWN STEP	2026-02-15T21:02:36.6936280Z + [[ tests-e2e-fixtures-workflowexecutions == \u\n\i\t\-\t\e\s\t\s ]]
unit-tests	UNKNOWN STEP	2026-02-15T21:02:36.6937075Z + cat
unit-tests	UNKNOWN STEP	2026-02-15T21:02:36.6947680Z + for f in $(find dev/ci/presubmits -type f | sort)
unit-tests	UNKNOWN STEP	2026-02-15T21:02:36.6951578Z ++ basename dev/ci/presubmits/tests-e2e-fixtures-workflows
unit-tests	UNKNOWN STEP	2026-02-15T21:02:36.6962283Z + name=tests-e2e-fixtures-workflows
unit-tests	UNKNOWN STEP	2026-02-15T21:02:36.6962552Z + cat
unit-tests	UNKNOWN STEP	2026-02-15T21:02:36.6974565Z + [[ tests-e2e-fixtures-workflows == tests-e2e-* ]]
unit-tests	UNKNOWN STEP	2026-02-15T21:02:36.6974899Z + cat
unit-tests	UNKNOWN STEP	2026-02-15T21:02:36.6986546Z + cat
unit-tests	UNKNOWN STEP	2026-02-15T21:02:36.6999005Z + [[ tests-e2e-fixtures-workflows == \u\n\i\t\-\t\e\s\t\s ]]
unit-tests	UNKNOWN STEP	2026-02-15T21:02:36.6999414Z + cat
unit-tests	UNKNOWN STEP	2026-02-15T21:02:36.7011504Z + [[ tests-e2e-fixtures-workflows == \t\e\s\t\-\m\o\c\k\g\c\p ]]
unit-tests	UNKNOWN STEP	2026-02-15T21:02:36.7012145Z + [[ tests-e2e-fixtures-workflows == \u\n\i\t\-\t\e\s\t\s ]]
unit-tests	UNKNOWN STEP	2026-02-15T21:02:36.7012878Z + cat
unit-tests	UNKNOWN STEP	2026-02-15T21:02:36.7024368Z + for f in $(find dev/ci/presubmits -type f | sort)
unit-tests	UNKNOWN STEP	2026-02-15T21:02:36.7027928Z ++ basename dev/ci/presubmits/tests-e2e-fixtures-workstations
unit-tests	UNKNOWN STEP	2026-02-15T21:02:36.7038685Z + name=tests-e2e-fixtures-workstations
unit-tests	UNKNOWN STEP	2026-02-15T21:02:36.7038973Z + cat
unit-tests	UNKNOWN STEP	2026-02-15T21:02:36.7050895Z + [[ tests-e2e-fixtures-workstations == tests-e2e-* ]]
unit-tests	UNKNOWN STEP	2026-02-15T21:02:36.7051576Z + cat
unit-tests	UNKNOWN STEP	2026-02-15T21:02:36.7062976Z + cat
unit-tests	UNKNOWN STEP	2026-02-15T21:02:36.7074999Z + [[ tests-e2e-fixtures-workstations == \u\n\i\t\-\t\e\s\t\s ]]
unit-tests	UNKNOWN STEP	2026-02-15T21:02:36.7075482Z + cat
unit-tests	UNKNOWN STEP	2026-02-15T21:02:36.7087227Z + [[ tests-e2e-fixtures-workstations == \t\e\s\t\-\m\o\c\k\g\c\p ]]
unit-tests	UNKNOWN STEP	2026-02-15T21:02:36.7087919Z + [[ tests-e2e-fixtures-workstations == \u\n\i\t\-\t\e\s\t\s ]]
unit-tests	UNKNOWN STEP	2026-02-15T21:02:36.7088669Z + cat
unit-tests	UNKNOWN STEP	2026-02-15T21:02:36.7099617Z + for f in $(find dev/ci/presubmits -type f | sort)
unit-tests	UNKNOWN STEP	2026-02-15T21:02:36.7103190Z ++ basename dev/ci/presubmits/tests-e2e-samples-alloydb
unit-tests	UNKNOWN STEP	2026-02-15T21:02:36.7113818Z + name=tests-e2e-samples-alloydb
unit-tests	UNKNOWN STEP	2026-02-15T21:02:36.7114080Z + cat
unit-tests	UNKNOWN STEP	2026-02-15T21:02:36.7126162Z + [[ tests-e2e-samples-alloydb == tests-e2e-* ]]
unit-tests	UNKNOWN STEP	2026-02-15T21:02:36.7127038Z + cat
unit-tests	UNKNOWN STEP	2026-02-15T21:02:36.7138098Z + cat
unit-tests	UNKNOWN STEP	2026-02-15T21:02:36.7150038Z + [[ tests-e2e-samples-alloydb == \u\n\i\t\-\t\e\s\t\s ]]
unit-tests	UNKNOWN STEP	2026-02-15T21:02:36.7150412Z + cat
unit-tests	UNKNOWN STEP	2026-02-15T21:02:36.7162684Z + [[ tests-e2e-samples-alloydb == \t\e\s\t\-\m\o\c\k\g\c\p ]]
unit-tests	UNKNOWN STEP	2026-02-15T21:02:36.7163508Z + [[ tests-e2e-samples-alloydb == \u\n\i\t\-\t\e\s\t\s ]]
unit-tests	UNKNOWN STEP	2026-02-15T21:02:36.7164165Z + cat
unit-tests	UNKNOWN STEP	2026-02-15T21:02:36.7174831Z + for f in $(find dev/ci/presubmits -type f | sort)
unit-tests	UNKNOWN STEP	2026-02-15T21:02:36.7178330Z ++ basename dev/ci/presubmits/tests-e2e-samples-apigateway
unit-tests	UNKNOWN STEP	2026-02-15T21:02:36.7188913Z + name=tests-e2e-samples-apigateway
unit-tests	UNKNOWN STEP	2026-02-15T21:02:36.7189192Z + cat
unit-tests	UNKNOWN STEP	2026-02-15T21:02:36.7202598Z + [[ tests-e2e-samples-apigateway == tests-e2e-* ]]
unit-tests	UNKNOWN STEP	2026-02-15T21:02:36.7202902Z + cat
unit-tests	UNKNOWN STEP	2026-02-15T21:02:36.7214627Z + cat
unit-tests	UNKNOWN STEP	2026-02-15T21:02:36.7226613Z + [[ tests-e2e-samples-apigateway == \u\n\i\t\-\t\e\s\t\s ]]
unit-tests	UNKNOWN STEP	2026-02-15T21:02:36.7226979Z + cat
unit-tests	UNKNOWN STEP	2026-02-15T21:02:36.7239410Z + [[ tests-e2e-samples-apigateway == \t\e\s\t\-\m\o\c\k\g\c\p ]]
unit-tests	UNKNOWN STEP	2026-02-15T21:02:36.7239899Z + [[ tests-e2e-samples-apigateway == \u\n\i\t\-\t\e\s\t\s ]]
unit-tests	UNKNOWN STEP	2026-02-15T21:02:36.7240587Z + cat
unit-tests	UNKNOWN STEP	2026-02-15T21:02:36.7251830Z + for f in $(find dev/ci/presubmits -type f | sort)
unit-tests	UNKNOWN STEP	2026-02-15T21:02:36.7255251Z ++ basename dev/ci/presubmits/tests-e2e-samples-apigee
unit-tests	UNKNOWN STEP	2026-02-15T21:02:36.7265965Z + name=tests-e2e-samples-apigee
unit-tests	UNKNOWN STEP	2026-02-15T21:02:36.7266234Z + cat
unit-tests	UNKNOWN STEP	2026-02-15T21:02:36.7278299Z + [[ tests-e2e-samples-apigee == tests-e2e-* ]]
unit-tests	UNKNOWN STEP	2026-02-15T21:02:36.7278619Z + cat
unit-tests	UNKNOWN STEP	2026-02-15T21:02:36.7290170Z + cat
unit-tests	UNKNOWN STEP	2026-02-15T21:02:36.7302201Z + [[ tests-e2e-samples-apigee == \u\n\i\t\-\t\e\s\t\s ]]
unit-tests	UNKNOWN STEP	2026-02-15T21:02:36.7302551Z + cat
unit-tests	UNKNOWN STEP	2026-02-15T21:02:36.7314881Z + [[ tests-e2e-samples-apigee == \t\e\s\t\-\m\o\c\k\g\c\p ]]
unit-tests	UNKNOWN STEP	2026-02-15T21:02:36.7315354Z + [[ tests-e2e-samples-apigee == \u\n\i\t\-\t\e\s\t\s ]]
unit-tests	UNKNOWN STEP	2026-02-15T21:02:36.7316034Z + cat
unit-tests	UNKNOWN STEP	2026-02-15T21:02:36.7327231Z + for f in $(find dev/ci/presubmits -type f | sort)
unit-tests	UNKNOWN STEP	2026-02-15T21:02:36.7330651Z ++ basename dev/ci/presubmits/tests-e2e-samples-bigquery
unit-tests	UNKNOWN STEP	2026-02-15T21:02:36.7341521Z + name=tests-e2e-samples-bigquery
unit-tests	UNKNOWN STEP	2026-02-15T21:02:36.7341801Z + cat
unit-tests	UNKNOWN STEP	2026-02-15T21:02:36.7353953Z + [[ tests-e2e-samples-bigquery == tests-e2e-* ]]
unit-tests	UNKNOWN STEP	2026-02-15T21:02:36.7354292Z + cat
unit-tests	UNKNOWN STEP	2026-02-15T21:02:36.7365984Z + cat
unit-tests	UNKNOWN STEP	2026-02-15T21:02:36.7377792Z + [[ tests-e2e-samples-bigquery == \u\n\i\t\-\t\e\s\t\s ]]
unit-tests	UNKNOWN STEP	2026-02-15T21:02:36.7378146Z + cat
unit-tests	UNKNOWN STEP	2026-02-15T21:02:36.7389790Z + [[ tests-e2e-samples-bigquery == \t\e\s\t\-\m\o\c\k\g\c\p ]]
unit-tests	UNKNOWN STEP	2026-02-15T21:02:36.7390290Z + [[ tests-e2e-samples-bigquery == \u\n\i\t\-\t\e\s\t\s ]]
unit-tests	UNKNOWN STEP	2026-02-15T21:02:36.7390991Z + cat
unit-tests	UNKNOWN STEP	2026-02-15T21:02:36.7402520Z + for f in $(find dev/ci/presubmits -type f | sort)
unit-tests	UNKNOWN STEP	2026-02-15T21:02:36.7406168Z ++ basename dev/ci/presubmits/tests-e2e-samples-bigqueryconnection
unit-tests	UNKNOWN STEP	2026-02-15T21:02:36.7416090Z + name=tests-e2e-samples-bigqueryconnection
unit-tests	UNKNOWN STEP	2026-02-15T21:02:36.7416646Z + cat
unit-tests	UNKNOWN STEP	2026-02-15T21:02:36.7428136Z + [[ tests-e2e-samples-bigqueryconnection == tests-e2e-* ]]
unit-tests	UNKNOWN STEP	2026-02-15T21:02:36.7428858Z + cat
unit-tests	UNKNOWN STEP	2026-02-15T21:02:36.7439984Z + cat
unit-tests	UNKNOWN STEP	2026-02-15T21:02:36.7451827Z + [[ tests-e2e-samples-bigqueryconnection == \u\n\i\t\-\t\e\s\t\s ]]
unit-tests	UNKNOWN STEP	2026-02-15T21:02:36.7452229Z + cat
unit-tests	UNKNOWN STEP	2026-02-15T21:02:36.7465151Z + [[ tests-e2e-samples-bigqueryconnection == \t\e\s\t\-\m\o\c\k\g\c\p ]]
unit-tests	UNKNOWN STEP	2026-02-15T21:02:36.7466053Z + [[ tests-e2e-samples-bigqueryconnection == \u\n\i\t\-\t\e\s\t\s ]]
unit-tests	UNKNOWN STEP	2026-02-15T21:02:36.7466826Z + cat
unit-tests	UNKNOWN STEP	2026-02-15T21:02:36.7477582Z + for f in $(find dev/ci/presubmits -type f | sort)
unit-tests	UNKNOWN STEP	2026-02-15T21:02:36.7481259Z ++ basename dev/ci/presubmits/tests-e2e-samples-bigquerydatapolicy
unit-tests	UNKNOWN STEP	2026-02-15T21:02:36.7491581Z + name=tests-e2e-samples-bigquerydatapolicy
unit-tests	UNKNOWN STEP	2026-02-15T21:02:36.7492217Z + cat
unit-tests	UNKNOWN STEP	2026-02-15T21:02:36.7503905Z + [[ tests-e2e-samples-bigquerydatapolicy == tests-e2e-* ]]
unit-tests	UNKNOWN STEP	2026-02-15T21:02:36.7504706Z + cat
unit-tests	UNKNOWN STEP	2026-02-15T21:02:36.7515944Z + cat
unit-tests	UNKNOWN STEP	2026-02-15T21:02:36.7528010Z + [[ tests-e2e-samples-bigquerydatapolicy == \u\n\i\t\-\t\e\s\t\s ]]
unit-tests	UNKNOWN STEP	2026-02-15T21:02:36.7528821Z + cat
unit-tests	UNKNOWN STEP	2026-02-15T21:02:36.7540305Z + [[ tests-e2e-samples-bigquerydatapolicy == \t\e\s\t\-\m\o\c\k\g\c\p ]]
unit-tests	UNKNOWN STEP	2026-02-15T21:02:36.7542041Z + [[ tests-e2e-samples-bigquerydatapolicy == \u\n\i\t\-\t\e\s\t\s ]]
unit-tests	UNKNOWN STEP	2026-02-15T21:02:36.7542478Z + cat
unit-tests	UNKNOWN STEP	2026-02-15T21:02:36.7552534Z + for f in $(find dev/ci/presubmits -type f | sort)
unit-tests	UNKNOWN STEP	2026-02-15T21:02:36.7555390Z ++ basename dev/ci/presubmits/tests-e2e-samples-bigquerydatatransfer
unit-tests	UNKNOWN STEP	2026-02-15T21:02:36.7565755Z + name=tests-e2e-samples-bigquerydatatransfer
unit-tests	UNKNOWN STEP	2026-02-15T21:02:36.7566423Z + cat
unit-tests	UNKNOWN STEP	2026-02-15T21:02:36.7577754Z + [[ tests-e2e-samples-bigquerydatatransfer == tests-e2e-* ]]
unit-tests	UNKNOWN STEP	2026-02-15T21:02:36.7578503Z + cat
unit-tests	UNKNOWN STEP	2026-02-15T21:02:36.7589311Z + cat
unit-tests	UNKNOWN STEP	2026-02-15T21:02:36.7601659Z + [[ tests-e2e-samples-bigquerydatatransfer == \u\n\i\t\-\t\e\s\t\s ]]
unit-tests	UNKNOWN STEP	2026-02-15T21:02:36.7602529Z + cat
unit-tests	UNKNOWN STEP	2026-02-15T21:02:36.7613948Z + [[ tests-e2e-samples-bigquerydatatransfer == \t\e\s\t\-\m\o\c\k\g\c\p ]]
unit-tests	UNKNOWN STEP	2026-02-15T21:02:36.7615203Z + [[ tests-e2e-samples-bigquerydatatransfer == \u\n\i\t\-\t\e\s\t\s ]]
unit-tests	UNKNOWN STEP	2026-02-15T21:02:36.7615863Z + cat
unit-tests	UNKNOWN STEP	2026-02-15T21:02:36.7625874Z + for f in $(find dev/ci/presubmits -type f | sort)
unit-tests	UNKNOWN STEP	2026-02-15T21:02:36.7629071Z ++ basename dev/ci/presubmits/tests-e2e-samples-cloudbuild
unit-tests	UNKNOWN STEP	2026-02-15T21:02:36.7639803Z + name=tests-e2e-samples-cloudbuild
unit-tests	UNKNOWN STEP	2026-02-15T21:02:36.7640299Z + cat
unit-tests	UNKNOWN STEP	2026-02-15T21:02:36.7652044Z + [[ tests-e2e-samples-cloudbuild == tests-e2e-* ]]
unit-tests	UNKNOWN STEP	2026-02-15T21:02:36.7652660Z + cat
unit-tests	UNKNOWN STEP	2026-02-15T21:02:36.7663735Z + cat
unit-tests	UNKNOWN STEP	2026-02-15T21:02:36.7676992Z + [[ tests-e2e-samples-cloudbuild == \u\n\i\t\-\t\e\s\t\s ]]
unit-tests	UNKNOWN STEP	2026-02-15T21:02:36.7677779Z + cat
unit-tests	UNKNOWN STEP	2026-02-15T21:02:36.7688941Z + [[ tests-e2e-samples-cloudbuild == \t\e\s\t\-\m\o\c\k\g\c\p ]]
unit-tests	UNKNOWN STEP	2026-02-15T21:02:36.7689998Z + [[ tests-e2e-samples-cloudbuild == \u\n\i\t\-\t\e\s\t\s ]]
unit-tests	UNKNOWN STEP	2026-02-15T21:02:36.7690678Z + cat
unit-tests	UNKNOWN STEP	2026-02-15T21:02:36.7700690Z + for f in $(find dev/ci/presubmits -type f | sort)
unit-tests	UNKNOWN STEP	2026-02-15T21:02:36.7704087Z ++ basename dev/ci/presubmits/tests-e2e-samples-cloudidentity
unit-tests	UNKNOWN STEP	2026-02-15T21:02:36.7714700Z + name=tests-e2e-samples-cloudidentity
unit-tests	UNKNOWN STEP	2026-02-15T21:02:36.7715216Z + cat
unit-tests	UNKNOWN STEP	2026-02-15T21:02:36.7726711Z + [[ tests-e2e-samples-cloudidentity == tests-e2e-* ]]
unit-tests	UNKNOWN STEP	2026-02-15T21:02:36.7727350Z + cat
unit-tests	UNKNOWN STEP	2026-02-15T21:02:36.7738298Z + cat
unit-tests	UNKNOWN STEP	2026-02-15T21:02:36.7750296Z + [[ tests-e2e-samples-cloudidentity == \u\n\i\t\-\t\e\s\t\s ]]
unit-tests	UNKNOWN STEP	2026-02-15T21:02:36.7751221Z + cat
unit-tests	UNKNOWN STEP	2026-02-15T21:02:36.7762438Z + [[ tests-e2e-samples-cloudidentity == \t\e\s\t\-\m\o\c\k\g\c\p ]]
unit-tests	UNKNOWN STEP	2026-02-15T21:02:36.7763496Z + [[ tests-e2e-samples-cloudidentity == \u\n\i\t\-\t\e\s\t\s ]]
unit-tests	UNKNOWN STEP	2026-02-15T21:02:36.7764240Z + cat
unit-tests	UNKNOWN STEP	2026-02-15T21:02:36.7774547Z + for f in $(find dev/ci/presubmits -type f | sort)
unit-tests	UNKNOWN STEP	2026-02-15T21:02:36.7777679Z ++ basename dev/ci/presubmits/tests-e2e-samples-compute
unit-tests	UNKNOWN STEP	2026-02-15T21:02:36.7787841Z + name=tests-e2e-samples-compute
unit-tests	UNKNOWN STEP	2026-02-15T21:02:36.7788361Z + cat
unit-tests	UNKNOWN STEP	2026-02-15T21:02:36.7800224Z + [[ tests-e2e-samples-compute == tests-e2e-* ]]
unit-tests	UNKNOWN STEP	2026-02-15T21:02:36.7800839Z + cat
unit-tests	UNKNOWN STEP	2026-02-15T21:02:36.7813964Z + cat
unit-tests	UNKNOWN STEP	2026-02-15T21:02:36.7826100Z + [[ tests-e2e-samples-compute == \u\n\i\t\-\t\e\s\t\s ]]
unit-tests	UNKNOWN STEP	2026-02-15T21:02:36.7826798Z + cat
unit-tests	UNKNOWN STEP	2026-02-15T21:02:36.7838200Z + [[ tests-e2e-samples-compute == \t\e\s\t\-\m\o\c\k\g\c\p ]]
unit-tests	UNKNOWN STEP	2026-02-15T21:02:36.7839140Z + [[ tests-e2e-samples-compute == \u\n\i\t\-\t\e\s\t\s ]]
unit-tests	UNKNOWN STEP	2026-02-15T21:02:36.7839852Z + cat
unit-tests	UNKNOWN STEP	2026-02-15T21:02:36.7850561Z + for f in $(find dev/ci/presubmits -type f | sort)
unit-tests	UNKNOWN STEP	2026-02-15T21:02:36.7853901Z ++ basename dev/ci/presubmits/tests-e2e-samples-dataflow
unit-tests	UNKNOWN STEP	2026-02-15T21:02:36.7864389Z + name=tests-e2e-samples-dataflow
unit-tests	UNKNOWN STEP	2026-02-15T21:02:36.7864915Z + cat
unit-tests	UNKNOWN STEP	2026-02-15T21:02:36.7876626Z + [[ tests-e2e-samples-dataflow == tests-e2e-* ]]
unit-tests	UNKNOWN STEP	2026-02-15T21:02:36.7877211Z + cat
unit-tests	UNKNOWN STEP	2026-02-15T21:02:36.7889343Z + cat
unit-tests	UNKNOWN STEP	2026-02-15T21:02:36.7901504Z + [[ tests-e2e-samples-dataflow == \u\n\i\t\-\t\e\s\t\s ]]
unit-tests	UNKNOWN STEP	2026-02-15T21:02:36.7902156Z + cat
unit-tests	UNKNOWN STEP	2026-02-15T21:02:36.7913617Z + [[ tests-e2e-samples-dataflow == \t\e\s\t\-\m\o\c\k\g\c\p ]]
unit-tests	UNKNOWN STEP	2026-02-15T21:02:36.7914604Z + [[ tests-e2e-samples-dataflow == \u\n\i\t\-\t\e\s\t\s ]]
unit-tests	UNKNOWN STEP	2026-02-15T21:02:36.7915345Z + cat
unit-tests	UNKNOWN STEP	2026-02-15T21:02:36.7926449Z + for f in $(find dev/ci/presubmits -type f | sort)
unit-tests	UNKNOWN STEP	2026-02-15T21:02:36.7929635Z ++ basename dev/ci/presubmits/tests-e2e-samples-dataproc
unit-tests	UNKNOWN STEP	2026-02-15T21:02:36.7939457Z + name=tests-e2e-samples-dataproc
unit-tests	UNKNOWN STEP	2026-02-15T21:02:36.7940295Z + cat
unit-tests	UNKNOWN STEP	2026-02-15T21:02:36.7951622Z + [[ tests-e2e-samples-dataproc == tests-e2e-* ]]
unit-tests	UNKNOWN STEP	2026-02-15T21:02:36.7952317Z + cat
unit-tests	UNKNOWN STEP	2026-02-15T21:02:36.7963940Z + cat
unit-tests	UNKNOWN STEP	2026-02-15T21:02:36.7976185Z + [[ tests-e2e-samples-dataproc == \u\n\i\t\-\t\e\s\t\s ]]
unit-tests	UNKNOWN STEP	2026-02-15T21:02:36.7976943Z + cat
unit-tests	UNKNOWN STEP	2026-02-15T21:02:36.7988101Z + [[ tests-e2e-samples-dataproc == \t\e\s\t\-\m\o\c\k\g\c\p ]]
unit-tests	UNKNOWN STEP	2026-02-15T21:02:36.7989077Z + [[ tests-e2e-samples-dataproc == \u\n\i\t\-\t\e\s\t\s ]]
unit-tests	UNKNOWN STEP	2026-02-15T21:02:36.7989829Z + cat
unit-tests	UNKNOWN STEP	2026-02-15T21:02:36.8000184Z + for f in $(find dev/ci/presubmits -type f | sort)
unit-tests	UNKNOWN STEP	2026-02-15T21:02:36.8004805Z ++ basename dev/ci/presubmits/tests-e2e-samples-gkehub
unit-tests	UNKNOWN STEP	2026-02-15T21:02:36.8014628Z + name=tests-e2e-samples-gkehub
unit-tests	UNKNOWN STEP	2026-02-15T21:02:36.8015145Z + cat
unit-tests	UNKNOWN STEP	2026-02-15T21:02:36.8026585Z + [[ tests-e2e-samples-gkehub == tests-e2e-* ]]
unit-tests	UNKNOWN STEP	2026-02-15T21:02:36.8027246Z + cat
unit-tests	UNKNOWN STEP	2026-02-15T21:02:36.8038274Z + cat
unit-tests	UNKNOWN STEP	2026-02-15T21:02:36.8051013Z + [[ tests-e2e-samples-gkehub == \u\n\i\t\-\t\e\s\t\s ]]
unit-tests	UNKNOWN STEP	2026-02-15T21:02:36.8051533Z + cat
unit-tests	UNKNOWN STEP	2026-02-15T21:02:36.8063460Z + [[ tests-e2e-samples-gkehub == \t\e\s\t\-\m\o\c\k\g\c\p ]]
unit-tests	UNKNOWN STEP	2026-02-15T21:02:36.8063946Z + [[ tests-e2e-samples-gkehub == \u\n\i\t\-\t\e\s\t\s ]]
unit-tests	UNKNOWN STEP	2026-02-15T21:02:36.8064640Z + cat
unit-tests	UNKNOWN STEP	2026-02-15T21:02:36.8076169Z + for f in $(find dev/ci/presubmits -type f | sort)
unit-tests	UNKNOWN STEP	2026-02-15T21:02:36.8079634Z ++ basename dev/ci/presubmits/tests-e2e-samples-iam
unit-tests	UNKNOWN STEP	2026-02-15T21:02:36.8090499Z + name=tests-e2e-samples-iam
unit-tests	UNKNOWN STEP	2026-02-15T21:02:36.8090881Z + cat
unit-tests	UNKNOWN STEP	2026-02-15T21:02:36.8103248Z + [[ tests-e2e-samples-iam == tests-e2e-* ]]
unit-tests	UNKNOWN STEP	2026-02-15T21:02:36.8103729Z + cat
unit-tests	UNKNOWN STEP	2026-02-15T21:02:36.8115286Z + cat
unit-tests	UNKNOWN STEP	2026-02-15T21:02:36.8127432Z + [[ tests-e2e-samples-iam == \u\n\i\t\-\t\e\s\t\s ]]
unit-tests	UNKNOWN STEP	2026-02-15T21:02:36.8127954Z + cat
unit-tests	UNKNOWN STEP	2026-02-15T21:02:36.8139664Z + [[ tests-e2e-samples-iam == \t\e\s\t\-\m\o\c\k\g\c\p ]]
unit-tests	UNKNOWN STEP	2026-02-15T21:02:36.8140424Z + [[ tests-e2e-samples-iam == \u\n\i\t\-\t\e\s\t\s ]]
unit-tests	UNKNOWN STEP	2026-02-15T21:02:36.8141022Z + cat
unit-tests	UNKNOWN STEP	2026-02-15T21:02:36.8152150Z + for f in $(find dev/ci/presubmits -type f | sort)
unit-tests	UNKNOWN STEP	2026-02-15T21:02:36.8155485Z ++ basename dev/ci/presubmits/tests-e2e-samples-kms
unit-tests	UNKNOWN STEP	2026-02-15T21:02:36.8165992Z + name=tests-e2e-samples-kms
unit-tests	UNKNOWN STEP	2026-02-15T21:02:36.8166425Z + cat
unit-tests	UNKNOWN STEP	2026-02-15T21:02:36.8178073Z + [[ tests-e2e-samples-kms == tests-e2e-* ]]
unit-tests	UNKNOWN STEP	2026-02-15T21:02:36.8178588Z + cat
unit-tests	UNKNOWN STEP	2026-02-15T21:02:36.8189796Z + cat
unit-tests	UNKNOWN STEP	2026-02-15T21:02:36.8201622Z + [[ tests-e2e-samples-kms == \u\n\i\t\-\t\e\s\t\s ]]
unit-tests	UNKNOWN STEP	2026-02-15T21:02:36.8202181Z + cat
unit-tests	UNKNOWN STEP	2026-02-15T21:02:36.8213805Z + [[ tests-e2e-samples-kms == \t\e\s\t\-\m\o\c\k\g\c\p ]]
unit-tests	UNKNOWN STEP	2026-02-15T21:02:36.8214645Z + [[ tests-e2e-samples-kms == \u\n\i\t\-\t\e\s\t\s ]]
unit-tests	UNKNOWN STEP	2026-02-15T21:02:36.8215392Z + cat
unit-tests	UNKNOWN STEP	2026-02-15T21:02:36.8226556Z + for f in $(find dev/ci/presubmits -type f | sort)
unit-tests	UNKNOWN STEP	2026-02-15T21:02:36.8229707Z ++ basename dev/ci/presubmits/tests-e2e-samples-orgpolicy
unit-tests	UNKNOWN STEP	2026-02-15T21:02:36.8239790Z + name=tests-e2e-samples-orgpolicy
unit-tests	UNKNOWN STEP	2026-02-15T21:02:36.8240265Z + cat
unit-tests	UNKNOWN STEP	2026-02-15T21:02:36.8252625Z + [[ tests-e2e-samples-orgpolicy == tests-e2e-* ]]
unit-tests	UNKNOWN STEP	2026-02-15T21:02:36.8253183Z + cat
unit-tests	UNKNOWN STEP	2026-02-15T21:02:36.8264920Z + cat
unit-tests	UNKNOWN STEP	2026-02-15T21:02:36.8277419Z + [[ tests-e2e-samples-orgpolicy == \u\n\i\t\-\t\e\s\t\s ]]
unit-tests	UNKNOWN STEP	2026-02-15T21:02:36.8278387Z + cat
unit-tests	UNKNOWN STEP	2026-02-15T21:02:36.8289647Z + [[ tests-e2e-samples-orgpolicy == \t\e\s\t\-\m\o\c\k\g\c\p ]]
unit-tests	UNKNOWN STEP	2026-02-15T21:02:36.8290672Z + [[ tests-e2e-samples-orgpolicy == \u\n\i\t\-\t\e\s\t\s ]]
unit-tests	UNKNOWN STEP	2026-02-15T21:02:36.8291655Z + cat
unit-tests	UNKNOWN STEP	2026-02-15T21:02:36.8302287Z + for f in $(find dev/ci/presubmits -type f | sort)
unit-tests	UNKNOWN STEP	2026-02-15T21:02:36.8315468Z ++ basename dev/ci/presubmits/tests-e2e-samples-redis
unit-tests	UNKNOWN STEP	2026-02-15T21:02:36.8316083Z + name=tests-e2e-samples-redis
unit-tests	UNKNOWN STEP	2026-02-15T21:02:36.8316597Z + cat
unit-tests	UNKNOWN STEP	2026-02-15T21:02:36.8328606Z + [[ tests-e2e-samples-redis == tests-e2e-* ]]
unit-tests	UNKNOWN STEP	2026-02-15T21:02:36.8329085Z + cat
unit-tests	UNKNOWN STEP	2026-02-15T21:02:36.8340718Z + cat
unit-tests	UNKNOWN STEP	2026-02-15T21:02:36.8353832Z + [[ tests-e2e-samples-redis == \u\n\i\t\-\t\e\s\t\s ]]
unit-tests	UNKNOWN STEP	2026-02-15T21:02:36.8354829Z + cat
unit-tests	UNKNOWN STEP	2026-02-15T21:02:36.8366108Z + [[ tests-e2e-samples-redis == \t\e\s\t\-\m\o\c\k\g\c\p ]]
unit-tests	UNKNOWN STEP	2026-02-15T21:02:36.8367180Z + [[ tests-e2e-samples-redis == \u\n\i\t\-\t\e\s\t\s ]]
unit-tests	UNKNOWN STEP	2026-02-15T21:02:36.8367728Z + cat
unit-tests	UNKNOWN STEP	2026-02-15T21:02:36.8378449Z + for f in $(find dev/ci/presubmits -type f | sort)
unit-tests	UNKNOWN STEP	2026-02-15T21:02:36.8382108Z ++ basename dev/ci/presubmits/tests-e2e-samples-secretmanager
unit-tests	UNKNOWN STEP	2026-02-15T21:02:36.8392055Z + name=tests-e2e-samples-secretmanager
unit-tests	UNKNOWN STEP	2026-02-15T21:02:36.8392578Z + cat
unit-tests	UNKNOWN STEP	2026-02-15T21:02:36.8404663Z + [[ tests-e2e-samples-secretmanager == tests-e2e-* ]]
unit-tests	UNKNOWN STEP	2026-02-15T21:02:36.8405346Z + cat
unit-tests	UNKNOWN STEP	2026-02-15T21:02:36.8416589Z + cat
unit-tests	UNKNOWN STEP	2026-02-15T21:02:36.8428897Z + [[ tests-e2e-samples-secretmanager == \u\n\i\t\-\t\e\s\t\s ]]
unit-tests	UNKNOWN STEP	2026-02-15T21:02:36.8429693Z + cat
unit-tests	UNKNOWN STEP	2026-02-15T21:02:36.8441313Z + [[ tests-e2e-samples-secretmanager == \t\e\s\t\-\m\o\c\k\g\c\p ]]
unit-tests	UNKNOWN STEP	2026-02-15T21:02:36.8442377Z + [[ tests-e2e-samples-secretmanager == \u\n\i\t\-\t\e\s\t\s ]]
unit-tests	UNKNOWN STEP	2026-02-15T21:02:36.8443021Z + cat
unit-tests	UNKNOWN STEP	2026-02-15T21:02:36.8455368Z + for f in $(find dev/ci/presubmits -type f | sort)
unit-tests	UNKNOWN STEP	2026-02-15T21:02:36.8458512Z ++ basename dev/ci/presubmits/tests-e2e-samples-spanner
unit-tests	UNKNOWN STEP	2026-02-15T21:02:36.8468618Z + name=tests-e2e-samples-spanner
unit-tests	UNKNOWN STEP	2026-02-15T21:02:36.8469006Z + cat
unit-tests	UNKNOWN STEP	2026-02-15T21:02:36.8481260Z + [[ tests-e2e-samples-spanner == tests-e2e-* ]]
unit-tests	UNKNOWN STEP	2026-02-15T21:02:36.8481771Z + cat
unit-tests	UNKNOWN STEP	2026-02-15T21:02:36.8494787Z + cat
unit-tests	UNKNOWN STEP	2026-02-15T21:02:36.8506989Z + [[ tests-e2e-samples-spanner == \u\n\i\t\-\t\e\s\t\s ]]
unit-tests	UNKNOWN STEP	2026-02-15T21:02:36.8507681Z + cat
unit-tests	UNKNOWN STEP	2026-02-15T21:02:36.8519197Z + [[ tests-e2e-samples-spanner == \t\e\s\t\-\m\o\c\k\g\c\p ]]
unit-tests	UNKNOWN STEP	2026-02-15T21:02:36.8520137Z + [[ tests-e2e-samples-spanner == \u\n\i\t\-\t\e\s\t\s ]]
unit-tests	UNKNOWN STEP	2026-02-15T21:02:36.8520789Z + cat
unit-tests	UNKNOWN STEP	2026-02-15T21:02:36.8531685Z + for f in $(find dev/ci/presubmits -type f | sort)
unit-tests	UNKNOWN STEP	2026-02-15T21:02:36.8534998Z ++ basename dev/ci/presubmits/tests-e2e-samples-sql
unit-tests	UNKNOWN STEP	2026-02-15T21:02:36.8545074Z + name=tests-e2e-samples-sql
unit-tests	UNKNOWN STEP	2026-02-15T21:02:36.8545527Z + cat
unit-tests	UNKNOWN STEP	2026-02-15T21:02:36.8557538Z + [[ tests-e2e-samples-sql == tests-e2e-* ]]
unit-tests	UNKNOWN STEP	2026-02-15T21:02:36.8558103Z + cat
unit-tests	UNKNOWN STEP	2026-02-15T21:02:36.8569652Z + cat
unit-tests	UNKNOWN STEP	2026-02-15T21:02:36.8582350Z + [[ tests-e2e-samples-sql == \u\n\i\t\-\t\e\s\t\s ]]
unit-tests	UNKNOWN STEP	2026-02-15T21:02:36.8583089Z + cat
unit-tests	UNKNOWN STEP	2026-02-15T21:02:36.8594375Z + [[ tests-e2e-samples-sql == \t\e\s\t\-\m\o\c\k\g\c\p ]]
unit-tests	UNKNOWN STEP	2026-02-15T21:02:36.8595179Z + [[ tests-e2e-samples-sql == \u\n\i\t\-\t\e\s\t\s ]]
unit-tests	UNKNOWN STEP	2026-02-15T21:02:36.8595903Z + cat
unit-tests	UNKNOWN STEP	2026-02-15T21:02:36.8606574Z + for f in $(find dev/ci/presubmits -type f | sort)
unit-tests	UNKNOWN STEP	2026-02-15T21:02:36.8609823Z ++ basename dev/ci/presubmits/tests-e2e-samples-storage
unit-tests	UNKNOWN STEP	2026-02-15T21:02:36.8619653Z + name=tests-e2e-samples-storage
unit-tests	UNKNOWN STEP	2026-02-15T21:02:36.8620123Z + cat
unit-tests	UNKNOWN STEP	2026-02-15T21:02:36.8632382Z + [[ tests-e2e-samples-storage == tests-e2e-* ]]
unit-tests	UNKNOWN STEP	2026-02-15T21:02:36.8632920Z + cat
unit-tests	UNKNOWN STEP	2026-02-15T21:02:36.8644346Z + cat
unit-tests	UNKNOWN STEP	2026-02-15T21:02:36.8656929Z + [[ tests-e2e-samples-storage == \u\n\i\t\-\t\e\s\t\s ]]
unit-tests	UNKNOWN STEP	2026-02-15T21:02:36.8657611Z + cat
unit-tests	UNKNOWN STEP	2026-02-15T21:02:36.8669048Z + [[ tests-e2e-samples-storage == \t\e\s\t\-\m\o\c\k\g\c\p ]]
unit-tests	UNKNOWN STEP	2026-02-15T21:02:36.8669897Z + [[ tests-e2e-samples-storage == \u\n\i\t\-\t\e\s\t\s ]]
unit-tests	UNKNOWN STEP	2026-02-15T21:02:36.8670641Z + cat
unit-tests	UNKNOWN STEP	2026-02-15T21:02:36.8681708Z + for f in $(find dev/ci/presubmits -type f | sort)
unit-tests	UNKNOWN STEP	2026-02-15T21:02:36.8684858Z ++ basename dev/ci/presubmits/tests-e2e-samples-unclassified
unit-tests	UNKNOWN STEP	2026-02-15T21:02:36.8695328Z + name=tests-e2e-samples-unclassified
unit-tests	UNKNOWN STEP	2026-02-15T21:02:36.8695813Z + cat
unit-tests	UNKNOWN STEP	2026-02-15T21:02:36.8708887Z + [[ tests-e2e-samples-unclassified == tests-e2e-* ]]
unit-tests	UNKNOWN STEP	2026-02-15T21:02:36.8709444Z + cat
unit-tests	UNKNOWN STEP	2026-02-15T21:02:36.8720893Z + cat
unit-tests	UNKNOWN STEP	2026-02-15T21:02:36.8733300Z + [[ tests-e2e-samples-unclassified == \u\n\i\t\-\t\e\s\t\s ]]
unit-tests	UNKNOWN STEP	2026-02-15T21:02:36.8733887Z + cat
unit-tests	UNKNOWN STEP	2026-02-15T21:02:36.8745776Z + [[ tests-e2e-samples-unclassified == \t\e\s\t\-\m\o\c\k\g\c\p ]]
unit-tests	UNKNOWN STEP	2026-02-15T21:02:36.8746671Z + [[ tests-e2e-samples-unclassified == \u\n\i\t\-\t\e\s\t\s ]]
unit-tests	UNKNOWN STEP	2026-02-15T21:02:36.8747247Z + cat
unit-tests	UNKNOWN STEP	2026-02-15T21:02:36.8758020Z + for f in $(find dev/ci/presubmits -type f | sort)
unit-tests	UNKNOWN STEP	2026-02-15T21:02:36.8761439Z ++ basename dev/ci/presubmits/tests-e2e-samples-workstations
unit-tests	UNKNOWN STEP	2026-02-15T21:02:36.8771722Z + name=tests-e2e-samples-workstations
unit-tests	UNKNOWN STEP	2026-02-15T21:02:36.8772203Z + cat
unit-tests	UNKNOWN STEP	2026-02-15T21:02:36.8784411Z + [[ tests-e2e-samples-workstations == tests-e2e-* ]]
unit-tests	UNKNOWN STEP	2026-02-15T21:02:36.8784990Z + cat
unit-tests	UNKNOWN STEP	2026-02-15T21:02:36.8796454Z + cat
unit-tests	UNKNOWN STEP	2026-02-15T21:02:36.8808470Z + [[ tests-e2e-samples-workstations == \u\n\i\t\-\t\e\s\t\s ]]
unit-tests	UNKNOWN STEP	2026-02-15T21:02:36.8808920Z + cat
unit-tests	UNKNOWN STEP	2026-02-15T21:02:36.8820632Z + [[ tests-e2e-samples-workstations == \t\e\s\t\-\m\o\c\k\g\c\p ]]
unit-tests	UNKNOWN STEP	2026-02-15T21:02:36.8821704Z + [[ tests-e2e-samples-workstations == \u\n\i\t\-\t\e\s\t\s ]]
unit-tests	UNKNOWN STEP	2026-02-15T21:02:36.8822339Z + cat
unit-tests	UNKNOWN STEP	2026-02-15T21:02:36.8834785Z + for f in $(find dev/ci/presubmits -type f | sort)
unit-tests	UNKNOWN STEP	2026-02-15T21:02:36.8837859Z ++ basename dev/ci/presubmits/tests-gcptracker
unit-tests	UNKNOWN STEP	2026-02-15T21:02:36.8848103Z + name=tests-gcptracker
unit-tests	UNKNOWN STEP	2026-02-15T21:02:36.8848458Z + cat
unit-tests	UNKNOWN STEP	2026-02-15T21:02:36.8860700Z + [[ tests-gcptracker == tests-e2e-* ]]
unit-tests	UNKNOWN STEP	2026-02-15T21:02:36.8861287Z + cat
unit-tests	UNKNOWN STEP	2026-02-15T21:02:36.8873268Z + [[ tests-gcptracker == \u\n\i\t\-\t\e\s\t\s ]]
unit-tests	UNKNOWN STEP	2026-02-15T21:02:36.8873764Z + cat
unit-tests	UNKNOWN STEP	2026-02-15T21:02:36.8885670Z + [[ tests-gcptracker == \t\e\s\t\-\m\o\c\k\g\c\p ]]
unit-tests	UNKNOWN STEP	2026-02-15T21:02:36.8886319Z + [[ tests-gcptracker == \u\n\i\t\-\t\e\s\t\s ]]
unit-tests	UNKNOWN STEP	2026-02-15T21:02:36.8887015Z + cat
unit-tests	UNKNOWN STEP	2026-02-15T21:02:36.8898269Z + for f in $(find dev/ci/presubmits -type f | sort)
unit-tests	UNKNOWN STEP	2026-02-15T21:02:36.8901795Z ++ basename dev/ci/presubmits/tests-scenarios-acquisition
unit-tests	UNKNOWN STEP	2026-02-15T21:02:36.8912454Z + name=tests-scenarios-acquisition
unit-tests	UNKNOWN STEP	2026-02-15T21:02:36.8912814Z + cat
unit-tests	UNKNOWN STEP	2026-02-15T21:02:36.8925003Z + [[ tests-scenarios-acquisition == tests-e2e-* ]]
unit-tests	UNKNOWN STEP	2026-02-15T21:02:36.8925446Z + cat
unit-tests	UNKNOWN STEP	2026-02-15T21:02:36.8937327Z + [[ tests-scenarios-acquisition == \u\n\i\t\-\t\e\s\t\s ]]
unit-tests	UNKNOWN STEP	2026-02-15T21:02:36.8937734Z + cat
unit-tests	UNKNOWN STEP	2026-02-15T21:02:36.8949593Z + [[ tests-scenarios-acquisition == \t\e\s\t\-\m\o\c\k\g\c\p ]]
unit-tests	UNKNOWN STEP	2026-02-15T21:02:36.8950463Z + [[ tests-scenarios-acquisition == \u\n\i\t\-\t\e\s\t\s ]]
unit-tests	UNKNOWN STEP	2026-02-15T21:02:36.8951518Z + cat
unit-tests	UNKNOWN STEP	2026-02-15T21:02:36.8963035Z + for f in $(find dev/ci/presubmits -type f | sort)
unit-tests	UNKNOWN STEP	2026-02-15T21:02:36.8966721Z ++ basename dev/ci/presubmits/tests-scenarios-gkehubfeaturemembership
unit-tests	UNKNOWN STEP	2026-02-15T21:02:36.8977346Z + name=tests-scenarios-gkehubfeaturemembership
unit-tests	UNKNOWN STEP	2026-02-15T21:02:36.8977781Z + cat
unit-tests	UNKNOWN STEP	2026-02-15T21:02:36.8990119Z + [[ tests-scenarios-gkehubfeaturemembership == tests-e2e-* ]]
unit-tests	UNKNOWN STEP	2026-02-15T21:02:36.8990666Z + cat
unit-tests	UNKNOWN STEP	2026-02-15T21:02:36.9002510Z + [[ tests-scenarios-gkehubfeaturemembership == \u\n\i\t\-\t\e\s\t\s ]]
unit-tests	UNKNOWN STEP	2026-02-15T21:02:36.9003155Z + cat
unit-tests	UNKNOWN STEP	2026-02-15T21:02:36.9014696Z + [[ tests-scenarios-gkehubfeaturemembership == \t\e\s\t\-\m\o\c\k\g\c\p ]]
unit-tests	UNKNOWN STEP	2026-02-15T21:02:36.9015937Z + [[ tests-scenarios-gkehubfeaturemembership == \u\n\i\t\-\t\e\s\t\s ]]
unit-tests	UNKNOWN STEP	2026-02-15T21:02:36.9016405Z + cat
unit-tests	UNKNOWN STEP	2026-02-15T21:02:36.9027282Z + for f in $(find dev/ci/presubmits -type f | sort)
unit-tests	UNKNOWN STEP	2026-02-15T21:02:36.9030915Z ++ basename dev/ci/presubmits/tests-scenarios-powertool
unit-tests	UNKNOWN STEP	2026-02-15T21:02:36.9041449Z + name=tests-scenarios-powertool
unit-tests	UNKNOWN STEP	2026-02-15T21:02:36.9053608Z + cat
unit-tests	UNKNOWN STEP	2026-02-15T21:02:36.9053998Z + [[ tests-scenarios-powertool == tests-e2e-* ]]
unit-tests	UNKNOWN STEP	2026-02-15T21:02:36.9054632Z + cat
unit-tests	UNKNOWN STEP	2026-02-15T21:02:36.9065984Z + [[ tests-scenarios-powertool == \u\n\i\t\-\t\e\s\t\s ]]
unit-tests	UNKNOWN STEP	2026-02-15T21:02:36.9066443Z + cat
unit-tests	UNKNOWN STEP	2026-02-15T21:02:36.9078088Z + [[ tests-scenarios-powertool == \t\e\s\t\-\m\o\c\k\g\c\p ]]
unit-tests	UNKNOWN STEP	2026-02-15T21:02:36.9078746Z + [[ tests-scenarios-powertool == \u\n\i\t\-\t\e\s\t\s ]]
unit-tests	UNKNOWN STEP	2026-02-15T21:02:36.9079445Z + cat
unit-tests	UNKNOWN STEP	2026-02-15T21:02:36.9090411Z + for f in $(find dev/ci/presubmits -type f | sort)
unit-tests	UNKNOWN STEP	2026-02-15T21:02:36.9093945Z ++ basename dev/ci/presubmits/tests-scenarios-unclassified
unit-tests	UNKNOWN STEP	2026-02-15T21:02:36.9104720Z + name=tests-scenarios-unclassified
unit-tests	UNKNOWN STEP	2026-02-15T21:02:36.9105211Z + cat
unit-tests	UNKNOWN STEP	2026-02-15T21:02:36.9117603Z + [[ tests-scenarios-unclassified == tests-e2e-* ]]
unit-tests	UNKNOWN STEP	2026-02-15T21:02:36.9118270Z + cat
unit-tests	UNKNOWN STEP	2026-02-15T21:02:36.9130093Z + [[ tests-scenarios-unclassified == \u\n\i\t\-\t\e\s\t\s ]]
unit-tests	UNKNOWN STEP	2026-02-15T21:02:36.9131376Z + cat
unit-tests	UNKNOWN STEP	2026-02-15T21:02:36.9142811Z + [[ tests-scenarios-unclassified == \t\e\s\t\-\m\o\c\k\g\c\p ]]
unit-tests	UNKNOWN STEP	2026-02-15T21:02:36.9144208Z + [[ tests-scenarios-unclassified == \u\n\i\t\-\t\e\s\t\s ]]
unit-tests	UNKNOWN STEP	2026-02-15T21:02:36.9144894Z + cat
unit-tests	UNKNOWN STEP	2026-02-15T21:02:36.9155481Z + for f in $(find dev/ci/presubmits -type f | sort)
unit-tests	UNKNOWN STEP	2026-02-15T21:02:36.9158404Z ++ basename dev/ci/presubmits/unit-tests
unit-tests	UNKNOWN STEP	2026-02-15T21:02:36.9168601Z + name=unit-tests
unit-tests	UNKNOWN STEP	2026-02-15T21:02:36.9168997Z + cat
unit-tests	UNKNOWN STEP	2026-02-15T21:02:36.9181238Z + [[ unit-tests == tests-e2e-* ]]
unit-tests	UNKNOWN STEP	2026-02-15T21:02:36.9181713Z + cat
unit-tests	UNKNOWN STEP	2026-02-15T21:02:36.9194361Z + [[ unit-tests == \u\n\i\t\-\t\e\s\t\s ]]
unit-tests	UNKNOWN STEP	2026-02-15T21:02:36.9194749Z + cat
unit-tests	UNKNOWN STEP	2026-02-15T21:02:36.9206302Z + cat
unit-tests	UNKNOWN STEP	2026-02-15T21:02:36.9218235Z + [[ unit-tests == \t\e\s\t\-\m\o\c\k\g\c\p ]]
unit-tests	UNKNOWN STEP	2026-02-15T21:02:36.9218660Z + [[ unit-tests == \u\n\i\t\-\t\e\s\t\s ]]
unit-tests	UNKNOWN STEP	2026-02-15T21:02:36.9219227Z + cat
unit-tests	UNKNOWN STEP	2026-02-15T21:02:36.9230329Z + cat
unit-tests	UNKNOWN STEP	2026-02-15T21:02:36.9243246Z + for f in $(find dev/ci/presubmits -type f | sort)
unit-tests	UNKNOWN STEP	2026-02-15T21:02:36.9246825Z ++ basename dev/ci/presubmits/validate-generated-files
unit-tests	UNKNOWN STEP	2026-02-15T21:02:36.9257241Z + name=validate-generated-files
unit-tests	UNKNOWN STEP	2026-02-15T21:02:36.9257605Z + cat
unit-tests	UNKNOWN STEP	2026-02-15T21:02:36.9270305Z + [[ validate-generated-files == tests-e2e-* ]]
unit-tests	UNKNOWN STEP	2026-02-15T21:02:36.9270736Z + cat
unit-tests	UNKNOWN STEP	2026-02-15T21:02:36.9282703Z + [[ validate-generated-files == \u\n\i\t\-\t\e\s\t\s ]]
unit-tests	UNKNOWN STEP	2026-02-15T21:02:36.9283313Z + cat
unit-tests	UNKNOWN STEP	2026-02-15T21:02:36.9294913Z + [[ validate-generated-files == \t\e\s\t\-\m\o\c\k\g\c\p ]]
unit-tests	UNKNOWN STEP	2026-02-15T21:02:36.9295730Z + [[ validate-generated-files == \u\n\i\t\-\t\e\s\t\s ]]
unit-tests	UNKNOWN STEP	2026-02-15T21:02:36.9296434Z + cat
unit-tests	UNKNOWN STEP	2026-02-15T21:02:36.9308140Z + cat
unit-tests	UNKNOWN STEP	2026-02-15T21:02:36.9325307Z go generate ./pkg/apis/...
unit-tests	UNKNOWN STEP	2026-02-15T21:02:37.0486362Z go: downloading k8s.io/code-generator v0.29.0
unit-tests	UNKNOWN STEP	2026-02-15T21:02:37.8808632Z go: downloading k8s.io/gengo v0.0.0-20230829151522-9cce18d56c01
unit-tests	UNKNOWN STEP	2026-02-15T21:02:37.8809281Z go: downloading k8s.io/klog/v2 v2.110.1
unit-tests	UNKNOWN STEP	2026-02-15T21:02:37.9140105Z go: downloading github.com/go-logr/logr v1.3.0
unit-tests	UNKNOWN STEP	2026-02-15T21:02:38.5282985Z go: downloading golang.org/x/tools v0.12.0
unit-tests	UNKNOWN STEP	2026-02-15T21:02:38.8369712Z go: downloading golang.org/x/mod v0.12.0
unit-tests	UNKNOWN STEP	2026-02-15T21:02:38.8372142Z go: downloading golang.org/x/sys v0.13.0
unit-tests	UNKNOWN STEP	2026-02-15T21:03:16.7421925Z make -C operator generate
unit-tests	UNKNOWN STEP	2026-02-15T21:03:16.7435413Z make[1]: Entering directory '/home/runner/work/k8s-config-connector/k8s-config-connector/operator'
unit-tests	UNKNOWN STEP	2026-02-15T21:03:16.7496559Z go run sigs.k8s.io/controller-tools/cmd/controller-gen@v0.16.5 object paths="./..."
unit-tests	UNKNOWN STEP	2026-02-15T21:03:19.2378632Z make[1]: Leaving directory '/home/runner/work/k8s-config-connector/k8s-config-connector/operator'
unit-tests	UNKNOWN STEP	2026-02-15T21:03:19.2379905Z make fmt
unit-tests	UNKNOWN STEP	2026-02-15T21:03:19.2393351Z make[1]: Entering directory '/home/runner/work/k8s-config-connector/k8s-config-connector'
unit-tests	UNKNOWN STEP	2026-02-15T21:03:19.2414211Z mockgcp/dev/tasks/fix-gofmt
unit-tests	UNKNOWN STEP	2026-02-15T21:03:25.3902134Z make -C operator fmt
unit-tests	UNKNOWN STEP	2026-02-15T21:03:25.3914127Z make[2]: Entering directory '/home/runner/work/k8s-config-connector/k8s-config-connector/operator'
unit-tests	UNKNOWN STEP	2026-02-15T21:03:25.3973005Z go fmt ./...
unit-tests	UNKNOWN STEP	2026-02-15T21:03:25.6139722Z make[2]: Leaving directory '/home/runner/work/k8s-config-connector/k8s-config-connector/operator'
unit-tests	UNKNOWN STEP	2026-02-15T21:03:25.6140933Z dev/tasks/fix-gofmt
unit-tests	UNKNOWN STEP	2026-02-15T21:03:33.5633209Z # 04bfe4ee9ca5764577b029acc6a1957fd1997153 includes fix to not log "Skipped" for each skipped file
unit-tests	UNKNOWN STEP	2026-02-15T21:03:33.5642090Z GOFLAGS= go run github.com/google/addlicense@04bfe4ee9ca5764577b029acc6a1957fd1997153 -c "Google LLC" -l apache \
unit-tests	UNKNOWN STEP	2026-02-15T21:03:33.5643252Z -ignore ".build/**" -ignore "vendor/**" -ignore "third_party/**" \
unit-tests	UNKNOWN STEP	2026-02-15T21:03:33.5644115Z -ignore "config/crds/**" -ignore "config/cloudcodesnippets/**" \
unit-tests	UNKNOWN STEP	2026-02-15T21:03:33.5645170Z -ignore "**/*.html" -ignore "config/installbundle/components/clusterroles/cnrm_admin.yaml" \
unit-tests	UNKNOWN STEP	2026-02-15T21:03:33.5646278Z -ignore "config/installbundle/components/clusterroles/cnrm_viewer.yaml" \
unit-tests	UNKNOWN STEP	2026-02-15T21:03:33.5647058Z -ignore "operator/channels/**" \
unit-tests	UNKNOWN STEP	2026-02-15T21:03:33.5647565Z -ignore "operator/autopilot-channels/**" \
unit-tests	UNKNOWN STEP	2026-02-15T21:03:33.5648614Z -ignore "operator/config/crd/bases/**" \
unit-tests	UNKNOWN STEP	2026-02-15T21:03:33.5649233Z -ignore "operator/config/gke-addon/image_configmap.yaml" \
unit-tests	UNKNOWN STEP	2026-02-15T21:03:33.5649884Z -ignore "operator/config/rbac/cnrm_viewer_role.yaml" \
unit-tests	UNKNOWN STEP	2026-02-15T21:03:33.5650382Z -ignore "operator/vendor/**" \
unit-tests	UNKNOWN STEP	2026-02-15T21:03:33.5650663Z -ignore "**/testdata/**/*" \
unit-tests	UNKNOWN STEP	2026-02-15T21:03:33.5650911Z -ignore "experiments/**/testdata/**" \
unit-tests	UNKNOWN STEP	2026-02-15T21:03:33.5651598Z -ignore "pkg/gcpclients/generated/**" \
unit-tests	UNKNOWN STEP	2026-02-15T21:03:33.5651855Z ./
unit-tests	UNKNOWN STEP	2026-02-15T21:03:33.8882914Z go: downloading github.com/google/addlicense v1.0.1-0.20220826150037-04bfe4ee9ca5
unit-tests	UNKNOWN STEP	2026-02-15T21:03:34.8675397Z go: downloading github.com/bmatcuk/doublestar/v4 v4.0.2
unit-tests	UNKNOWN STEP	2026-02-15T21:03:34.8676224Z go: downloading golang.org/x/sync v0.0.0-20190911185100-cd5d95a43a6e
unit-tests	UNKNOWN STEP	2026-02-15T21:03:35.8554116Z make[1]: Leaving directory '/home/runner/work/k8s-config-connector/k8s-config-connector'
unit-tests	UNKNOWN STEP	2026-02-15T21:03:35.8555641Z mockgcp/dev/tasks/fix-gofmt
unit-tests	UNKNOWN STEP	2026-02-15T21:03:41.7440434Z make -C operator fmt
unit-tests	UNKNOWN STEP	2026-02-15T21:03:41.7452586Z make[1]: Entering directory '/home/runner/work/k8s-config-connector/k8s-config-connector/operator'
unit-tests	UNKNOWN STEP	2026-02-15T21:03:41.7511493Z go fmt ./...
unit-tests	UNKNOWN STEP	2026-02-15T21:03:41.9625921Z make[1]: Leaving directory '/home/runner/work/k8s-config-connector/k8s-config-connector/operator'
unit-tests	UNKNOWN STEP	2026-02-15T21:03:41.9627336Z dev/tasks/fix-gofmt
unit-tests	UNKNOWN STEP	2026-02-15T21:03:49.9049040Z # 04bfe4ee9ca5764577b029acc6a1957fd1997153 includes fix to not log "Skipped" for each skipped file
unit-tests	UNKNOWN STEP	2026-02-15T21:03:49.9057337Z GOFLAGS= go run github.com/google/addlicense@04bfe4ee9ca5764577b029acc6a1957fd1997153 -c "Google LLC" -l apache \
unit-tests	UNKNOWN STEP	2026-02-15T21:03:49.9058375Z -ignore ".build/**" -ignore "vendor/**" -ignore "third_party/**" \
unit-tests	UNKNOWN STEP	2026-02-15T21:03:49.9059113Z -ignore "config/crds/**" -ignore "config/cloudcodesnippets/**" \
unit-tests	UNKNOWN STEP	2026-02-15T21:03:49.9059656Z -ignore "**/*.html" -ignore "config/installbundle/components/clusterroles/cnrm_admin.yaml" \
unit-tests	UNKNOWN STEP	2026-02-15T21:03:49.9060543Z -ignore "config/installbundle/components/clusterroles/cnrm_viewer.yaml" \
unit-tests	UNKNOWN STEP	2026-02-15T21:03:49.9061516Z -ignore "operator/channels/**" \
unit-tests	UNKNOWN STEP	2026-02-15T21:03:49.9061987Z -ignore "operator/autopilot-channels/**" \
unit-tests	UNKNOWN STEP	2026-02-15T21:03:49.9062321Z -ignore "operator/config/crd/bases/**" \
unit-tests	UNKNOWN STEP	2026-02-15T21:03:49.9062651Z -ignore "operator/config/gke-addon/image_configmap.yaml" \
unit-tests	UNKNOWN STEP	2026-02-15T21:03:49.9063019Z -ignore "operator/config/rbac/cnrm_viewer_role.yaml" \
unit-tests	UNKNOWN STEP	2026-02-15T21:03:49.9063319Z -ignore "operator/vendor/**" \
unit-tests	UNKNOWN STEP	2026-02-15T21:03:49.9063560Z -ignore "**/testdata/**/*" \
unit-tests	UNKNOWN STEP	2026-02-15T21:03:49.9063799Z -ignore "experiments/**/testdata/**" \
unit-tests	UNKNOWN STEP	2026-02-15T21:03:49.9064073Z -ignore "pkg/gcpclients/generated/**" \
unit-tests	UNKNOWN STEP	2026-02-15T21:03:49.9064319Z ./
unit-tests	UNKNOWN STEP	2026-02-15T21:03:50.7700147Z make -C operator vet
unit-tests	UNKNOWN STEP	2026-02-15T21:03:50.7713134Z make[1]: Entering directory '/home/runner/work/k8s-config-connector/k8s-config-connector/operator'
unit-tests	UNKNOWN STEP	2026-02-15T21:03:50.7774439Z go vet ./...
unit-tests	UNKNOWN STEP	2026-02-15T21:05:04.3087416Z make[1]: Leaving directory '/home/runner/work/k8s-config-connector/k8s-config-connector/operator'
unit-tests	UNKNOWN STEP	2026-02-15T21:05:04.3089448Z go vet -tags integration ./pkg/... ./cmd/... ./config/tests/...
unit-tests	UNKNOWN STEP	2026-02-15T21:05:05.2138157Z go: downloading github.com/olekukonko/tablewriter v0.0.5
unit-tests	UNKNOWN STEP	2026-02-15T21:05:05.2364838Z go: downloading github.com/appscode/jsonpatch v0.0.0-20190108182946-7c0e3b262f30
unit-tests	UNKNOWN STEP	2026-02-15T21:05:05.2376773Z go: downloading github.com/gke-labs/multicluster-leader-election v0.0.0-20251125210021-e0a503453967
unit-tests	UNKNOWN STEP	2026-02-15T21:05:05.2832255Z go: downloading gopkg.in/dnaeon/go-vcr.v3 v3.2.0
unit-tests	UNKNOWN STEP	2026-02-15T21:05:05.2833270Z go: downloading cloud.google.com/go/bigtable v1.41.0
unit-tests	UNKNOWN STEP	2026-02-15T21:05:05.2951430Z go: downloading github.com/grpc-ecosystem/go-grpc-middleware v1.4.0
unit-tests	UNKNOWN STEP	2026-02-15T21:05:05.2958408Z go: downloading github.com/hashicorp/go-cleanhttp v0.5.2
unit-tests	UNKNOWN STEP	2026-02-15T21:05:05.2961552Z go: downloading github.com/hashicorp/terraform-plugin-framework-validators v0.9.0
unit-tests	UNKNOWN STEP	2026-02-15T21:05:05.3025659Z go: downloading github.com/hashicorp/terraform-plugin-framework v1.1.1
unit-tests	UNKNOWN STEP	2026-02-15T21:05:05.3605907Z go: downloading github.com/sirupsen/logrus v1.9.3
unit-tests	UNKNOWN STEP	2026-02-15T21:05:05.3800123Z go: downloading cloud.google.com/go/accesscontextmanager v1.9.7
unit-tests	UNKNOWN STEP	2026-02-15T21:05:05.3913995Z go: downloading cloud.google.com/go/aiplatform v1.112.0
unit-tests	UNKNOWN STEP	2026-02-15T21:05:05.3927826Z go: downloading cloud.google.com/go/analytics v0.30.1
unit-tests	UNKNOWN STEP	2026-02-15T21:05:05.4375297Z go: downloading cloud.google.com/go/alloydb v1.20.0
unit-tests	UNKNOWN STEP	2026-02-15T21:05:05.4874534Z go: downloading cloud.google.com/go/apigateway v1.7.7
unit-tests	UNKNOWN STEP	2026-02-15T21:05:05.4986665Z go: downloading github.com/golang/protobuf v1.5.4
unit-tests	UNKNOWN STEP	2026-02-15T21:05:05.5282223Z go: downloading cloud.google.com/go/apikeys v1.2.7
unit-tests	UNKNOWN STEP	2026-02-15T21:05:05.5422386Z go: downloading cloud.google.com/go/apphub v0.4.0
unit-tests	UNKNOWN STEP	2026-02-15T21:05:05.5462392Z go: downloading cloud.google.com/go/artifactregistry v1.17.1
unit-tests	UNKNOWN STEP	2026-02-15T21:05:05.5555126Z go: downloading cloud.google.com/go/asset v1.22.0
unit-tests	UNKNOWN STEP	2026-02-15T21:05:05.5701775Z go: downloading cloud.google.com/go/assuredworkloads v1.13.0
unit-tests	UNKNOWN STEP	2026-02-15T21:05:05.5872965Z go: downloading cloud.google.com/go/batch v1.14.0
unit-tests	UNKNOWN STEP	2026-02-15T21:05:05.5909566Z go: downloading cloud.google.com/go/backupdr v1.6.0
unit-tests	UNKNOWN STEP	2026-02-15T21:05:05.6033352Z go: downloading cloud.google.com/go/bigquery v1.72.0
unit-tests	UNKNOWN STEP	2026-02-15T21:05:05.7512700Z go: downloading cloud.google.com/go/billing v1.21.0
unit-tests	UNKNOWN STEP	2026-02-15T21:05:05.7521399Z go: downloading cloud.google.com/go/certificatemanager v1.9.6
unit-tests	UNKNOWN STEP	2026-02-15T21:05:05.7538122Z go: downloading cloud.google.com/go/cloudbuild v1.25.0
unit-tests	UNKNOWN STEP	2026-02-15T21:05:05.7818174Z go: downloading cloud.google.com/go/deploy v1.27.3
unit-tests	UNKNOWN STEP	2026-02-15T21:05:05.7898223Z go: downloading cloud.google.com/go/clouddms v1.8.8
unit-tests	UNKNOWN STEP	2026-02-15T21:05:05.7952890Z go: downloading cloud.google.com/go/cloudquotas v1.4.0
unit-tests	UNKNOWN STEP	2026-02-15T21:05:05.8094518Z go: downloading cloud.google.com/go/cloudtasks v1.13.7
unit-tests	UNKNOWN STEP	2026-02-15T21:05:05.8132321Z go: downloading cloud.google.com/go/orchestration v1.11.10
unit-tests	UNKNOWN STEP	2026-02-15T21:05:05.8271474Z go: downloading cloud.google.com/go/configdelivery v0.1.1
unit-tests	UNKNOWN STEP	2026-02-15T21:05:05.8289593Z go: downloading cloud.google.com/go/gkemulticloud v1.6.0
unit-tests	UNKNOWN STEP	2026-02-15T21:05:05.8402177Z go: downloading cloud.google.com/go/datacatalog v1.26.1
unit-tests	UNKNOWN STEP	2026-02-15T21:05:05.8530216Z go: downloading cloud.google.com/go/dataflow v0.11.1
unit-tests	UNKNOWN STEP	2026-02-15T21:05:05.8560215Z go: downloading cloud.google.com/go/dataform v0.12.1
unit-tests	UNKNOWN STEP	2026-02-15T21:05:05.8889945Z go: downloading cloud.google.com/go/dataplex v1.28.0
unit-tests	UNKNOWN STEP	2026-02-15T21:05:05.8890678Z go: downloading cloud.google.com/go/dataproc/v2 v2.15.0
unit-tests	UNKNOWN STEP	2026-02-15T21:05:05.8900064Z go: downloading cloud.google.com/go/datastream v1.15.1
unit-tests	UNKNOWN STEP	2026-02-15T21:05:05.9224592Z go: downloading cloud.google.com/go/discoveryengine v1.22.0
unit-tests	UNKNOWN STEP	2026-02-15T21:05:05.9225581Z go: downloading cloud.google.com/go/documentai v1.39.0
unit-tests	UNKNOWN STEP	2026-02-15T21:05:05.9356599Z go: downloading cloud.google.com/go/edgecontainer v1.4.4
unit-tests	UNKNOWN STEP	2026-02-15T21:05:05.9569800Z go: downloading cloud.google.com/go/essentialcontacts v1.7.7
unit-tests	UNKNOWN STEP	2026-02-15T21:05:05.9573574Z go: downloading cloud.google.com/go/eventarc v1.18.0
unit-tests	UNKNOWN STEP	2026-02-15T21:05:05.9779397Z go: downloading cloud.google.com/go/firestore v1.20.0
unit-tests	UNKNOWN STEP	2026-02-15T21:05:05.9782802Z go: downloading cloud.google.com/go/gkebackup v1.8.1
unit-tests	UNKNOWN STEP	2026-02-15T21:05:06.0627880Z go: downloading cloud.google.com/go/iap v1.11.3
unit-tests	UNKNOWN STEP	2026-02-15T21:05:06.0758511Z go: downloading cloud.google.com/go/kms v1.23.2
unit-tests	UNKNOWN STEP	2026-02-15T21:05:06.1006962Z go: downloading cloud.google.com/go/logging v1.13.1
unit-tests	UNKNOWN STEP	2026-02-15T21:05:06.1196386Z go: downloading cloud.google.com/go/managedkafka v0.8.1
unit-tests	UNKNOWN STEP	2026-02-15T21:05:06.1325884Z go: downloading cloud.google.com/go/memorystore v0.4.0
unit-tests	UNKNOWN STEP	2026-02-15T21:05:06.1390369Z go: downloading cloud.google.com/go/monitoring v1.24.3
unit-tests	UNKNOWN STEP	2026-02-15T21:05:06.1394597Z go: downloading cloud.google.com/go/metastore v1.14.8
unit-tests	UNKNOWN STEP	2026-02-15T21:05:06.1746048Z go: downloading cloud.google.com/go/netapp v1.11.0
unit-tests	UNKNOWN STEP	2026-02-15T21:05:06.1913030Z go: downloading cloud.google.com/go/networksecurity v0.11.0
unit-tests	UNKNOWN STEP	2026-02-15T21:05:06.1923347Z go: downloading cloud.google.com/go/networkmanagement v1.21.0
unit-tests	UNKNOWN STEP	2026-02-15T21:05:06.1979720Z go: downloading cloud.google.com/go/networkservices v0.6.0
unit-tests	UNKNOWN STEP	2026-02-15T21:05:06.2112695Z go: downloading cloud.google.com/go/notebooks v1.12.7
unit-tests	UNKNOWN STEP	2026-02-15T21:05:06.2391339Z go: downloading cloud.google.com/go/orgpolicy v1.15.1
unit-tests	UNKNOWN STEP	2026-02-15T21:05:06.2395878Z go: downloading cloud.google.com/go/parametermanager v0.3.1
unit-tests	UNKNOWN STEP	2026-02-15T21:05:06.2400641Z go: downloading cloud.google.com/go/security v1.19.2
unit-tests	UNKNOWN STEP	2026-02-15T21:05:06.2492088Z go: downloading cloud.google.com/go/privilegedaccessmanager v0.3.1
unit-tests	UNKNOWN STEP	2026-02-15T21:05:06.2608928Z go: downloading cloud.google.com/go/pubsub/v2 v2.3.0
unit-tests	UNKNOWN STEP	2026-02-15T21:05:06.2626317Z go: downloading cloud.google.com/go/recaptchaenterprise/v2 v2.21.0
unit-tests	UNKNOWN STEP	2026-02-15T21:05:06.2765667Z go: downloading cloud.google.com/go/redis v1.18.3
unit-tests	UNKNOWN STEP	2026-02-15T21:05:06.2952214Z go: downloading cloud.google.com/go/pubsub v1.50.1
unit-tests	UNKNOWN STEP	2026-02-15T21:05:06.3006510Z go: downloading cloud.google.com/go/secretmanager v1.16.0
unit-tests	UNKNOWN STEP	2026-02-15T21:05:06.3123483Z go: downloading cloud.google.com/go/run v1.13.0
unit-tests	UNKNOWN STEP	2026-02-15T21:05:06.3274609Z go: downloading cloud.google.com/go/securesourcemanager v1.4.1
unit-tests	UNKNOWN STEP	2026-02-15T21:05:06.3416035Z go: downloading google.golang.org/genproto/googleapis/api/serviceusage v0.0.0-20250519155744-55703ea1f237
unit-tests	UNKNOWN STEP	2026-02-15T21:05:06.3418079Z go: downloading cloud.google.com/go/spanner v1.87.0
unit-tests	UNKNOWN STEP	2026-02-15T21:05:06.4218155Z go: downloading cloud.google.com/go/speech v1.28.1
unit-tests	UNKNOWN STEP	2026-02-15T21:05:06.4234698Z go: downloading cloud.google.com/go/storage v1.58.0
unit-tests	UNKNOWN STEP	2026-02-15T21:05:06.4510091Z go: downloading go.uber.org/mock v0.5.2
unit-tests	UNKNOWN STEP	2026-02-15T21:05:06.4953335Z go: downloading github.com/stretchr/testify v1.11.1
unit-tests	UNKNOWN STEP	2026-02-15T21:05:06.5021258Z go: downloading cloud.google.com/go/workflows v1.14.3
unit-tests	UNKNOWN STEP	2026-02-15T21:05:06.5232304Z go: downloading cloud.google.com/go/vmwareengine v1.3.6
unit-tests	UNKNOWN STEP	2026-02-15T21:05:06.5240454Z go: downloading cloud.google.com/go/workstations v1.1.6
unit-tests	UNKNOWN STEP	2026-02-15T21:05:06.5403474Z go: downloading github.com/shurcooL/httpfs v0.0.0-20190707220628-8d4bc4ba7749
unit-tests	UNKNOWN STEP	2026-02-15T21:05:06.5412943Z go: downloading github.com/shurcooL/vfsgen v0.0.0-20181202132449-6a9ea43bcacd
unit-tests	UNKNOWN STEP	2026-02-15T21:05:06.6121948Z go: downloading github.com/mattn/go-runewidth v0.0.15
unit-tests	UNKNOWN STEP	2026-02-15T21:05:06.6338407Z go: downloading github.com/GoogleCloudPlatform/opentelemetry-operations-go/exporter/metric v0.54.0
unit-tests	UNKNOWN STEP	2026-02-15T21:05:06.6339532Z go: downloading go.opentelemetry.io/contrib/detectors/gcp v1.38.0
unit-tests	UNKNOWN STEP	2026-02-15T21:05:06.6340000Z go: downloading go.opentelemetry.io/otel/sdk/metric v1.38.0
unit-tests	UNKNOWN STEP	2026-02-15T21:05:06.6421874Z go: downloading go.opentelemetry.io/otel/sdk v1.38.0
unit-tests	UNKNOWN STEP	2026-02-15T21:05:06.6431789Z go: downloading github.com/hashicorp/terraform-exec v0.17.3
unit-tests	UNKNOWN STEP	2026-02-15T21:05:06.6774201Z go: downloading github.com/hashicorp/terraform-json v0.14.0
unit-tests	UNKNOWN STEP	2026-02-15T21:05:06.6775322Z go: downloading github.com/mitchellh/go-homedir v1.1.0
unit-tests	UNKNOWN STEP	2026-02-15T21:05:06.6779270Z go: downloading cloud.google.com/go/osconfig v1.15.1
unit-tests	UNKNOWN STEP	2026-02-15T21:05:06.6807743Z go: downloading github.com/apache/arrow/go/v15 v15.0.2
unit-tests	UNKNOWN STEP	2026-02-15T21:05:06.9959988Z go: downloading github.com/grpc-ecosystem/grpc-gateway/v2 v2.26.3
unit-tests	UNKNOWN STEP	2026-02-15T21:05:06.9962213Z go: downloading github.com/pmezard/go-difflib v1.0.1-0.20181226105442-5d4384ee4fb2
unit-tests	UNKNOWN STEP	2026-02-15T21:05:07.0041866Z go: downloading github.com/apparentlymart/go-cidr v1.1.0
unit-tests	UNKNOWN STEP	2026-02-15T21:05:07.0046280Z go: downloading github.com/mitchellh/hashstructure v1.1.0
unit-tests	UNKNOWN STEP	2026-02-15T21:05:07.0103288Z go: downloading github.com/gammazero/workerpool v0.0.0-20190608213748-0ed5e40ec55e
unit-tests	UNKNOWN STEP	2026-02-15T21:05:07.0293611Z go: downloading github.com/rivo/uniseg v0.4.7
unit-tests	UNKNOWN STEP	2026-02-15T21:05:07.0732422Z go: downloading github.com/GoogleCloudPlatform/opentelemetry-operations-go/detectors/gcp v1.30.0
unit-tests	UNKNOWN STEP	2026-02-15T21:05:07.0803651Z go: downloading github.com/GoogleCloudPlatform/opentelemetry-operations-go/internal/resourcemapping v0.54.0
unit-tests	UNKNOWN STEP	2026-02-15T21:05:07.0818469Z go: downloading github.com/hashicorp/hc-install v0.4.0
unit-tests	UNKNOWN STEP	2026-02-15T21:05:07.1301810Z go: downloading github.com/grpc-ecosystem/grpc-gateway v1.16.0
unit-tests	UNKNOWN STEP	2026-02-15T21:05:07.4176290Z go: downloading github.com/hashicorp/go-plugin v1.4.8
unit-tests	UNKNOWN STEP	2026-02-15T21:05:07.4180411Z go: downloading golang.org/x/exp v0.0.0-20251125195548-87e1e737ad39
unit-tests	UNKNOWN STEP	2026-02-15T21:05:07.4182590Z go: downloading golang.org/x/xerrors v0.0.0-20240903120638-7835f813f4da
unit-tests	UNKNOWN STEP	2026-02-15T21:05:07.4187310Z go: downloading github.com/google/flatbuffers v24.3.25+incompatible
unit-tests	UNKNOWN STEP	2026-02-15T21:05:07.4256947Z go: downloading github.com/klauspost/compress v1.18.0
unit-tests	UNKNOWN STEP	2026-02-15T21:05:07.4422516Z go: downloading github.com/pierrec/lz4/v4 v4.1.18
unit-tests	UNKNOWN STEP	2026-02-15T21:05:07.5203331Z go: downloading github.com/gammazero/deque v0.0.0-20190521012701-46e4ffb7a622
unit-tests	UNKNOWN STEP	2026-02-15T21:05:07.5264928Z go: downloading github.com/envoyproxy/go-control-plane/envoy v1.35.0
unit-tests	UNKNOWN STEP	2026-02-15T21:05:08.1541287Z go: downloading github.com/envoyproxy/go-control-plane v0.13.5-0.20251024222203-75eaa193e329
unit-tests	UNKNOWN STEP	2026-02-15T21:05:08.1889128Z go: downloading github.com/hashicorp/go-checkpoint v0.5.0
unit-tests	UNKNOWN STEP	2026-02-15T21:05:08.1911894Z go: downloading github.com/goccy/go-json v0.10.2
unit-tests	UNKNOWN STEP	2026-02-15T21:05:08.1967801Z go: downloading github.com/hashicorp/yamux v0.0.0-20181012175058-2f1d1f20f75d
unit-tests	UNKNOWN STEP	2026-02-15T21:05:08.2051709Z go: downloading github.com/oklog/run v1.0.0
unit-tests	UNKNOWN STEP	2026-02-15T21:05:08.2071561Z go: downloading github.com/zeebo/xxh3 v1.0.2
unit-tests	UNKNOWN STEP	2026-02-15T21:05:08.2353612Z go: downloading github.com/spiffe/go-spiffe/v2 v2.6.0
unit-tests	UNKNOWN STEP	2026-02-15T21:05:08.2360326Z go: downloading github.com/cncf/xds/go v0.0.0-20251022180443-0feb69152e9f
unit-tests	UNKNOWN STEP	2026-02-15T21:05:08.2676642Z go: downloading github.com/envoyproxy/protoc-gen-validate v1.2.1
unit-tests	UNKNOWN STEP	2026-02-15T21:05:08.2936284Z go: downloading github.com/hashicorp/terraform-registry-address v0.1.0
unit-tests	UNKNOWN STEP	2026-02-15T21:05:08.3257760Z go: downloading github.com/klauspost/cpuid/v2 v2.3.0
unit-tests	UNKNOWN STEP	2026-02-15T21:05:08.3452639Z go: downloading github.com/go-jose/go-jose/v4 v4.1.3
unit-tests	UNKNOWN STEP	2026-02-15T21:05:08.3479279Z go: downloading cel.dev/expr v0.24.0
unit-tests	UNKNOWN STEP	2026-02-15T21:05:08.3772381Z go: downloading github.com/hashicorp/terraform-svchost v0.0.0-20200729002733-f050f53b9734
unit-tests	UNKNOWN STEP	2026-02-15T21:12:28.2898458Z make -C operator manifests
unit-tests	UNKNOWN STEP	2026-02-15T21:12:28.2942363Z make[1]: Entering directory '/home/runner/work/k8s-config-connector/k8s-config-connector/operator'
unit-tests	UNKNOWN STEP	2026-02-15T21:12:28.3019759Z go run sigs.k8s.io/controller-tools/cmd/controller-gen@v0.16.5 "crd" paths="./pkg/apis/..." output:crd:artifacts:config=config/crd/bases
unit-tests	UNKNOWN STEP	2026-02-15T21:12:29.0920654Z go run scripts/generate-image-configmap/main.go
unit-tests	UNKNOWN STEP	2026-02-15T21:12:33.5256785Z I0215 21:12:33.525485   69669 main.go:83] "got latest version from channel" version="1.143.0"
unit-tests	UNKNOWN STEP	2026-02-15T21:12:34.0427774Z I0215 21:12:34.042488   69669 main.go:129] "found object" kind="CustomResourceDefinition" name="accesscontextmanageraccesslevelconditions.accesscontextmanager.cnrm.cloud.google.com"
unit-tests	UNKNOWN STEP	2026-02-15T21:12:34.0430891Z I0215 21:12:34.042511   69669 main.go:129] "found object" kind="CustomResourceDefinition" name="accesscontextmanageraccesslevels.accesscontextmanager.cnrm.cloud.google.com"
unit-tests	UNKNOWN STEP	2026-02-15T21:12:34.0434003Z I0215 21:12:34.042517   69669 main.go:129] "found object" kind="CustomResourceDefinition" name="accesscontextmanageraccesspolicies.accesscontextmanager.cnrm.cloud.google.com"
unit-tests	UNKNOWN STEP	2026-02-15T21:12:34.0436603Z I0215 21:12:34.042523   69669 main.go:129] "found object" kind="CustomResourceDefinition" name="accesscontextmanagergcpuseraccessbindings.accesscontextmanager.cnrm.cloud.google.com"
unit-tests	UNKNOWN STEP	2026-02-15T21:12:34.0439316Z I0215 21:12:34.042527   69669 main.go:129] "found object" kind="CustomResourceDefinition" name="accesscontextmanagerserviceperimeterresources.accesscontextmanager.cnrm.cloud.google.com"
unit-tests	UNKNOWN STEP	2026-02-15T21:12:34.0443639Z I0215 21:12:34.042531   69669 main.go:129] "found object" kind="CustomResourceDefinition" name="accesscontextmanagerserviceperimeters.accesscontextmanager.cnrm.cloud.google.com"
unit-tests	UNKNOWN STEP	2026-02-15T21:12:34.0445667Z I0215 21:12:34.042536   69669 main.go:129] "found object" kind="CustomResourceDefinition" name="aiplatformmodels.aiplatform.cnrm.cloud.google.com"
unit-tests	UNKNOWN STEP	2026-02-15T21:12:34.0447321Z I0215 21:12:34.042541   69669 main.go:129] "found object" kind="CustomResourceDefinition" name="alloydbbackups.alloydb.cnrm.cloud.google.com"
unit-tests	UNKNOWN STEP	2026-02-15T21:12:34.0448928Z I0215 21:12:34.042545   69669 main.go:129] "found object" kind="CustomResourceDefinition" name="alloydbclusters.alloydb.cnrm.cloud.google.com"
unit-tests	UNKNOWN STEP	2026-02-15T21:12:34.0451248Z I0215 21:12:34.042549   69669 main.go:129] "found object" kind="CustomResourceDefinition" name="alloydbinstances.alloydb.cnrm.cloud.google.com"
unit-tests	UNKNOWN STEP	2026-02-15T21:12:34.0452933Z I0215 21:12:34.042553   69669 main.go:129] "found object" kind="CustomResourceDefinition" name="alloydbusers.alloydb.cnrm.cloud.google.com"
unit-tests	UNKNOWN STEP	2026-02-15T21:12:34.0454567Z I0215 21:12:34.042556   69669 main.go:129] "found object" kind="CustomResourceDefinition" name="analyticsaccounts.analytics.cnrm.cloud.google.com"
unit-tests	UNKNOWN STEP	2026-02-15T21:12:34.0456304Z I0215 21:12:34.042560   69669 main.go:129] "found object" kind="CustomResourceDefinition" name="apigatewayapiconfigs.apigateway.cnrm.cloud.google.com"
unit-tests	UNKNOWN STEP	2026-02-15T21:12:34.0458031Z I0215 21:12:34.042564   69669 main.go:129] "found object" kind="CustomResourceDefinition" name="apigatewayapis.apigateway.cnrm.cloud.google.com"
unit-tests	UNKNOWN STEP	2026-02-15T21:12:34.0459745Z I0215 21:12:34.042568   69669 main.go:129] "found object" kind="CustomResourceDefinition" name="apigatewaygateways.apigateway.cnrm.cloud.google.com"
unit-tests	UNKNOWN STEP	2026-02-15T21:12:34.0461516Z I0215 21:12:34.042576   69669 main.go:129] "found object" kind="CustomResourceDefinition" name="apigeeaddonsconfigs.apigee.cnrm.cloud.google.com"
unit-tests	UNKNOWN STEP	2026-02-15T21:12:34.0463142Z I0215 21:12:34.042584   69669 main.go:129] "found object" kind="CustomResourceDefinition" name="apigeeendpointattachments.apigee.cnrm.cloud.google.com"
unit-tests	UNKNOWN STEP	2026-02-15T21:12:34.0464904Z I0215 21:12:34.042591   69669 main.go:129] "found object" kind="CustomResourceDefinition" name="apigeeenvgroupattachments.apigee.cnrm.cloud.google.com"
unit-tests	UNKNOWN STEP	2026-02-15T21:12:34.0466685Z I0215 21:12:34.042597   69669 main.go:129] "found object" kind="CustomResourceDefinition" name="apigeeenvgroups.apigee.cnrm.cloud.google.com"
unit-tests	UNKNOWN STEP	2026-02-15T21:12:34.0468395Z I0215 21:12:34.042603   69669 main.go:129] "found object" kind="CustomResourceDefinition" name="apigeeenvironments.apigee.cnrm.cloud.google.com"
unit-tests	UNKNOWN STEP	2026-02-15T21:12:34.0470202Z I0215 21:12:34.042610   69669 main.go:129] "found object" kind="CustomResourceDefinition" name="apigeeinstanceattachments.apigee.cnrm.cloud.google.com"
unit-tests	UNKNOWN STEP	2026-02-15T21:12:34.0471603Z I0215 21:12:34.042618   69669 main.go:129] "found object" kind="CustomResourceDefinition" name="apigeeinstances.apigee.cnrm.cloud.google.com"
unit-tests	UNKNOWN STEP	2026-02-15T21:12:34.0472531Z I0215 21:12:34.042632   69669 main.go:129] "found object" kind="CustomResourceDefinition" name="apigeenataddresses.apigee.cnrm.cloud.google.com"
unit-tests	UNKNOWN STEP	2026-02-15T21:12:34.0473454Z I0215 21:12:34.042638   69669 main.go:129] "found object" kind="CustomResourceDefinition" name="apigeeorganizations.apigee.cnrm.cloud.google.com"
unit-tests	UNKNOWN STEP	2026-02-15T21:12:34.0474871Z I0215 21:12:34.042649   69669 main.go:129] "found object" kind="CustomResourceDefinition" name="apigeesyncauthorizations.apigee.cnrm.cloud.google.com"
unit-tests	UNKNOWN STEP	2026-02-15T21:12:34.0476615Z I0215 21:12:34.042655   69669 main.go:129] "found object" kind="CustomResourceDefinition" name="apikeyskeys.apikeys.cnrm.cloud.google.com"
unit-tests	UNKNOWN STEP	2026-02-15T21:12:34.0478347Z I0215 21:12:34.042668   69669 main.go:129] "found object" kind="CustomResourceDefinition" name="apiquotaadjustersettings.cloudquota.cnrm.cloud.google.com"
unit-tests	UNKNOWN STEP	2026-02-15T21:12:34.0480311Z I0215 21:12:34.042674   69669 main.go:129] "found object" kind="CustomResourceDefinition" name="apiquotapreferences.cloudquota.cnrm.cloud.google.com"
unit-tests	UNKNOWN STEP	2026-02-15T21:12:34.0481978Z I0215 21:12:34.042684   69669 main.go:129] "found object" kind="CustomResourceDefinition" name="appenginedomainmappings.appengine.cnrm.cloud.google.com"
unit-tests	UNKNOWN STEP	2026-02-15T21:12:34.0483034Z I0215 21:12:34.042691   69669 main.go:129] "found object" kind="CustomResourceDefinition" name="appenginefirewallrules.appengine.cnrm.cloud.google.com"
unit-tests	UNKNOWN STEP	2026-02-15T21:12:34.0484057Z I0215 21:12:34.042701   69669 main.go:129] "found object" kind="CustomResourceDefinition" name="appengineflexibleappversions.appengine.cnrm.cloud.google.com"
unit-tests	UNKNOWN STEP	2026-02-15T21:12:34.0485537Z I0215 21:12:34.042707   69669 main.go:129] "found object" kind="CustomResourceDefinition" name="appengineservicesplittraffics.appengine.cnrm.cloud.google.com"
unit-tests	UNKNOWN STEP	2026-02-15T21:12:34.0487222Z I0215 21:12:34.042716   69669 main.go:129] "found object" kind="CustomResourceDefinition" name="appenginestandardappversions.appengine.cnrm.cloud.google.com"
unit-tests	UNKNOWN STEP	2026-02-15T21:12:34.0488245Z I0215 21:12:34.042723   69669 main.go:129] "found object" kind="CustomResourceDefinition" name="apphubapplications.apphub.cnrm.cloud.google.com"
unit-tests	UNKNOWN STEP	2026-02-15T21:12:34.0489193Z I0215 21:12:34.042733   69669 main.go:129] "found object" kind="CustomResourceDefinition" name="apphubdiscoveredservices.apphub.cnrm.cloud.google.com"
unit-tests	UNKNOWN STEP	2026-02-15T21:12:34.0490164Z I0215 21:12:34.042740   69669 main.go:129] "found object" kind="CustomResourceDefinition" name="apphubdiscoveredworkloads.apphub.cnrm.cloud.google.com"
unit-tests	UNKNOWN STEP	2026-02-15T21:12:34.0491423Z I0215 21:12:34.042750   69669 main.go:129] "found object" kind="CustomResourceDefinition" name="artifactregistryrepositories.artifactregistry.cnrm.cloud.google.com"
unit-tests	UNKNOWN STEP	2026-02-15T21:12:34.0492401Z I0215 21:12:34.042756   69669 main.go:129] "found object" kind="CustomResourceDefinition" name="assetfeeds.asset.cnrm.cloud.google.com"
unit-tests	UNKNOWN STEP	2026-02-15T21:12:34.0493283Z I0215 21:12:34.042763   69669 main.go:129] "found object" kind="CustomResourceDefinition" name="assetsavedqueries.asset.cnrm.cloud.google.com"
unit-tests	UNKNOWN STEP	2026-02-15T21:12:34.0494266Z I0215 21:12:34.042774   69669 main.go:129] "found object" kind="CustomResourceDefinition" name="assuredworkloadsworkloads.assuredworkloads.cnrm.cloud.google.com"
unit-tests	UNKNOWN STEP	2026-02-15T21:12:34.0495321Z I0215 21:12:34.042797   69669 main.go:129] "found object" kind="CustomResourceDefinition" name="backupdrbackupplanassociations.backupdr.cnrm.cloud.google.com"
unit-tests	UNKNOWN STEP	2026-02-15T21:12:34.0496305Z I0215 21:12:34.042810   69669 main.go:129] "found object" kind="CustomResourceDefinition" name="backupdrbackupplans.backupdr.cnrm.cloud.google.com"
unit-tests	UNKNOWN STEP	2026-02-15T21:12:34.0497240Z I0215 21:12:34.042817   69669 main.go:129] "found object" kind="CustomResourceDefinition" name="backupdrbackupvaults.backupdr.cnrm.cloud.google.com"
unit-tests	UNKNOWN STEP	2026-02-15T21:12:34.0498199Z I0215 21:12:34.042823   69669 main.go:129] "found object" kind="CustomResourceDefinition" name="backupdrmanagementservers.backupdr.cnrm.cloud.google.com"
unit-tests	UNKNOWN STEP	2026-02-15T21:12:34.0499104Z I0215 21:12:34.042831   69669 main.go:129] "found object" kind="CustomResourceDefinition" name="batchjobs.batch.cnrm.cloud.google.com"
unit-tests	UNKNOWN STEP	2026-02-15T21:12:34.0499933Z I0215 21:12:34.042837   69669 main.go:129] "found object" kind="CustomResourceDefinition" name="batchtasks.batch.cnrm.cloud.google.com"
unit-tests	UNKNOWN STEP	2026-02-15T21:12:34.0500849Z I0215 21:12:34.042843   69669 main.go:129] "found object" kind="CustomResourceDefinition" name="beyondcorpappconnections.beyondcorp.cnrm.cloud.google.com"
unit-tests	UNKNOWN STEP	2026-02-15T21:12:34.0502043Z I0215 21:12:34.042849   69669 main.go:129] "found object" kind="CustomResourceDefinition" name="beyondcorpappconnectors.beyondcorp.cnrm.cloud.google.com"
unit-tests	UNKNOWN STEP	2026-02-15T21:12:34.0503038Z I0215 21:12:34.042856   69669 main.go:129] "found object" kind="CustomResourceDefinition" name="beyondcorpappgateways.beyondcorp.cnrm.cloud.google.com"
unit-tests	UNKNOWN STEP	2026-02-15T21:12:34.0504012Z I0215 21:12:34.042862   69669 main.go:129] "found object" kind="CustomResourceDefinition" name="biglakecatalogs.bigquerybiglake.cnrm.cloud.google.com"
unit-tests	UNKNOWN STEP	2026-02-15T21:12:34.0504971Z I0215 21:12:34.042867   69669 main.go:129] "found object" kind="CustomResourceDefinition" name="biglakedatabases.bigquerybiglake.cnrm.cloud.google.com"
unit-tests	UNKNOWN STEP	2026-02-15T21:12:34.0505920Z I0215 21:12:34.042873   69669 main.go:129] "found object" kind="CustomResourceDefinition" name="biglaketables.bigquerybiglake.cnrm.cloud.google.com"
unit-tests	UNKNOWN STEP	2026-02-15T21:12:34.0507008Z I0215 21:12:34.042882   69669 main.go:129] "found object" kind="CustomResourceDefinition" name="bigqueryanalyticshubdataexchanges.bigqueryanalyticshub.cnrm.cloud.google.com"
unit-tests	UNKNOWN STEP	2026-02-15T21:12:34.0508195Z I0215 21:12:34.042889   69669 main.go:129] "found object" kind="CustomResourceDefinition" name="bigqueryanalyticshublistings.bigqueryanalyticshub.cnrm.cloud.google.com"
unit-tests	UNKNOWN STEP	2026-02-15T21:12:34.0509339Z I0215 21:12:34.042896   69669 main.go:129] "found object" kind="CustomResourceDefinition" name="bigqueryconnectionconnections.bigqueryconnection.cnrm.cloud.google.com"
unit-tests	UNKNOWN STEP	2026-02-15T21:12:34.0510675Z I0215 21:12:34.042903   69669 main.go:129] "found object" kind="CustomResourceDefinition" name="bigquerydatapolicies.bigquerydatapolicy.cnrm.cloud.google.com"
unit-tests	UNKNOWN STEP	2026-02-15T21:12:34.0512573Z I0215 21:12:34.042910   69669 main.go:129] "found object" kind="CustomResourceDefinition" name="bigquerydatapolicydatapolicies.bigquerydatapolicy.cnrm.cloud.google.com"
unit-tests	UNKNOWN STEP	2026-02-15T21:12:34.0514399Z I0215 21:12:34.042917   69669 main.go:129] "found object" kind="CustomResourceDefinition" name="bigquerydatasetaccesses.bigquery.cnrm.cloud.google.com"
unit-tests	UNKNOWN STEP	2026-02-15T21:12:34.0515897Z I0215 21:12:34.042923   69669 main.go:129] "found object" kind="CustomResourceDefinition" name="bigquerydatasets.bigquery.cnrm.cloud.google.com"
unit-tests	UNKNOWN STEP	2026-02-15T21:12:34.0516942Z I0215 21:12:34.042930   69669 main.go:129] "found object" kind="CustomResourceDefinition" name="bigquerydatatransferconfigs.bigquerydatatransfer.cnrm.cloud.google.com"
unit-tests	UNKNOWN STEP	2026-02-15T21:12:34.0517978Z I0215 21:12:34.042938   69669 main.go:129] "found object" kind="CustomResourceDefinition" name="bigqueryjobs.bigquery.cnrm.cloud.google.com"
unit-tests	UNKNOWN STEP	2026-02-15T21:12:34.0519009Z I0215 21:12:34.042945   69669 main.go:129] "found object" kind="CustomResourceDefinition" name="bigqueryreservationassignments.bigqueryreservation.cnrm.cloud.google.com"
unit-tests	UNKNOWN STEP	2026-02-15T21:12:34.0520220Z I0215 21:12:34.042953   69669 main.go:129] "found object" kind="CustomResourceDefinition" name="bigqueryreservationcapacitycommitments.bigqueryreservation.cnrm.cloud.google.com"
unit-tests	UNKNOWN STEP	2026-02-15T21:12:34.0521699Z I0215 21:12:34.042960   69669 main.go:129] "found object" kind="CustomResourceDefinition" name="bigqueryreservationreservations.bigqueryreservation.cnrm.cloud.google.com"
unit-tests	UNKNOWN STEP	2026-02-15T21:12:34.0522746Z I0215 21:12:34.042966   69669 main.go:129] "found object" kind="CustomResourceDefinition" name="bigqueryroutines.bigquery.cnrm.cloud.google.com"
unit-tests	UNKNOWN STEP	2026-02-15T21:12:34.0523655Z I0215 21:12:34.042973   69669 main.go:129] "found object" kind="CustomResourceDefinition" name="bigquerytables.bigquery.cnrm.cloud.google.com"
unit-tests	UNKNOWN STEP	2026-02-15T21:12:34.0524575Z I0215 21:12:34.042979   69669 main.go:129] "found object" kind="CustomResourceDefinition" name="bigtableappprofiles.bigtable.cnrm.cloud.google.com"
unit-tests	UNKNOWN STEP	2026-02-15T21:12:34.0525568Z I0215 21:12:34.042987   69669 main.go:129] "found object" kind="CustomResourceDefinition" name="bigtableauthorizedviews.bigtable.cnrm.cloud.google.com"
unit-tests	UNKNOWN STEP	2026-02-15T21:12:34.0526514Z I0215 21:12:34.042993   69669 main.go:129] "found object" kind="CustomResourceDefinition" name="bigtablebackups.bigtable.cnrm.cloud.google.com"
unit-tests	UNKNOWN STEP	2026-02-15T21:12:34.0527416Z I0215 21:12:34.043000   69669 main.go:129] "found object" kind="CustomResourceDefinition" name="bigtableclusters.bigtable.cnrm.cloud.google.com"
unit-tests	UNKNOWN STEP	2026-02-15T21:12:34.0528328Z I0215 21:12:34.043007   69669 main.go:129] "found object" kind="CustomResourceDefinition" name="bigtablegcpolicies.bigtable.cnrm.cloud.google.com"
unit-tests	UNKNOWN STEP	2026-02-15T21:12:34.0529280Z I0215 21:12:34.043014   69669 main.go:129] "found object" kind="CustomResourceDefinition" name="bigtableinstances.bigtable.cnrm.cloud.google.com"
unit-tests	UNKNOWN STEP	2026-02-15T21:12:34.0530232Z I0215 21:12:34.043020   69669 main.go:129] "found object" kind="CustomResourceDefinition" name="bigtablelogicalviews.bigtable.cnrm.cloud.google.com"
unit-tests	UNKNOWN STEP	2026-02-15T21:12:34.0531402Z I0215 21:12:34.043026   69669 main.go:129] "found object" kind="CustomResourceDefinition" name="bigtablematerializedviews.bigtable.cnrm.cloud.google.com"
unit-tests	UNKNOWN STEP	2026-02-15T21:12:34.0532371Z I0215 21:12:34.043033   69669 main.go:129] "found object" kind="CustomResourceDefinition" name="bigtabletables.bigtable.cnrm.cloud.google.com"
unit-tests	UNKNOWN STEP	2026-02-15T21:12:34.0533273Z I0215 21:12:34.043040   69669 main.go:129] "found object" kind="CustomResourceDefinition" name="billingaccounts.billing.cnrm.cloud.google.com"
unit-tests	UNKNOWN STEP	2026-02-15T21:12:34.0534234Z I0215 21:12:34.043046   69669 main.go:129] "found object" kind="CustomResourceDefinition" name="billingbudgetsbudgets.billingbudgets.cnrm.cloud.google.com"
unit-tests	UNKNOWN STEP	2026-02-15T21:12:34.0535598Z I0215 21:12:34.043053   69669 main.go:129] "found object" kind="CustomResourceDefinition" name="binaryauthorizationattestors.binaryauthorization.cnrm.cloud.google.com"
unit-tests	UNKNOWN STEP	2026-02-15T21:12:34.0536743Z I0215 21:12:34.043060   69669 main.go:129] "found object" kind="CustomResourceDefinition" name="binaryauthorizationpolicies.binaryauthorization.cnrm.cloud.google.com"
unit-tests	UNKNOWN STEP	2026-02-15T21:12:34.0537951Z I0215 21:12:34.043067   69669 main.go:129] "found object" kind="CustomResourceDefinition" name="certificatemanagercertificateissuanceconfigs.certificatemanager.cnrm.cloud.google.com"
unit-tests	UNKNOWN STEP	2026-02-15T21:12:34.0539223Z I0215 21:12:34.043073   69669 main.go:129] "found object" kind="CustomResourceDefinition" name="certificatemanagercertificatemapentries.certificatemanager.cnrm.cloud.google.com"
unit-tests	UNKNOWN STEP	2026-02-15T21:12:34.0540430Z I0215 21:12:34.043080   69669 main.go:129] "found object" kind="CustomResourceDefinition" name="certificatemanagercertificatemaps.certificatemanager.cnrm.cloud.google.com"
unit-tests	UNKNOWN STEP	2026-02-15T21:12:34.0541776Z I0215 21:12:34.043087   69669 main.go:129] "found object" kind="CustomResourceDefinition" name="certificatemanagercertificates.certificatemanager.cnrm.cloud.google.com"
unit-tests	UNKNOWN STEP	2026-02-15T21:12:34.0542957Z I0215 21:12:34.043093   69669 main.go:129] "found object" kind="CustomResourceDefinition" name="certificatemanagerdnsauthorizations.certificatemanager.cnrm.cloud.google.com"
unit-tests	UNKNOWN STEP	2026-02-15T21:12:34.0544038Z I0215 21:12:34.043100   69669 main.go:129] "found object" kind="CustomResourceDefinition" name="cloudassetfolderfeeds.cloudasset.cnrm.cloud.google.com"
unit-tests	UNKNOWN STEP	2026-02-15T21:12:34.0545048Z I0215 21:12:34.043127   69669 main.go:129] "found object" kind="CustomResourceDefinition" name="cloudassetorganizationfeeds.cloudasset.cnrm.cloud.google.com"
unit-tests	UNKNOWN STEP	2026-02-15T21:12:34.0546067Z I0215 21:12:34.043135   69669 main.go:129] "found object" kind="CustomResourceDefinition" name="cloudassetprojectfeeds.cloudasset.cnrm.cloud.google.com"
unit-tests	UNKNOWN STEP	2026-02-15T21:12:34.0547067Z I0215 21:12:34.043144   69669 main.go:129] "found object" kind="CustomResourceDefinition" name="cloudbuildtriggers.cloudbuild.cnrm.cloud.google.com"
unit-tests	UNKNOWN STEP	2026-02-15T21:12:34.0548042Z I0215 21:12:34.043150   69669 main.go:129] "found object" kind="CustomResourceDefinition" name="cloudbuildworkerpools.cloudbuild.cnrm.cloud.google.com"
unit-tests	UNKNOWN STEP	2026-02-15T21:12:34.0549060Z I0215 21:12:34.043157   69669 main.go:129] "found object" kind="CustomResourceDefinition" name="clouddeploydeliverypipelines.clouddeploy.cnrm.cloud.google.com"
unit-tests	UNKNOWN STEP	2026-02-15T21:12:34.0550105Z I0215 21:12:34.043164   69669 main.go:129] "found object" kind="CustomResourceDefinition" name="clouddeploydeploypolicies.clouddeploy.cnrm.cloud.google.com"
unit-tests	UNKNOWN STEP	2026-02-15T21:12:34.0551293Z I0215 21:12:34.043170   69669 main.go:129] "found object" kind="CustomResourceDefinition" name="clouddmsconversionworkspaces.clouddms.cnrm.cloud.google.com"
unit-tests	UNKNOWN STEP	2026-02-15T21:12:34.0552295Z I0215 21:12:34.043177   69669 main.go:129] "found object" kind="CustomResourceDefinition" name="clouddmsmigrationjobs.clouddms.cnrm.cloud.google.com"
unit-tests	UNKNOWN STEP	2026-02-15T21:12:34.0553297Z I0215 21:12:34.043185   69669 main.go:129] "found object" kind="CustomResourceDefinition" name="clouddmsprivateconnections.clouddms.cnrm.cloud.google.com"
unit-tests	UNKNOWN STEP	2026-02-15T21:12:34.0554334Z I0215 21:12:34.043191   69669 main.go:129] "found object" kind="CustomResourceDefinition" name="cloudfunctions2functions.cloudfunctions2.cnrm.cloud.google.com"
unit-tests	UNKNOWN STEP	2026-02-15T21:12:34.0555379Z I0215 21:12:34.043197   69669 main.go:129] "found object" kind="CustomResourceDefinition" name="cloudfunctionsfunctions.cloudfunctions.cnrm.cloud.google.com"
unit-tests	UNKNOWN STEP	2026-02-15T21:12:34.0556396Z I0215 21:12:34.043204   69669 main.go:129] "found object" kind="CustomResourceDefinition" name="cloudidentitygroups.cloudidentity.cnrm.cloud.google.com"
unit-tests	UNKNOWN STEP	2026-02-15T21:12:34.0557410Z I0215 21:12:34.043210   69669 main.go:129] "found object" kind="CustomResourceDefinition" name="cloudidentitymemberships.cloudidentity.cnrm.cloud.google.com"
unit-tests	UNKNOWN STEP	2026-02-15T21:12:34.0558389Z I0215 21:12:34.043216   69669 main.go:129] "found object" kind="CustomResourceDefinition" name="cloudidsendpoints.cloudids.cnrm.cloud.google.com"
unit-tests	UNKNOWN STEP	2026-02-15T21:12:34.0559637Z I0215 21:12:34.043223   69669 main.go:129] "found object" kind="CustomResourceDefinition" name="cloudiotdeviceregistries.cloudiot.cnrm.cloud.google.com"
unit-tests	UNKNOWN STEP	2026-02-15T21:12:34.0560600Z I0215 21:12:34.043229   69669 main.go:129] "found object" kind="CustomResourceDefinition" name="cloudiotdevices.cloudiot.cnrm.cloud.google.com"
unit-tests	UNKNOWN STEP	2026-02-15T21:12:34.0561762Z I0215 21:12:34.043236   69669 main.go:129] "found object" kind="CustomResourceDefinition" name="cloudschedulerjobs.cloudscheduler.cnrm.cloud.google.com"
unit-tests	UNKNOWN STEP	2026-02-15T21:12:34.0562691Z I0215 21:12:34.043243   69669 main.go:129] "found object" kind="CustomResourceDefinition" name="colabruntimes.colab.cnrm.cloud.google.com"
unit-tests	UNKNOWN STEP	2026-02-15T21:12:34.0563602Z I0215 21:12:34.043250   69669 main.go:129] "found object" kind="CustomResourceDefinition" name="colabruntimetemplates.colab.cnrm.cloud.google.com"
unit-tests	UNKNOWN STEP	2026-02-15T21:12:34.0564558Z I0215 21:12:34.043256   69669 main.go:129] "found object" kind="CustomResourceDefinition" name="composerenvironments.composer.cnrm.cloud.google.com"
unit-tests	UNKNOWN STEP	2026-02-15T21:12:34.0565505Z I0215 21:12:34.043262   69669 main.go:129] "found object" kind="CustomResourceDefinition" name="computeaddresses.compute.cnrm.cloud.google.com"
unit-tests	UNKNOWN STEP	2026-02-15T21:12:34.0566427Z I0215 21:12:34.043269   69669 main.go:129] "found object" kind="CustomResourceDefinition" name="computeautoscalers.compute.cnrm.cloud.google.com"
unit-tests	UNKNOWN STEP	2026-02-15T21:12:34.0567364Z I0215 21:12:34.043276   69669 main.go:129] "found object" kind="CustomResourceDefinition" name="computebackendbuckets.compute.cnrm.cloud.google.com"
unit-tests	UNKNOWN STEP	2026-02-15T21:12:34.0568383Z I0215 21:12:34.043287   69669 main.go:129] "found object" kind="CustomResourceDefinition" name="computebackendbucketsignedurlkeys.compute.cnrm.cloud.google.com"
unit-tests	UNKNOWN STEP	2026-02-15T21:12:34.0569409Z I0215 21:12:34.043294   69669 main.go:129] "found object" kind="CustomResourceDefinition" name="computebackendservices.compute.cnrm.cloud.google.com"
unit-tests	UNKNOWN STEP	2026-02-15T21:12:34.0570440Z I0215 21:12:34.043304   69669 main.go:129] "found object" kind="CustomResourceDefinition" name="computebackendservicesignedurlkeys.compute.cnrm.cloud.google.com"
unit-tests	UNKNOWN STEP	2026-02-15T21:12:34.0571708Z I0215 21:12:34.043311   69669 main.go:129] "found object" kind="CustomResourceDefinition" name="computediskresourcepolicyattachments.compute.cnrm.cloud.google.com"
unit-tests	UNKNOWN STEP	2026-02-15T21:12:34.0572710Z I0215 21:12:34.043327   69669 main.go:129] "found object" kind="CustomResourceDefinition" name="computedisks.compute.cnrm.cloud.google.com"
unit-tests	UNKNOWN STEP	2026-02-15T21:12:34.0573657Z I0215 21:12:34.043339   69669 main.go:129] "found object" kind="CustomResourceDefinition" name="computeexternalvpngateways.compute.cnrm.cloud.google.com"
unit-tests	UNKNOWN STEP	2026-02-15T21:12:34.0574646Z I0215 21:12:34.043347   69669 main.go:129] "found object" kind="CustomResourceDefinition" name="computefirewallpolicies.compute.cnrm.cloud.google.com"
unit-tests	UNKNOWN STEP	2026-02-15T21:12:34.0575670Z I0215 21:12:34.043359   69669 main.go:129] "found object" kind="CustomResourceDefinition" name="computefirewallpolicyassociations.compute.cnrm.cloud.google.com"
unit-tests	UNKNOWN STEP	2026-02-15T21:12:34.0576713Z I0215 21:12:34.043366   69669 main.go:129] "found object" kind="CustomResourceDefinition" name="computefirewallpolicyrules.compute.cnrm.cloud.google.com"
unit-tests	UNKNOWN STEP	2026-02-15T21:12:34.0577677Z I0215 21:12:34.043374   69669 main.go:129] "found object" kind="CustomResourceDefinition" name="computefirewalls.compute.cnrm.cloud.google.com"
unit-tests	UNKNOWN STEP	2026-02-15T21:12:34.0578615Z I0215 21:12:34.043380   69669 main.go:129] "found object" kind="CustomResourceDefinition" name="computeforwardingrules.compute.cnrm.cloud.google.com"
unit-tests	UNKNOWN STEP	2026-02-15T21:12:34.0579642Z I0215 21:12:34.043388   69669 main.go:129] "found object" kind="CustomResourceDefinition" name="computeglobalnetworkendpointgroups.compute.cnrm.cloud.google.com"
unit-tests	UNKNOWN STEP	2026-02-15T21:12:34.0580698Z I0215 21:12:34.043400   69669 main.go:129] "found object" kind="CustomResourceDefinition" name="computeglobalnetworkendpoints.compute.cnrm.cloud.google.com"
unit-tests	UNKNOWN STEP	2026-02-15T21:12:34.0581979Z I0215 21:12:34.043407   69669 main.go:129] "found object" kind="CustomResourceDefinition" name="computehealthchecks.compute.cnrm.cloud.google.com"
unit-tests	UNKNOWN STEP	2026-02-15T21:12:34.0583045Z I0215 21:12:34.043417   69669 main.go:129] "found object" kind="CustomResourceDefinition" name="computehttphealthchecks.compute.cnrm.cloud.google.com"
unit-tests	UNKNOWN STEP	2026-02-15T21:12:34.0584025Z I0215 21:12:34.043425   69669 main.go:129] "found object" kind="CustomResourceDefinition" name="computehttpshealthchecks.compute.cnrm.cloud.google.com"
unit-tests	UNKNOWN STEP	2026-02-15T21:12:34.0584960Z I0215 21:12:34.043433   69669 main.go:129] "found object" kind="CustomResourceDefinition" name="computeimages.compute.cnrm.cloud.google.com"
unit-tests	UNKNOWN STEP	2026-02-15T21:12:34.0585910Z I0215 21:12:34.043441   69669 main.go:129] "found object" kind="CustomResourceDefinition" name="computeinstancegroupmanagers.compute.cnrm.cloud.google.com"
unit-tests	UNKNOWN STEP	2026-02-15T21:12:34.0586946Z I0215 21:12:34.043452   69669 main.go:129] "found object" kind="CustomResourceDefinition" name="computeinstancegroupnamedports.compute.cnrm.cloud.google.com"
unit-tests	UNKNOWN STEP	2026-02-15T21:12:34.0587950Z I0215 21:12:34.043459   69669 main.go:129] "found object" kind="CustomResourceDefinition" name="computeinstancegroups.compute.cnrm.cloud.google.com"
unit-tests	UNKNOWN STEP	2026-02-15T21:12:34.0588882Z I0215 21:12:34.043465   69669 main.go:129] "found object" kind="CustomResourceDefinition" name="computeinstances.compute.cnrm.cloud.google.com"
unit-tests	UNKNOWN STEP	2026-02-15T21:12:34.0589823Z I0215 21:12:34.043476   69669 main.go:129] "found object" kind="CustomResourceDefinition" name="computeinstancetemplates.compute.cnrm.cloud.google.com"
unit-tests	UNKNOWN STEP	2026-02-15T21:12:34.0590838Z I0215 21:12:34.043483   69669 main.go:129] "found object" kind="CustomResourceDefinition" name="computeinterconnectattachments.compute.cnrm.cloud.google.com"
unit-tests	UNKNOWN STEP	2026-02-15T21:12:34.0592002Z I0215 21:12:34.043492   69669 main.go:129] "found object" kind="CustomResourceDefinition" name="computeinterconnects.compute.cnrm.cloud.google.com"
unit-tests	UNKNOWN STEP	2026-02-15T21:12:34.0592948Z I0215 21:12:34.043498   69669 main.go:129] "found object" kind="CustomResourceDefinition" name="computemachineimages.compute.cnrm.cloud.google.com"
unit-tests	UNKNOWN STEP	2026-02-15T21:12:34.0593944Z I0215 21:12:34.043505   69669 main.go:129] "found object" kind="CustomResourceDefinition" name="computemanagedsslcertificates.compute.cnrm.cloud.google.com"
unit-tests	UNKNOWN STEP	2026-02-15T21:12:34.0594953Z I0215 21:12:34.043515   69669 main.go:129] "found object" kind="CustomResourceDefinition" name="computenetworkattachments.compute.cnrm.cloud.google.com"
unit-tests	UNKNOWN STEP	2026-02-15T21:12:34.0595995Z I0215 21:12:34.043522   69669 main.go:129] "found object" kind="CustomResourceDefinition" name="computenetworkedgesecurityservices.compute.cnrm.cloud.google.com"
unit-tests	UNKNOWN STEP	2026-02-15T21:12:34.0597049Z I0215 21:12:34.043530   69669 main.go:129] "found object" kind="CustomResourceDefinition" name="computenetworkendpointgroups.compute.cnrm.cloud.google.com"
unit-tests	UNKNOWN STEP	2026-02-15T21:12:34.0598108Z I0215 21:12:34.043537   69669 main.go:129] "found object" kind="CustomResourceDefinition" name="computenetworkendpoints.compute.cnrm.cloud.google.com"
unit-tests	UNKNOWN STEP	2026-02-15T21:12:34.0599118Z I0215 21:12:34.043545   69669 main.go:129] "found object" kind="CustomResourceDefinition" name="computenetworkfirewallpolicies.compute.cnrm.cloud.google.com"
unit-tests	UNKNOWN STEP	2026-02-15T21:12:34.0600213Z I0215 21:12:34.043552   69669 main.go:129] "found object" kind="CustomResourceDefinition" name="computenetworkfirewallpolicyassociations.compute.cnrm.cloud.google.com"
unit-tests	UNKNOWN STEP	2026-02-15T21:12:34.0601475Z I0215 21:12:34.043559   69669 main.go:129] "found object" kind="CustomResourceDefinition" name="computenetworkfirewallpolicyrules.compute.cnrm.cloud.google.com"
unit-tests	UNKNOWN STEP	2026-02-15T21:12:34.0602555Z I0215 21:12:34.043572   69669 main.go:129] "found object" kind="CustomResourceDefinition" name="computenetworkpeeringroutesconfigs.compute.cnrm.cloud.google.com"
unit-tests	UNKNOWN STEP	2026-02-15T21:12:34.0603580Z I0215 21:12:34.043580   69669 main.go:129] "found object" kind="CustomResourceDefinition" name="computenetworkpeerings.compute.cnrm.cloud.google.com"
unit-tests	UNKNOWN STEP	2026-02-15T21:12:34.0604510Z I0215 21:12:34.043586   69669 main.go:129] "found object" kind="CustomResourceDefinition" name="computenetworks.compute.cnrm.cloud.google.com"
unit-tests	UNKNOWN STEP	2026-02-15T21:12:34.0605656Z I0215 21:12:34.043594   69669 main.go:129] "found object" kind="CustomResourceDefinition" name="computenodegroups.compute.cnrm.cloud.google.com"
unit-tests	UNKNOWN STEP	2026-02-15T21:12:34.0606594Z I0215 21:12:34.043601   69669 main.go:129] "found object" kind="CustomResourceDefinition" name="computenodetemplates.compute.cnrm.cloud.google.com"
unit-tests	UNKNOWN STEP	2026-02-15T21:12:34.0607621Z I0215 21:12:34.043607   69669 main.go:129] "found object" kind="CustomResourceDefinition" name="computeorganizationsecuritypolicies.compute.cnrm.cloud.google.com"
unit-tests	UNKNOWN STEP	2026-02-15T21:12:34.0608770Z I0215 21:12:34.043618   69669 main.go:129] "found object" kind="CustomResourceDefinition" name="computeorganizationsecuritypolicyassociations.compute.cnrm.cloud.google.com"
unit-tests	UNKNOWN STEP	2026-02-15T21:12:34.0609930Z I0215 21:12:34.043625   69669 main.go:129] "found object" kind="CustomResourceDefinition" name="computeorganizationsecuritypolicyrules.compute.cnrm.cloud.google.com"
unit-tests	UNKNOWN STEP	2026-02-15T21:12:34.0610984Z I0215 21:12:34.043634   69669 main.go:129] "found object" kind="CustomResourceDefinition" name="computepacketmirrorings.compute.cnrm.cloud.google.com"
unit-tests	UNKNOWN STEP	2026-02-15T21:12:34.0612219Z I0215 21:12:34.043641   69669 main.go:129] "found object" kind="CustomResourceDefinition" name="computeperinstanceconfigs.compute.cnrm.cloud.google.com"
unit-tests	UNKNOWN STEP	2026-02-15T21:12:34.0613218Z I0215 21:12:34.043651   69669 main.go:129] "found object" kind="CustomResourceDefinition" name="computeprojectmetadatas.compute.cnrm.cloud.google.com"
unit-tests	UNKNOWN STEP	2026-02-15T21:12:34.0614192Z I0215 21:12:34.043658   69669 main.go:129] "found object" kind="CustomResourceDefinition" name="computeregionautoscalers.compute.cnrm.cloud.google.com"
unit-tests	UNKNOWN STEP	2026-02-15T21:12:34.0615273Z I0215 21:12:34.043671   69669 main.go:129] "found object" kind="CustomResourceDefinition" name="computeregiondiskresourcepolicyattachments.compute.cnrm.cloud.google.com"
unit-tests	UNKNOWN STEP	2026-02-15T21:12:34.0616408Z I0215 21:12:34.043678   69669 main.go:129] "found object" kind="CustomResourceDefinition" name="computeregionnetworkendpointgroups.compute.cnrm.cloud.google.com"
unit-tests	UNKNOWN STEP	2026-02-15T21:12:34.0617489Z I0215 21:12:34.043685   69669 main.go:129] "found object" kind="CustomResourceDefinition" name="computeregionperinstanceconfigs.compute.cnrm.cloud.google.com"
unit-tests	UNKNOWN STEP	2026-02-15T21:12:34.0618511Z I0215 21:12:34.043692   69669 main.go:129] "found object" kind="CustomResourceDefinition" name="computeregionsslpolicies.compute.cnrm.cloud.google.com"
unit-tests	UNKNOWN STEP	2026-02-15T21:12:34.0619465Z I0215 21:12:34.043699   69669 main.go:129] "found object" kind="CustomResourceDefinition" name="computereservations.compute.cnrm.cloud.google.com"
unit-tests	UNKNOWN STEP	2026-02-15T21:12:34.0620424Z I0215 21:12:34.043726   69669 main.go:129] "found object" kind="CustomResourceDefinition" name="computeresourcepolicies.compute.cnrm.cloud.google.com"
unit-tests	UNKNOWN STEP	2026-02-15T21:12:34.0621565Z I0215 21:12:34.043738   69669 main.go:129] "found object" kind="CustomResourceDefinition" name="computerouterinterfaces.compute.cnrm.cloud.google.com"
unit-tests	UNKNOWN STEP	2026-02-15T21:12:34.0622523Z I0215 21:12:34.043745   69669 main.go:129] "found object" kind="CustomResourceDefinition" name="computerouternats.compute.cnrm.cloud.google.com"
unit-tests	UNKNOWN STEP	2026-02-15T21:12:34.0623456Z I0215 21:12:34.043752   69669 main.go:129] "found object" kind="CustomResourceDefinition" name="computerouterpeers.compute.cnrm.cloud.google.com"
unit-tests	UNKNOWN STEP	2026-02-15T21:12:34.0624370Z I0215 21:12:34.043759   69669 main.go:129] "found object" kind="CustomResourceDefinition" name="computerouters.compute.cnrm.cloud.google.com"
unit-tests	UNKNOWN STEP	2026-02-15T21:12:34.0625262Z I0215 21:12:34.043765   69669 main.go:129] "found object" kind="CustomResourceDefinition" name="computeroutes.compute.cnrm.cloud.google.com"
unit-tests	UNKNOWN STEP	2026-02-15T21:12:34.0626219Z I0215 21:12:34.043776   69669 main.go:129] "found object" kind="CustomResourceDefinition" name="computesecuritypolicies.compute.cnrm.cloud.google.com"
unit-tests	UNKNOWN STEP	2026-02-15T21:12:34.0627207Z I0215 21:12:34.043783   69669 main.go:129] "found object" kind="CustomResourceDefinition" name="computeserviceattachments.compute.cnrm.cloud.google.com"
unit-tests	UNKNOWN STEP	2026-02-15T21:12:34.0628455Z I0215 21:12:34.043791   69669 main.go:129] "found object" kind="CustomResourceDefinition" name="computesharedvpchostprojects.compute.cnrm.cloud.google.com"
unit-tests	UNKNOWN STEP	2026-02-15T21:12:34.0629755Z I0215 21:12:34.043798   69669 main.go:129] "found object" kind="CustomResourceDefinition" name="computesharedvpcserviceprojects.compute.cnrm.cloud.google.com"
unit-tests	UNKNOWN STEP	2026-02-15T21:12:34.0630849Z I0215 21:12:34.043809   69669 main.go:129] "found object" kind="CustomResourceDefinition" name="computesnapshots.compute.cnrm.cloud.google.com"
unit-tests	UNKNOWN STEP	2026-02-15T21:12:34.0641568Z I0215 21:12:34.043816   69669 main.go:129] "found object" kind="CustomResourceDefinition" name="computesslcertificates.compute.cnrm.cloud.google.com"
unit-tests	UNKNOWN STEP	2026-02-15T21:12:34.0642554Z I0215 21:12:34.043826   69669 main.go:129] "found object" kind="CustomResourceDefinition" name="computesslpolicies.compute.cnrm.cloud.google.com"
unit-tests	UNKNOWN STEP	2026-02-15T21:12:34.0643489Z I0215 21:12:34.043832   69669 main.go:129] "found object" kind="CustomResourceDefinition" name="computesubnetworks.compute.cnrm.cloud.google.com"
unit-tests	UNKNOWN STEP	2026-02-15T21:12:34.0644445Z I0215 21:12:34.043839   69669 main.go:129] "found object" kind="CustomResourceDefinition" name="computetargetgrpcproxies.compute.cnrm.cloud.google.com"
unit-tests	UNKNOWN STEP	2026-02-15T21:12:34.0645429Z I0215 21:12:34.043847   69669 main.go:129] "found object" kind="CustomResourceDefinition" name="computetargethttpproxies.compute.cnrm.cloud.google.com"
unit-tests	UNKNOWN STEP	2026-02-15T21:12:34.0646416Z I0215 21:12:34.043854   69669 main.go:129] "found object" kind="CustomResourceDefinition" name="computetargethttpsproxies.compute.cnrm.cloud.google.com"
unit-tests	UNKNOWN STEP	2026-02-15T21:12:34.0647379Z I0215 21:12:34.043864   69669 main.go:129] "found object" kind="CustomResourceDefinition" name="computetargetinstances.compute.cnrm.cloud.google.com"
unit-tests	UNKNOWN STEP	2026-02-15T21:12:34.0648304Z I0215 21:12:34.043872   69669 main.go:129] "found object" kind="CustomResourceDefinition" name="computetargetpools.compute.cnrm.cloud.google.com"
unit-tests	UNKNOWN STEP	2026-02-15T21:12:34.0649240Z I0215 21:12:34.043879   69669 main.go:129] "found object" kind="CustomResourceDefinition" name="computetargetsslproxies.compute.cnrm.cloud.google.com"
unit-tests	UNKNOWN STEP	2026-02-15T21:12:34.0650198Z I0215 21:12:34.043886   69669 main.go:129] "found object" kind="CustomResourceDefinition" name="computetargettcpproxies.compute.cnrm.cloud.google.com"
unit-tests	UNKNOWN STEP	2026-02-15T21:12:34.0651387Z I0215 21:12:34.043893   69669 main.go:129] "found object" kind="CustomResourceDefinition" name="computetargetvpngateways.compute.cnrm.cloud.google.com"
unit-tests	UNKNOWN STEP	2026-02-15T21:12:34.0652394Z I0215 21:12:34.043903   69669 main.go:129] "found object" kind="CustomResourceDefinition" name="computeurlmaps.compute.cnrm.cloud.google.com"
unit-tests	UNKNOWN STEP	2026-02-15T21:12:34.0653313Z I0215 21:12:34.043909   69669 main.go:129] "found object" kind="CustomResourceDefinition" name="computevpngateways.compute.cnrm.cloud.google.com"
unit-tests	UNKNOWN STEP	2026-02-15T21:12:34.0654226Z I0215 21:12:34.043916   69669 main.go:129] "found object" kind="CustomResourceDefinition" name="computevpntunnels.compute.cnrm.cloud.google.com"
unit-tests	UNKNOWN STEP	2026-02-15T21:12:34.0655219Z I0215 21:12:34.043924   69669 main.go:129] "found object" kind="CustomResourceDefinition" name="configcontrollerinstances.configcontroller.cnrm.cloud.google.com"
unit-tests	UNKNOWN STEP	2026-02-15T21:12:34.0656317Z I0215 21:12:34.043931   69669 main.go:129] "found object" kind="CustomResourceDefinition" name="configdeliveryresourcebundles.configdelivery.cnrm.cloud.google.com"
unit-tests	UNKNOWN STEP	2026-02-15T21:12:34.0657396Z I0215 21:12:34.043939   69669 main.go:129] "found object" kind="CustomResourceDefinition" name="containeranalysisnotes.containeranalysis.cnrm.cloud.google.com"
unit-tests	UNKNOWN STEP	2026-02-15T21:12:34.0658481Z I0215 21:12:34.043947   69669 main.go:129] "found object" kind="CustomResourceDefinition" name="containeranalysisoccurrences.containeranalysis.cnrm.cloud.google.com"
unit-tests	UNKNOWN STEP	2026-02-15T21:12:34.0659732Z I0215 21:12:34.043955   69669 main.go:129] "found object" kind="CustomResourceDefinition" name="containerattachedclusters.containerattached.cnrm.cloud.google.com"
unit-tests	UNKNOWN STEP	2026-02-15T21:12:34.0660757Z I0215 21:12:34.043962   69669 main.go:129] "found object" kind="CustomResourceDefinition" name="containerclusters.container.cnrm.cloud.google.com"
unit-tests	UNKNOWN STEP	2026-02-15T21:12:34.0662179Z I0215 21:12:34.043969   69669 main.go:129] "found object" kind="CustomResourceDefinition" name="containernodepools.container.cnrm.cloud.google.com"
unit-tests	UNKNOWN STEP	2026-02-15T21:12:34.0663138Z I0215 21:12:34.043988   69669 main.go:129] "found object" kind="CustomResourceDefinition" name="datacatalogentries.datacatalog.cnrm.cloud.google.com"
unit-tests	UNKNOWN STEP	2026-02-15T21:12:34.0664113Z I0215 21:12:34.044003   69669 main.go:129] "found object" kind="CustomResourceDefinition" name="datacatalogentrygroups.datacatalog.cnrm.cloud.google.com"
unit-tests	UNKNOWN STEP	2026-02-15T21:12:34.0665099Z I0215 21:12:34.044018   69669 main.go:129] "found object" kind="CustomResourceDefinition" name="datacatalogpolicytags.datacatalog.cnrm.cloud.google.com"
unit-tests	UNKNOWN STEP	2026-02-15T21:12:34.0666046Z I0215 21:12:34.044032   69669 main.go:129] "found object" kind="CustomResourceDefinition" name="datacatalogtags.datacatalog.cnrm.cloud.google.com"
unit-tests	UNKNOWN STEP	2026-02-15T21:12:34.0667021Z I0215 21:12:34.044047   69669 main.go:129] "found object" kind="CustomResourceDefinition" name="datacatalogtagtemplates.datacatalog.cnrm.cloud.google.com"
unit-tests	UNKNOWN STEP	2026-02-15T21:12:34.0668034Z I0215 21:12:34.044062   69669 main.go:129] "found object" kind="CustomResourceDefinition" name="datacatalogtaxonomies.datacatalog.cnrm.cloud.google.com"
unit-tests	UNKNOWN STEP	2026-02-15T21:12:34.0669032Z I0215 21:12:34.044078   69669 main.go:129] "found object" kind="CustomResourceDefinition" name="dataflowflextemplatejobs.dataflow.cnrm.cloud.google.com"
unit-tests	UNKNOWN STEP	2026-02-15T21:12:34.0669971Z I0215 21:12:34.044093   69669 main.go:129] "found object" kind="CustomResourceDefinition" name="dataflowjobs.dataflow.cnrm.cloud.google.com"
unit-tests	UNKNOWN STEP	2026-02-15T21:12:34.0671263Z I0215 21:12:34.044124   69669 main.go:129] "found object" kind="CustomResourceDefinition" name="dataformrepositories.dataform.cnrm.cloud.google.com"
unit-tests	UNKNOWN STEP	2026-02-15T21:12:34.0672486Z I0215 21:12:34.044141   69669 main.go:129] "found object" kind="CustomResourceDefinition" name="datafusioninstances.datafusion.cnrm.cloud.google.com"
unit-tests	UNKNOWN STEP	2026-02-15T21:12:34.0673470Z I0215 21:12:34.044156   69669 main.go:129] "found object" kind="CustomResourceDefinition" name="dataplexentrygroups.dataplex.cnrm.cloud.google.com"
unit-tests	UNKNOWN STEP	2026-02-15T21:12:34.0674415Z I0215 21:12:34.044171   69669 main.go:129] "found object" kind="CustomResourceDefinition" name="dataplexentrytypes.dataplex.cnrm.cloud.google.com"
unit-tests	UNKNOWN STEP	2026-02-15T21:12:34.0675326Z I0215 21:12:34.044185   69669 main.go:129] "found object" kind="CustomResourceDefinition" name="dataplexlakes.dataplex.cnrm.cloud.google.com"
unit-tests	UNKNOWN STEP	2026-02-15T21:12:34.0676210Z I0215 21:12:34.044199   69669 main.go:129] "found object" kind="CustomResourceDefinition" name="dataplextasks.dataplex.cnrm.cloud.google.com"
unit-tests	UNKNOWN STEP	2026-02-15T21:12:34.0677094Z I0215 21:12:34.044214   69669 main.go:129] "found object" kind="CustomResourceDefinition" name="dataplexzones.dataplex.cnrm.cloud.google.com"
unit-tests	UNKNOWN STEP	2026-02-15T21:12:34.0678044Z I0215 21:12:34.044228   69669 main.go:129] "found object" kind="CustomResourceDefinition" name="dataprocautoscalingpolicies.dataproc.cnrm.cloud.google.com"
unit-tests	UNKNOWN STEP	2026-02-15T21:12:34.0679012Z I0215 21:12:34.044242   69669 main.go:129] "found object" kind="CustomResourceDefinition" name="dataprocbatches.dataproc.cnrm.cloud.google.com"
unit-tests	UNKNOWN STEP	2026-02-15T21:12:34.0679923Z I0215 21:12:34.044257   69669 main.go:129] "found object" kind="CustomResourceDefinition" name="dataprocclusters.dataproc.cnrm.cloud.google.com"
unit-tests	UNKNOWN STEP	2026-02-15T21:12:34.0680889Z I0215 21:12:34.044271   69669 main.go:129] "found object" kind="CustomResourceDefinition" name="dataprocjobs.dataproc.cnrm.cloud.google.com"
unit-tests	UNKNOWN STEP	2026-02-15T21:12:34.0682101Z I0215 21:12:34.044285   69669 main.go:129] "found object" kind="CustomResourceDefinition" name="dataprocnodegroups.dataproc.cnrm.cloud.google.com"
unit-tests	UNKNOWN STEP	2026-02-15T21:12:34.0683100Z I0215 21:12:34.044299   69669 main.go:129] "found object" kind="CustomResourceDefinition" name="dataprocworkflowtemplates.dataproc.cnrm.cloud.google.com"
unit-tests	UNKNOWN STEP	2026-02-15T21:12:34.0684073Z I0215 21:12:34.044313   69669 main.go:129] "found object" kind="CustomResourceDefinition" name="datastoreindexes.datastore.cnrm.cloud.google.com"
unit-tests	UNKNOWN STEP	2026-02-15T21:12:34.0685365Z I0215 21:12:34.044328   69669 main.go:129] "found object" kind="CustomResourceDefinition" name="datastreamconnectionprofiles.datastream.cnrm.cloud.google.com"
unit-tests	UNKNOWN STEP	2026-02-15T21:12:34.0686431Z I0215 21:12:34.044342   69669 main.go:129] "found object" kind="CustomResourceDefinition" name="datastreamprivateconnections.datastream.cnrm.cloud.google.com"
unit-tests	UNKNOWN STEP	2026-02-15T21:12:34.0687426Z I0215 21:12:34.044356   69669 main.go:129] "found object" kind="CustomResourceDefinition" name="datastreamroutes.datastream.cnrm.cloud.google.com"
unit-tests	UNKNOWN STEP	2026-02-15T21:12:34.0688365Z I0215 21:12:34.044371   69669 main.go:129] "found object" kind="CustomResourceDefinition" name="datastreamstreams.datastream.cnrm.cloud.google.com"
unit-tests	UNKNOWN STEP	2026-02-15T21:12:34.0689345Z I0215 21:12:34.044386   69669 main.go:129] "found object" kind="CustomResourceDefinition" name="deploycustomtargettypes.clouddeploy.cnrm.cloud.google.com"
unit-tests	UNKNOWN STEP	2026-02-15T21:12:34.0690996Z I0215 21:12:34.044401   69669 main.go:129] "found object" kind="CustomResourceDefinition" name="deploymentmanagerdeployments.deploymentmanager.cnrm.cloud.google.com"
unit-tests	UNKNOWN STEP	2026-02-15T21:12:34.0692784Z I0215 21:12:34.044416   69669 main.go:129] "found object" kind="CustomResourceDefinition" name="dialogflowagents.dialogflow.cnrm.cloud.google.com"
unit-tests	UNKNOWN STEP	2026-02-15T21:12:34.0694235Z I0215 21:12:34.044430   69669 main.go:129] "found object" kind="CustomResourceDefinition" name="dialogflowcxagents.dialogflowcx.cnrm.cloud.google.com"
unit-tests	UNKNOWN STEP	2026-02-15T21:12:34.0695262Z I0215 21:12:34.044444   69669 main.go:129] "found object" kind="CustomResourceDefinition" name="dialogflowcxentitytypes.dialogflowcx.cnrm.cloud.google.com"
unit-tests	UNKNOWN STEP	2026-02-15T21:12:34.0696484Z I0215 21:12:34.044459   69669 main.go:129] "found object" kind="CustomResourceDefinition" name="dialogflowcxflows.dialogflowcx.cnrm.cloud.google.com"
unit-tests	UNKNOWN STEP	2026-02-15T21:12:34.0697467Z I0215 21:12:34.044473   69669 main.go:129] "found object" kind="CustomResourceDefinition" name="dialogflowcxintents.dialogflowcx.cnrm.cloud.google.com"
unit-tests	UNKNOWN STEP	2026-02-15T21:12:34.0698458Z I0215 21:12:34.044488   69669 main.go:129] "found object" kind="CustomResourceDefinition" name="dialogflowcxpages.dialogflowcx.cnrm.cloud.google.com"
unit-tests	UNKNOWN STEP	2026-02-15T21:12:34.0699454Z I0215 21:12:34.044502   69669 main.go:129] "found object" kind="CustomResourceDefinition" name="dialogflowcxwebhooks.dialogflowcx.cnrm.cloud.google.com"
unit-tests	UNKNOWN STEP	2026-02-15T21:12:34.0700436Z I0215 21:12:34.044517   69669 main.go:129] "found object" kind="CustomResourceDefinition" name="dialogflowentitytypes.dialogflow.cnrm.cloud.google.com"
unit-tests	UNKNOWN STEP	2026-02-15T21:12:34.0701702Z I0215 21:12:34.044532   69669 main.go:129] "found object" kind="CustomResourceDefinition" name="dialogflowfulfillments.dialogflow.cnrm.cloud.google.com"
unit-tests	UNKNOWN STEP	2026-02-15T21:12:34.0702693Z I0215 21:12:34.044546   69669 main.go:129] "found object" kind="CustomResourceDefinition" name="dialogflowintents.dialogflow.cnrm.cloud.google.com"
unit-tests	UNKNOWN STEP	2026-02-15T21:12:34.0703722Z I0215 21:12:34.044561   69669 main.go:129] "found object" kind="CustomResourceDefinition" name="discoveryenginedatastores.discoveryengine.cnrm.cloud.google.com"
unit-tests	UNKNOWN STEP	2026-02-15T21:12:34.0704868Z I0215 21:12:34.044575   69669 main.go:129] "found object" kind="CustomResourceDefinition" name="discoveryenginedatastoretargetsites.discoveryengine.cnrm.cloud.google.com"
unit-tests	UNKNOWN STEP	2026-02-15T21:12:34.0705981Z I0215 21:12:34.044589   69669 main.go:129] "found object" kind="CustomResourceDefinition" name="discoveryengineengines.discoveryengine.cnrm.cloud.google.com"
unit-tests	UNKNOWN STEP	2026-02-15T21:12:34.0706972Z I0215 21:12:34.044604   69669 main.go:129] "found object" kind="CustomResourceDefinition" name="dlpdeidentifytemplates.dlp.cnrm.cloud.google.com"
unit-tests	UNKNOWN STEP	2026-02-15T21:12:34.0707898Z I0215 21:12:34.044618   69669 main.go:129] "found object" kind="CustomResourceDefinition" name="dlpinspecttemplates.dlp.cnrm.cloud.google.com"
unit-tests	UNKNOWN STEP	2026-02-15T21:12:34.0708791Z I0215 21:12:34.044632   69669 main.go:129] "found object" kind="CustomResourceDefinition" name="dlpjobtriggers.dlp.cnrm.cloud.google.com"
unit-tests	UNKNOWN STEP	2026-02-15T21:12:34.0709676Z I0215 21:12:34.044647   69669 main.go:129] "found object" kind="CustomResourceDefinition" name="dlpstoredinfotypes.dlp.cnrm.cloud.google.com"
unit-tests	UNKNOWN STEP	2026-02-15T21:12:34.0710831Z I0215 21:12:34.044662   69669 main.go:129] "found object" kind="CustomResourceDefinition" name="dnsmanagedzones.dns.cnrm.cloud.google.com"
unit-tests	UNKNOWN STEP	2026-02-15T21:12:34.0711975Z I0215 21:12:34.044677   69669 main.go:129] "found object" kind="CustomResourceDefinition" name="dnspolicies.dns.cnrm.cloud.google.com"
unit-tests	UNKNOWN STEP	2026-02-15T21:12:34.0712827Z I0215 21:12:34.044692   69669 main.go:129] "found object" kind="CustomResourceDefinition" name="dnsrecordsets.dns.cnrm.cloud.google.com"
unit-tests	UNKNOWN STEP	2026-02-15T21:12:34.0713704Z I0215 21:12:34.044706   69669 main.go:129] "found object" kind="CustomResourceDefinition" name="dnsresponsepolicies.dns.cnrm.cloud.google.com"
unit-tests	UNKNOWN STEP	2026-02-15T21:12:34.0714614Z I0215 21:12:34.044721   69669 main.go:129] "found object" kind="CustomResourceDefinition" name="dnsresponsepolicyrules.dns.cnrm.cloud.google.com"
unit-tests	UNKNOWN STEP	2026-02-15T21:12:34.0715640Z I0215 21:12:34.044735   69669 main.go:129] "found object" kind="CustomResourceDefinition" name="documentaiprocessordefaultversions.documentai.cnrm.cloud.google.com"
unit-tests	UNKNOWN STEP	2026-02-15T21:12:34.0716697Z I0215 21:12:34.044749   69669 main.go:129] "found object" kind="CustomResourceDefinition" name="documentaiprocessors.documentai.cnrm.cloud.google.com"
unit-tests	UNKNOWN STEP	2026-02-15T21:12:34.0717710Z I0215 21:12:34.044764   69669 main.go:129] "found object" kind="CustomResourceDefinition" name="documentaiprocessorversions.documentai.cnrm.cloud.google.com"
unit-tests	UNKNOWN STEP	2026-02-15T21:12:34.0718743Z I0215 21:12:34.044778   69669 main.go:129] "found object" kind="CustomResourceDefinition" name="edgecontainerclusters.edgecontainer.cnrm.cloud.google.com"
unit-tests	UNKNOWN STEP	2026-02-15T21:12:34.0719748Z I0215 21:12:34.044792   69669 main.go:129] "found object" kind="CustomResourceDefinition" name="edgecontainermachines.edgecontainer.cnrm.cloud.google.com"
unit-tests	UNKNOWN STEP	2026-02-15T21:12:34.0720767Z I0215 21:12:34.044808   69669 main.go:129] "found object" kind="CustomResourceDefinition" name="edgecontainernodepools.edgecontainer.cnrm.cloud.google.com"
unit-tests	UNKNOWN STEP	2026-02-15T21:12:34.0722110Z I0215 21:12:34.044822   69669 main.go:129] "found object" kind="CustomResourceDefinition" name="edgecontainervpnconnections.edgecontainer.cnrm.cloud.google.com"
unit-tests	UNKNOWN STEP	2026-02-15T21:12:34.0723136Z I0215 21:12:34.044837   69669 main.go:129] "found object" kind="CustomResourceDefinition" name="edgenetworknetworks.edgenetwork.cnrm.cloud.google.com"
unit-tests	UNKNOWN STEP	2026-02-15T21:12:34.0724103Z I0215 21:12:34.044851   69669 main.go:129] "found object" kind="CustomResourceDefinition" name="edgenetworksubnets.edgenetwork.cnrm.cloud.google.com"
unit-tests	UNKNOWN STEP	2026-02-15T21:12:34.0725141Z I0215 21:12:34.044865   69669 main.go:129] "found object" kind="CustomResourceDefinition" name="essentialcontactscontacts.essentialcontacts.cnrm.cloud.google.com"
unit-tests	UNKNOWN STEP	2026-02-15T21:12:34.0726180Z I0215 21:12:34.044880   69669 main.go:129] "found object" kind="CustomResourceDefinition" name="eventarcchannels.eventarc.cnrm.cloud.google.com"
unit-tests	UNKNOWN STEP	2026-02-15T21:12:34.0727159Z I0215 21:12:34.044894   69669 main.go:129] "found object" kind="CustomResourceDefinition" name="eventarcgooglechannelconfigs.eventarc.cnrm.cloud.google.com"
unit-tests	UNKNOWN STEP	2026-02-15T21:12:34.0728138Z I0215 21:12:34.044909   69669 main.go:129] "found object" kind="CustomResourceDefinition" name="eventarctriggers.eventarc.cnrm.cloud.google.com"
unit-tests	UNKNOWN STEP	2026-02-15T21:12:34.0729060Z I0215 21:12:34.044923   69669 main.go:129] "found object" kind="CustomResourceDefinition" name="filestorebackups.filestore.cnrm.cloud.google.com"
unit-tests	UNKNOWN STEP	2026-02-15T21:12:34.0730001Z I0215 21:12:34.044937   69669 main.go:129] "found object" kind="CustomResourceDefinition" name="filestoreinstances.filestore.cnrm.cloud.google.com"
unit-tests	UNKNOWN STEP	2026-02-15T21:12:34.0730949Z I0215 21:12:34.044952   69669 main.go:129] "found object" kind="CustomResourceDefinition" name="filestoresnapshots.filestore.cnrm.cloud.google.com"
unit-tests	UNKNOWN STEP	2026-02-15T21:12:34.0732138Z I0215 21:12:34.044967   69669 main.go:129] "found object" kind="CustomResourceDefinition" name="firebaseandroidapps.firebase.cnrm.cloud.google.com"
unit-tests	UNKNOWN STEP	2026-02-15T21:12:34.0733299Z I0215 21:12:34.044982   69669 main.go:129] "found object" kind="CustomResourceDefinition" name="firebasedatabaseinstances.firebasedatabase.cnrm.cloud.google.com"
unit-tests	UNKNOWN STEP	2026-02-15T21:12:34.0734467Z I0215 21:12:34.044996   69669 main.go:129] "found object" kind="CustomResourceDefinition" name="firebasehostingchannels.firebasehosting.cnrm.cloud.google.com"
unit-tests	UNKNOWN STEP	2026-02-15T21:12:34.0735510Z I0215 21:12:34.045010   69669 main.go:129] "found object" kind="CustomResourceDefinition" name="firebasehostingsites.firebasehosting.cnrm.cloud.google.com"
unit-tests	UNKNOWN STEP	2026-02-15T21:12:34.0736485Z I0215 21:12:34.045025   69669 main.go:129] "found object" kind="CustomResourceDefinition" name="firebaseprojects.firebase.cnrm.cloud.google.com"
unit-tests	UNKNOWN STEP	2026-02-15T21:12:34.0737467Z I0215 21:12:34.045039   69669 main.go:129] "found object" kind="CustomResourceDefinition" name="firebasestoragebuckets.firebasestorage.cnrm.cloud.google.com"
unit-tests	UNKNOWN STEP	2026-02-15T21:12:34.0738436Z I0215 21:12:34.045053   69669 main.go:129] "found object" kind="CustomResourceDefinition" name="firebasewebapps.firebase.cnrm.cloud.google.com"
unit-tests	UNKNOWN STEP	2026-02-15T21:12:34.0739404Z I0215 21:12:34.045068   69669 main.go:129] "found object" kind="CustomResourceDefinition" name="firestorebackupschedules.firestore.cnrm.cloud.google.com"
unit-tests	UNKNOWN STEP	2026-02-15T21:12:34.0740376Z I0215 21:12:34.045082   69669 main.go:129] "found object" kind="CustomResourceDefinition" name="firestoredatabases.firestore.cnrm.cloud.google.com"
unit-tests	UNKNOWN STEP	2026-02-15T21:12:34.0741615Z I0215 21:12:34.045097   69669 main.go:129] "found object" kind="CustomResourceDefinition" name="firestoredocuments.firestore.cnrm.cloud.google.com"
unit-tests	UNKNOWN STEP	2026-02-15T21:12:34.0742564Z I0215 21:12:34.045130   69669 main.go:129] "found object" kind="CustomResourceDefinition" name="firestorefields.firestore.cnrm.cloud.google.com"
unit-tests	UNKNOWN STEP	2026-02-15T21:12:34.0743491Z I0215 21:12:34.045138   69669 main.go:129] "found object" kind="CustomResourceDefinition" name="firestoreindexes.firestore.cnrm.cloud.google.com"
unit-tests	UNKNOWN STEP	2026-02-15T21:12:34.0744406Z I0215 21:12:34.045144   69669 main.go:129] "found object" kind="CustomResourceDefinition" name="folders.resourcemanager.cnrm.cloud.google.com"
unit-tests	UNKNOWN STEP	2026-02-15T21:12:34.0745348Z I0215 21:12:34.045150   69669 main.go:129] "found object" kind="CustomResourceDefinition" name="gkebackupbackupplans.gkebackup.cnrm.cloud.google.com"
unit-tests	UNKNOWN STEP	2026-02-15T21:12:34.0746292Z I0215 21:12:34.045157   69669 main.go:129] "found object" kind="CustomResourceDefinition" name="gkebackupbackups.gkebackup.cnrm.cloud.google.com"
unit-tests	UNKNOWN STEP	2026-02-15T21:12:34.0747236Z I0215 21:12:34.045163   69669 main.go:129] "found object" kind="CustomResourceDefinition" name="gkebackuprestoreplans.gkebackup.cnrm.cloud.google.com"
unit-tests	UNKNOWN STEP	2026-02-15T21:12:34.0748189Z I0215 21:12:34.045169   69669 main.go:129] "found object" kind="CustomResourceDefinition" name="gkebackuprestores.gkebackup.cnrm.cloud.google.com"
unit-tests	UNKNOWN STEP	2026-02-15T21:12:34.0749140Z I0215 21:12:34.045175   69669 main.go:129] "found object" kind="CustomResourceDefinition" name="gkehubfeaturememberships.gkehub.cnrm.cloud.google.com"
unit-tests	UNKNOWN STEP	2026-02-15T21:12:34.0750067Z I0215 21:12:34.045182   69669 main.go:129] "found object" kind="CustomResourceDefinition" name="gkehubfeatures.gkehub.cnrm.cloud.google.com"
unit-tests	UNKNOWN STEP	2026-02-15T21:12:34.0750967Z I0215 21:12:34.045188   69669 main.go:129] "found object" kind="CustomResourceDefinition" name="gkehubmemberships.gkehub.cnrm.cloud.google.com"
unit-tests	UNKNOWN STEP	2026-02-15T21:12:34.0752105Z I0215 21:12:34.045194   69669 main.go:129] "found object" kind="CustomResourceDefinition" name="healthcareconsentstores.healthcare.cnrm.cloud.google.com"
unit-tests	UNKNOWN STEP	2026-02-15T21:12:34.0753087Z I0215 21:12:34.045200   69669 main.go:129] "found object" kind="CustomResourceDefinition" name="healthcaredatasets.healthcare.cnrm.cloud.google.com"
unit-tests	UNKNOWN STEP	2026-02-15T21:12:34.0754053Z I0215 21:12:34.045207   69669 main.go:129] "found object" kind="CustomResourceDefinition" name="healthcaredicomstores.healthcare.cnrm.cloud.google.com"
unit-tests	UNKNOWN STEP	2026-02-15T21:12:34.0755022Z I0215 21:12:34.045214   69669 main.go:129] "found object" kind="CustomResourceDefinition" name="healthcarefhirstores.healthcare.cnrm.cloud.google.com"
unit-tests	UNKNOWN STEP	2026-02-15T21:12:34.0756132Z I0215 21:12:34.045220   69669 main.go:129] "found object" kind="CustomResourceDefinition" name="healthcarehl7v2stores.healthcare.cnrm.cloud.google.com"
unit-tests	UNKNOWN STEP	2026-02-15T21:12:34.0757195Z I0215 21:12:34.045226   69669 main.go:129] "found object" kind="CustomResourceDefinition" name="iamaccessboundarypolicies.iam.cnrm.cloud.google.com"
unit-tests	UNKNOWN STEP	2026-02-15T21:12:34.0758119Z I0215 21:12:34.045233   69669 main.go:129] "found object" kind="CustomResourceDefinition" name="iamauditconfigs.iam.cnrm.cloud.google.com"
unit-tests	UNKNOWN STEP	2026-02-15T21:12:34.0758990Z I0215 21:12:34.045239   69669 main.go:129] "found object" kind="CustomResourceDefinition" name="iamcustomroles.iam.cnrm.cloud.google.com"
unit-tests	UNKNOWN STEP	2026-02-15T21:12:34.0759844Z I0215 21:12:34.045245   69669 main.go:129] "found object" kind="CustomResourceDefinition" name="iamdenypolicies.iam.cnrm.cloud.google.com"
unit-tests	UNKNOWN STEP	2026-02-15T21:12:34.0760723Z I0215 21:12:34.045253   69669 main.go:129] "found object" kind="CustomResourceDefinition" name="iampartialpolicies.iam.cnrm.cloud.google.com"
unit-tests	UNKNOWN STEP	2026-02-15T21:12:34.0761790Z I0215 21:12:34.045260   69669 main.go:129] "found object" kind="CustomResourceDefinition" name="iampolicies.iam.cnrm.cloud.google.com"
unit-tests	UNKNOWN STEP	2026-02-15T21:12:34.0762652Z I0215 21:12:34.045271   69669 main.go:129] "found object" kind="CustomResourceDefinition" name="iampolicymembers.iam.cnrm.cloud.google.com"
unit-tests	UNKNOWN STEP	2026-02-15T21:12:34.0763545Z I0215 21:12:34.045278   69669 main.go:129] "found object" kind="CustomResourceDefinition" name="iamserviceaccountkeys.iam.cnrm.cloud.google.com"
unit-tests	UNKNOWN STEP	2026-02-15T21:12:34.0764448Z I0215 21:12:34.045285   69669 main.go:129] "found object" kind="CustomResourceDefinition" name="iamserviceaccounts.iam.cnrm.cloud.google.com"
unit-tests	UNKNOWN STEP	2026-02-15T21:12:34.0765368Z I0215 21:12:34.045292   69669 main.go:129] "found object" kind="CustomResourceDefinition" name="iamworkforcepoolproviders.iam.cnrm.cloud.google.com"
unit-tests	UNKNOWN STEP	2026-02-15T21:12:34.0766288Z I0215 21:12:34.045302   69669 main.go:129] "found object" kind="CustomResourceDefinition" name="iamworkforcepools.iam.cnrm.cloud.google.com"
unit-tests	UNKNOWN STEP	2026-02-15T21:12:34.0767250Z I0215 21:12:34.045309   69669 main.go:129] "found object" kind="CustomResourceDefinition" name="iamworkloadidentitypoolproviders.iam.cnrm.cloud.google.com"
unit-tests	UNKNOWN STEP	2026-02-15T21:12:34.0768230Z I0215 21:12:34.045318   69669 main.go:129] "found object" kind="CustomResourceDefinition" name="iamworkloadidentitypools.iam.cnrm.cloud.google.com"
unit-tests	UNKNOWN STEP	2026-02-15T21:12:34.0769110Z I0215 21:12:34.045325   69669 main.go:129] "found object" kind="CustomResourceDefinition" name="iapbrands.iap.cnrm.cloud.google.com"
unit-tests	UNKNOWN STEP	2026-02-15T21:12:34.0770016Z I0215 21:12:34.045333   69669 main.go:129] "found object" kind="CustomResourceDefinition" name="iapidentityawareproxyclients.iap.cnrm.cloud.google.com"
unit-tests	UNKNOWN STEP	2026-02-15T21:12:34.0770921Z I0215 21:12:34.045340   69669 main.go:129] "found object" kind="CustomResourceDefinition" name="iapsettings.iap.cnrm.cloud.google.com"
unit-tests	UNKNOWN STEP	2026-02-15T21:12:34.0772115Z I0215 21:12:34.045347   69669 main.go:129] "found object" kind="CustomResourceDefinition" name="identityplatformconfigs.identityplatform.cnrm.cloud.google.com"
unit-tests	UNKNOWN STEP	2026-02-15T21:12:34.0773300Z I0215 21:12:34.045358   69669 main.go:129] "found object" kind="CustomResourceDefinition" name="identityplatformdefaultsupportedidpconfigs.identityplatform.cnrm.cloud.google.com"
unit-tests	UNKNOWN STEP	2026-02-15T21:12:34.0774524Z I0215 21:12:34.045366   69669 main.go:129] "found object" kind="CustomResourceDefinition" name="identityplatforminboundsamlconfigs.identityplatform.cnrm.cloud.google.com"
unit-tests	UNKNOWN STEP	2026-02-15T21:12:34.0775690Z I0215 21:12:34.045374   69669 main.go:129] "found object" kind="CustomResourceDefinition" name="identityplatformoauthidpconfigs.identityplatform.cnrm.cloud.google.com"
unit-tests	UNKNOWN STEP	2026-02-15T21:12:34.0776868Z I0215 21:12:34.045382   69669 main.go:129] "found object" kind="CustomResourceDefinition" name="identityplatformprojectdefaultconfigs.identityplatform.cnrm.cloud.google.com"
unit-tests	UNKNOWN STEP	2026-02-15T21:12:34.0778130Z I0215 21:12:34.045390   69669 main.go:129] "found object" kind="CustomResourceDefinition" name="identityplatformtenantdefaultsupportedidpconfigs.identityplatform.cnrm.cloud.google.com"
unit-tests	UNKNOWN STEP	2026-02-15T21:12:34.0779656Z I0215 21:12:34.045398   69669 main.go:129] "found object" kind="CustomResourceDefinition" name="identityplatformtenantinboundsamlconfigs.identityplatform.cnrm.cloud.google.com"
unit-tests	UNKNOWN STEP	2026-02-15T21:12:34.0780883Z I0215 21:12:34.045405   69669 main.go:129] "found object" kind="CustomResourceDefinition" name="identityplatformtenantoauthidpconfigs.identityplatform.cnrm.cloud.google.com"
unit-tests	UNKNOWN STEP	2026-02-15T21:12:34.0782297Z I0215 21:12:34.045414   69669 main.go:129] "found object" kind="CustomResourceDefinition" name="identityplatformtenants.identityplatform.cnrm.cloud.google.com"
unit-tests	UNKNOWN STEP	2026-02-15T21:12:34.0783277Z I0215 21:12:34.045424   69669 main.go:129] "found object" kind="CustomResourceDefinition" name="kmsautokeyconfigs.kms.cnrm.cloud.google.com"
unit-tests	UNKNOWN STEP	2026-02-15T21:12:34.0784142Z I0215 21:12:34.045431   69669 main.go:129] "found object" kind="CustomResourceDefinition" name="kmscryptokeys.kms.cnrm.cloud.google.com"
unit-tests	UNKNOWN STEP	2026-02-15T21:12:34.0785022Z I0215 21:12:34.045441   69669 main.go:129] "found object" kind="CustomResourceDefinition" name="kmscryptokeyversions.kms.cnrm.cloud.google.com"
unit-tests	UNKNOWN STEP	2026-02-15T21:12:34.0785913Z I0215 21:12:34.045448   69669 main.go:129] "found object" kind="CustomResourceDefinition" name="kmsimportjobs.kms.cnrm.cloud.google.com"
unit-tests	UNKNOWN STEP	2026-02-15T21:12:34.0786759Z I0215 21:12:34.045455   69669 main.go:129] "found object" kind="CustomResourceDefinition" name="kmskeyhandles.kms.cnrm.cloud.google.com"
unit-tests	UNKNOWN STEP	2026-02-15T21:12:34.0787634Z I0215 21:12:34.045465   69669 main.go:129] "found object" kind="CustomResourceDefinition" name="kmskeyringimportjobs.kms.cnrm.cloud.google.com"
unit-tests	UNKNOWN STEP	2026-02-15T21:12:34.0788503Z I0215 21:12:34.045472   69669 main.go:129] "found object" kind="CustomResourceDefinition" name="kmskeyrings.kms.cnrm.cloud.google.com"
unit-tests	UNKNOWN STEP	2026-02-15T21:12:34.0789371Z I0215 21:12:34.045483   69669 main.go:129] "found object" kind="CustomResourceDefinition" name="kmssecretciphertexts.kms.cnrm.cloud.google.com"
unit-tests	UNKNOWN STEP	2026-02-15T21:12:34.0790262Z I0215 21:12:34.045489   69669 main.go:129] "found object" kind="CustomResourceDefinition" name="logginglinks.logging.cnrm.cloud.google.com"
unit-tests	UNKNOWN STEP	2026-02-15T21:12:34.0791395Z I0215 21:12:34.045496   69669 main.go:129] "found object" kind="CustomResourceDefinition" name="logginglogbuckets.logging.cnrm.cloud.google.com"
unit-tests	UNKNOWN STEP	2026-02-15T21:12:34.0792342Z I0215 21:12:34.045503   69669 main.go:129] "found object" kind="CustomResourceDefinition" name="logginglogexclusions.logging.cnrm.cloud.google.com"
unit-tests	UNKNOWN STEP	2026-02-15T21:12:34.0793281Z I0215 21:12:34.045510   69669 main.go:129] "found object" kind="CustomResourceDefinition" name="logginglogmetrics.logging.cnrm.cloud.google.com"
unit-tests	UNKNOWN STEP	2026-02-15T21:12:34.0794190Z I0215 21:12:34.045521   69669 main.go:129] "found object" kind="CustomResourceDefinition" name="logginglogsinks.logging.cnrm.cloud.google.com"
unit-tests	UNKNOWN STEP	2026-02-15T21:12:34.0795090Z I0215 21:12:34.045535   69669 main.go:129] "found object" kind="CustomResourceDefinition" name="logginglogviews.logging.cnrm.cloud.google.com"
unit-tests	UNKNOWN STEP	2026-02-15T21:12:34.0796036Z I0215 21:12:34.045542   69669 main.go:129] "found object" kind="CustomResourceDefinition" name="managedkafkaclusters.managedkafka.cnrm.cloud.google.com"
unit-tests	UNKNOWN STEP	2026-02-15T21:12:34.0797072Z I0215 21:12:34.045554   69669 main.go:129] "found object" kind="CustomResourceDefinition" name="managedkafkaconsumergroups.managedkafka.cnrm.cloud.google.com"
unit-tests	UNKNOWN STEP	2026-02-15T21:12:34.0798087Z I0215 21:12:34.045561   69669 main.go:129] "found object" kind="CustomResourceDefinition" name="managedkafkatopics.managedkafka.cnrm.cloud.google.com"
unit-tests	UNKNOWN STEP	2026-02-15T21:12:34.0799043Z I0215 21:12:34.045572   69669 main.go:129] "found object" kind="CustomResourceDefinition" name="memcacheinstances.memcache.cnrm.cloud.google.com"
unit-tests	UNKNOWN STEP	2026-02-15T21:12:34.0799995Z I0215 21:12:34.045580   69669 main.go:129] "found object" kind="CustomResourceDefinition" name="memorystoreinstances.memorystore.cnrm.cloud.google.com"
unit-tests	UNKNOWN STEP	2026-02-15T21:12:34.0800955Z I0215 21:12:34.045586   69669 main.go:129] "found object" kind="CustomResourceDefinition" name="metastorebackups.metastore.cnrm.cloud.google.com"
unit-tests	UNKNOWN STEP	2026-02-15T21:12:34.0802474Z I0215 21:12:34.045591   69669 main.go:129] "found object" kind="CustomResourceDefinition" name="metastorefederations.metastore.cnrm.cloud.google.com"
unit-tests	UNKNOWN STEP	2026-02-15T21:12:34.0803442Z I0215 21:12:34.045595   69669 main.go:129] "found object" kind="CustomResourceDefinition" name="metastoreservices.metastore.cnrm.cloud.google.com"
unit-tests	UNKNOWN STEP	2026-02-15T21:12:34.0804365Z I0215 21:12:34.045599   69669 main.go:129] "found object" kind="CustomResourceDefinition" name="mlenginemodels.mlengine.cnrm.cloud.google.com"
unit-tests	UNKNOWN STEP	2026-02-15T21:12:34.0805325Z I0215 21:12:34.045603   69669 main.go:129] "found object" kind="CustomResourceDefinition" name="monitoringalertpolicies.monitoring.cnrm.cloud.google.com"
unit-tests	UNKNOWN STEP	2026-02-15T21:12:34.0806314Z I0215 21:12:34.045607   69669 main.go:129] "found object" kind="CustomResourceDefinition" name="monitoringdashboards.monitoring.cnrm.cloud.google.com"
unit-tests	UNKNOWN STEP	2026-02-15T21:12:34.0807267Z I0215 21:12:34.045611   69669 main.go:129] "found object" kind="CustomResourceDefinition" name="monitoringgroups.monitoring.cnrm.cloud.google.com"
unit-tests	UNKNOWN STEP	2026-02-15T21:12:34.0808268Z I0215 21:12:34.045627   69669 main.go:129] "found object" kind="CustomResourceDefinition" name="monitoringmetricdescriptors.monitoring.cnrm.cloud.google.com"
unit-tests	UNKNOWN STEP	2026-02-15T21:12:34.0809305Z I0215 21:12:34.045631   69669 main.go:129] "found object" kind="CustomResourceDefinition" name="monitoringmonitoredprojects.monitoring.cnrm.cloud.google.com"
unit-tests	UNKNOWN STEP	2026-02-15T21:12:34.0810360Z I0215 21:12:34.045635   69669 main.go:129] "found object" kind="CustomResourceDefinition" name="monitoringnotificationchannels.monitoring.cnrm.cloud.google.com"
unit-tests	UNKNOWN STEP	2026-02-15T21:12:34.0811577Z I0215 21:12:34.045640   69669 main.go:129] "found object" kind="CustomResourceDefinition" name="monitoringservicelevelobjectives.monitoring.cnrm.cloud.google.com"
unit-tests	UNKNOWN STEP	2026-02-15T21:12:34.0812605Z I0215 21:12:34.045644   69669 main.go:129] "found object" kind="CustomResourceDefinition" name="monitoringservices.monitoring.cnrm.cloud.google.com"
unit-tests	UNKNOWN STEP	2026-02-15T21:12:34.0813611Z I0215 21:12:34.045648   69669 main.go:129] "found object" kind="CustomResourceDefinition" name="monitoringuptimecheckconfigs.monitoring.cnrm.cloud.google.com"
unit-tests	UNKNOWN STEP	2026-02-15T21:12:34.0814609Z I0215 21:12:34.045652   69669 main.go:129] "found object" kind="CustomResourceDefinition" name="netappbackuppolicies.netapp.cnrm.cloud.google.com"
unit-tests	UNKNOWN STEP	2026-02-15T21:12:34.0815543Z I0215 21:12:34.045656   69669 main.go:129] "found object" kind="CustomResourceDefinition" name="netappbackupvaults.netapp.cnrm.cloud.google.com"
unit-tests	UNKNOWN STEP	2026-02-15T21:12:34.0816547Z I0215 21:12:34.045659   69669 main.go:129] "found object" kind="CustomResourceDefinition" name="networkconnectivityhubs.networkconnectivity.cnrm.cloud.google.com"
unit-tests	UNKNOWN STEP	2026-02-15T21:12:34.0817689Z I0215 21:12:34.045664   69669 main.go:129] "found object" kind="CustomResourceDefinition" name="networkconnectivityinternalranges.networkconnectivity.cnrm.cloud.google.com"
unit-tests	UNKNOWN STEP	2026-02-15T21:12:34.0818948Z I0215 21:12:34.045668   69669 main.go:129] "found object" kind="CustomResourceDefinition" name="networkconnectivityserviceconnectionpolicies.networkconnectivity.cnrm.cloud.google.com"
unit-tests	UNKNOWN STEP	2026-02-15T21:12:34.0820170Z I0215 21:12:34.045672   69669 main.go:129] "found object" kind="CustomResourceDefinition" name="networkconnectivityspokes.networkconnectivity.cnrm.cloud.google.com"
unit-tests	UNKNOWN STEP	2026-02-15T21:12:34.0821467Z I0215 21:12:34.045676   69669 main.go:129] "found object" kind="CustomResourceDefinition" name="networkmanagementconnectivitytests.networkmanagement.cnrm.cloud.google.com"
unit-tests	UNKNOWN STEP	2026-02-15T21:12:34.0822652Z I0215 21:12:34.045681   69669 main.go:129] "found object" kind="CustomResourceDefinition" name="networksecurityauthorizationpolicies.networksecurity.cnrm.cloud.google.com"
unit-tests	UNKNOWN STEP	2026-02-15T21:12:34.0823812Z I0215 21:12:34.045685   69669 main.go:129] "found object" kind="CustomResourceDefinition" name="networksecurityclienttlspolicies.networksecurity.cnrm.cloud.google.com"
unit-tests	UNKNOWN STEP	2026-02-15T21:12:34.0824951Z I0215 21:12:34.045689   69669 main.go:129] "found object" kind="CustomResourceDefinition" name="networksecurityservertlspolicies.networksecurity.cnrm.cloud.google.com"
unit-tests	UNKNOWN STEP	2026-02-15T21:12:34.0826399Z I0215 21:12:34.045693   69669 main.go:129] "found object" kind="CustomResourceDefinition" name="networkservicesedgecachekeysets.networkservices.cnrm.cloud.google.com"
unit-tests	UNKNOWN STEP	2026-02-15T21:12:34.0827538Z I0215 21:12:34.045698   69669 main.go:129] "found object" kind="CustomResourceDefinition" name="networkservicesedgecacheorigins.networkservices.cnrm.cloud.google.com"
unit-tests	UNKNOWN STEP	2026-02-15T21:12:34.0828663Z I0215 21:12:34.045703   69669 main.go:129] "found object" kind="CustomResourceDefinition" name="networkservicesedgecacheservices.networkservices.cnrm.cloud.google.com"
unit-tests	UNKNOWN STEP	2026-02-15T21:12:34.0829797Z I0215 21:12:34.045709   69669 main.go:129] "found object" kind="CustomResourceDefinition" name="networkservicesendpointpolicies.networkservices.cnrm.cloud.google.com"
unit-tests	UNKNOWN STEP	2026-02-15T21:12:34.0831553Z I0215 21:12:34.045713   69669 main.go:129] "found object" kind="CustomResourceDefinition" name="networkservicesgateways.networkservices.cnrm.cloud.google.com"
unit-tests	UNKNOWN STEP	2026-02-15T21:12:34.0833394Z I0215 21:12:34.045717   69669 main.go:129] "found object" kind="CustomResourceDefinition" name="networkservicesgrpcroutes.networkservices.cnrm.cloud.google.com"
unit-tests	UNKNOWN STEP	2026-02-15T21:12:34.0834739Z I0215 21:12:34.045721   69669 main.go:129] "found object" kind="CustomResourceDefinition" name="networkserviceshttproutes.networkservices.cnrm.cloud.google.com"
unit-tests	UNKNOWN STEP	2026-02-15T21:12:34.0835801Z I0215 21:12:34.045725   69669 main.go:129] "found object" kind="CustomResourceDefinition" name="networkservicesmeshes.networkservices.cnrm.cloud.google.com"
unit-tests	UNKNOWN STEP	2026-02-15T21:12:34.0836889Z I0215 21:12:34.045729   69669 main.go:129] "found object" kind="CustomResourceDefinition" name="networkservicesservicebindings.networkservices.cnrm.cloud.google.com"
unit-tests	UNKNOWN STEP	2026-02-15T21:12:34.0837985Z I0215 21:12:34.045733   69669 main.go:129] "found object" kind="CustomResourceDefinition" name="networkservicestcproutes.networkservices.cnrm.cloud.google.com"
unit-tests	UNKNOWN STEP	2026-02-15T21:12:34.0839047Z I0215 21:12:34.045737   69669 main.go:129] "found object" kind="CustomResourceDefinition" name="networkservicestlsroutes.networkservices.cnrm.cloud.google.com"
unit-tests	UNKNOWN STEP	2026-02-15T21:12:34.0840053Z I0215 21:12:34.045741   69669 main.go:129] "found object" kind="CustomResourceDefinition" name="notebookinstances.notebooks.cnrm.cloud.google.com"
unit-tests	UNKNOWN STEP	2026-02-15T21:12:34.0841016Z I0215 21:12:34.045745   69669 main.go:129] "found object" kind="CustomResourceDefinition" name="notebooksenvironments.notebooks.cnrm.cloud.google.com"
unit-tests	UNKNOWN STEP	2026-02-15T21:12:34.0842276Z I0215 21:12:34.045749   69669 main.go:129] "found object" kind="CustomResourceDefinition" name="orgpolicycustomconstraints.orgpolicy.cnrm.cloud.google.com"
unit-tests	UNKNOWN STEP	2026-02-15T21:12:34.0844077Z I0215 21:12:34.045753   69669 main.go:129] "found object" kind="CustomResourceDefinition" name="orgpolicypolicies.orgpolicy.cnrm.cloud.google.com"
unit-tests	UNKNOWN STEP	2026-02-15T21:12:34.0845248Z I0215 21:12:34.045757   69669 main.go:129] "found object" kind="CustomResourceDefinition" name="osconfigguestpolicies.osconfig.cnrm.cloud.google.com"
unit-tests	UNKNOWN STEP	2026-02-15T21:12:34.0846264Z I0215 21:12:34.045761   69669 main.go:129] "found object" kind="CustomResourceDefinition" name="osconfigospolicyassignments.osconfig.cnrm.cloud.google.com"
unit-tests	UNKNOWN STEP	2026-02-15T21:12:34.0847281Z I0215 21:12:34.045764   69669 main.go:129] "found object" kind="CustomResourceDefinition" name="osconfigpatchdeployments.osconfig.cnrm.cloud.google.com"
unit-tests	UNKNOWN STEP	2026-02-15T21:12:34.0848256Z I0215 21:12:34.045768   69669 main.go:129] "found object" kind="CustomResourceDefinition" name="osloginsshpublickeys.oslogin.cnrm.cloud.google.com"
unit-tests	UNKNOWN STEP	2026-02-15T21:12:34.0849286Z I0215 21:12:34.045773   69669 main.go:129] "found object" kind="CustomResourceDefinition" name="parametermanagerparameters.parametermanager.cnrm.cloud.google.com"
unit-tests	UNKNOWN STEP	2026-02-15T21:12:34.0850297Z I0215 21:12:34.045776   69669 main.go:129] "found object" kind="CustomResourceDefinition" name="privatecacapools.privateca.cnrm.cloud.google.com"
unit-tests	UNKNOWN STEP	2026-02-15T21:12:34.0851496Z I0215 21:12:34.045780   69669 main.go:129] "found object" kind="CustomResourceDefinition" name="privatecacertificateauthorities.privateca.cnrm.cloud.google.com"
unit-tests	UNKNOWN STEP	2026-02-15T21:12:34.0852814Z I0215 21:12:34.045784   69669 main.go:129] "found object" kind="CustomResourceDefinition" name="privatecacertificates.privateca.cnrm.cloud.google.com"
unit-tests	UNKNOWN STEP	2026-02-15T21:12:34.0853839Z I0215 21:12:34.045788   69669 main.go:129] "found object" kind="CustomResourceDefinition" name="privatecacertificatetemplates.privateca.cnrm.cloud.google.com"
unit-tests	UNKNOWN STEP	2026-02-15T21:12:34.0855006Z I0215 21:12:34.045792   69669 main.go:129] "found object" kind="CustomResourceDefinition" name="privilegedaccessmanagerentitlements.privilegedaccessmanager.cnrm.cloud.google.com"
unit-tests	UNKNOWN STEP	2026-02-15T21:12:34.0856092Z I0215 21:12:34.045796   69669 main.go:129] "found object" kind="CustomResourceDefinition" name="projects.resourcemanager.cnrm.cloud.google.com"
unit-tests	UNKNOWN STEP	2026-02-15T21:12:34.0857074Z I0215 21:12:34.045800   69669 main.go:129] "found object" kind="CustomResourceDefinition" name="pubsublitereservations.pubsublite.cnrm.cloud.google.com"
unit-tests	UNKNOWN STEP	2026-02-15T21:12:34.0858092Z I0215 21:12:34.045804   69669 main.go:129] "found object" kind="CustomResourceDefinition" name="pubsublitesubscriptions.pubsublite.cnrm.cloud.google.com"
unit-tests	UNKNOWN STEP	2026-02-15T21:12:34.0859417Z I0215 21:12:34.045808   69669 main.go:129] "found object" kind="CustomResourceDefinition" name="pubsublitetopics.pubsublite.cnrm.cloud.google.com"
unit-tests	UNKNOWN STEP	2026-02-15T21:12:34.0860783Z I0215 21:12:34.045812   69669 main.go:129] "found object" kind="CustomResourceDefinition" name="pubsubschemas.pubsub.cnrm.cloud.google.com"
unit-tests	UNKNOWN STEP	2026-02-15T21:12:34.0862044Z I0215 21:12:34.045816   69669 main.go:129] "found object" kind="CustomResourceDefinition" name="pubsubsnapshots.pubsub.cnrm.cloud.google.com"
unit-tests	UNKNOWN STEP	2026-02-15T21:12:34.0863166Z I0215 21:12:34.045819   69669 main.go:129] "found object" kind="CustomResourceDefinition" name="pubsubsubscriptions.pubsub.cnrm.cloud.google.com"
unit-tests	UNKNOWN STEP	2026-02-15T21:12:34.0864186Z I0215 21:12:34.045823   69669 main.go:129] "found object" kind="CustomResourceDefinition" name="pubsubtopics.pubsub.cnrm.cloud.google.com"
unit-tests	UNKNOWN STEP	2026-02-15T21:12:34.0865633Z I0215 21:12:34.045828   69669 main.go:129] "found object" kind="CustomResourceDefinition" name="recaptchaenterprisefirewallpolicies.recaptchaenterprise.cnrm.cloud.google.com"
unit-tests	UNKNOWN STEP	2026-02-15T21:12:34.0867022Z I0215 21:12:34.045831   69669 main.go:129] "found object" kind="CustomResourceDefinition" name="recaptchaenterprisekeys.recaptchaenterprise.cnrm.cloud.google.com"
unit-tests	UNKNOWN STEP	2026-02-15T21:12:34.0868184Z I0215 21:12:34.045835   69669 main.go:129] "found object" kind="CustomResourceDefinition" name="redisclusters.redis.cnrm.cloud.google.com"
unit-tests	UNKNOWN STEP	2026-02-15T21:12:34.0869170Z I0215 21:12:34.045840   69669 main.go:129] "found object" kind="CustomResourceDefinition" name="redisinstances.redis.cnrm.cloud.google.com"
unit-tests	UNKNOWN STEP	2026-02-15T21:12:34.0870336Z I0215 21:12:34.045844   69669 main.go:129] "found object" kind="CustomResourceDefinition" name="resourcemanagerliens.resourcemanager.cnrm.cloud.google.com"
unit-tests	UNKNOWN STEP	2026-02-15T21:12:34.0871689Z I0215 21:12:34.045847   69669 main.go:129] "found object" kind="CustomResourceDefinition" name="resourcemanagerpolicies.resourcemanager.cnrm.cloud.google.com"
unit-tests	UNKNOWN STEP	2026-02-15T21:12:34.0872796Z I0215 21:12:34.045851   69669 main.go:129] "found object" kind="CustomResourceDefinition" name="runjobs.run.cnrm.cloud.google.com"
unit-tests	UNKNOWN STEP	2026-02-15T21:12:34.0873837Z I0215 21:12:34.045855   69669 main.go:129] "found object" kind="CustomResourceDefinition" name="runservices.run.cnrm.cloud.google.com"
unit-tests	UNKNOWN STEP	2026-02-15T21:12:34.0874889Z I0215 21:12:34.045859   69669 main.go:129] "found object" kind="CustomResourceDefinition" name="secretmanagersecrets.secretmanager.cnrm.cloud.google.com"
unit-tests	UNKNOWN STEP	2026-02-15T21:12:34.0876084Z I0215 21:12:34.045863   69669 main.go:129] "found object" kind="CustomResourceDefinition" name="secretmanagersecretversions.secretmanager.cnrm.cloud.google.com"
unit-tests	UNKNOWN STEP	2026-02-15T21:12:34.0877386Z I0215 21:12:34.045868   69669 main.go:129] "found object" kind="CustomResourceDefinition" name="securesourcemanagerinstances.securesourcemanager.cnrm.cloud.google.com"
unit-tests	UNKNOWN STEP	2026-02-15T21:12:34.0878773Z I0215 21:12:34.045872   69669 main.go:129] "found object" kind="CustomResourceDefinition" name="securesourcemanagerrepositories.securesourcemanager.cnrm.cloud.google.com"
unit-tests	UNKNOWN STEP	2026-02-15T21:12:34.0880474Z I0215 21:12:34.045876   69669 main.go:129] "found object" kind="CustomResourceDefinition" name="securitycenternotificationconfigs.securitycenter.cnrm.cloud.google.com"
unit-tests	UNKNOWN STEP	2026-02-15T21:12:34.0881986Z I0215 21:12:34.045880   69669 main.go:129] "found object" kind="CustomResourceDefinition" name="securitycentersources.securitycenter.cnrm.cloud.google.com"
unit-tests	UNKNOWN STEP	2026-02-15T21:12:34.0883173Z I0215 21:12:34.045884   69669 main.go:129] "found object" kind="CustomResourceDefinition" name="servicedirectoryendpoints.servicedirectory.cnrm.cloud.google.com"
unit-tests	UNKNOWN STEP	2026-02-15T21:12:34.0884518Z I0215 21:12:34.045888   69669 main.go:129] "found object" kind="CustomResourceDefinition" name="servicedirectorynamespaces.servicedirectory.cnrm.cloud.google.com"
unit-tests	UNKNOWN STEP	2026-02-15T21:12:34.0885718Z I0215 21:12:34.045892   69669 main.go:129] "found object" kind="CustomResourceDefinition" name="servicedirectoryservices.servicedirectory.cnrm.cloud.google.com"
unit-tests	UNKNOWN STEP	2026-02-15T21:12:34.0887026Z I0215 21:12:34.045896   69669 main.go:129] "found object" kind="CustomResourceDefinition" name="serviceidentities.serviceusage.cnrm.cloud.google.com"
unit-tests	UNKNOWN STEP	2026-02-15T21:12:34.0888182Z I0215 21:12:34.045900   69669 main.go:129] "found object" kind="CustomResourceDefinition" name="servicenetworkingconnections.servicenetworking.cnrm.cloud.google.com"
unit-tests	UNKNOWN STEP	2026-02-15T21:12:34.0889560Z I0215 21:12:34.045905   69669 main.go:129] "found object" kind="CustomResourceDefinition" name="servicenetworkingpeereddnsdomains.servicenetworking.cnrm.cloud.google.com"
unit-tests	UNKNOWN STEP	2026-02-15T21:12:34.0890763Z I0215 21:12:34.045909   69669 main.go:129] "found object" kind="CustomResourceDefinition" name="services.serviceusage.cnrm.cloud.google.com"
unit-tests	UNKNOWN STEP	2026-02-15T21:12:34.0892166Z I0215 21:12:34.045913   69669 main.go:129] "found object" kind="CustomResourceDefinition" name="serviceusageconsumerquotaoverrides.serviceusage.cnrm.cloud.google.com"
unit-tests	UNKNOWN STEP	2026-02-15T21:12:34.0893405Z I0215 21:12:34.045917   69669 main.go:129] "found object" kind="CustomResourceDefinition" name="sourcereporepositories.sourcerepo.cnrm.cloud.google.com"
unit-tests	UNKNOWN STEP	2026-02-15T21:12:34.0894619Z I0215 21:12:34.045921   69669 main.go:129] "found object" kind="CustomResourceDefinition" name="spannerbackupschedules.spanner.cnrm.cloud.google.com"
unit-tests	UNKNOWN STEP	2026-02-15T21:12:34.0895693Z I0215 21:12:34.045925   69669 main.go:129] "found object" kind="CustomResourceDefinition" name="spannerdatabases.spanner.cnrm.cloud.google.com"
unit-tests	UNKNOWN STEP	2026-02-15T21:12:34.0896756Z I0215 21:12:34.045929   69669 main.go:129] "found object" kind="CustomResourceDefinition" name="spannerinstanceconfigs.spanner.cnrm.cloud.google.com"
unit-tests	UNKNOWN STEP	2026-02-15T21:12:34.0897934Z I0215 21:12:34.045932   69669 main.go:129] "found object" kind="CustomResourceDefinition" name="spannerinstances.spanner.cnrm.cloud.google.com"
unit-tests	UNKNOWN STEP	2026-02-15T21:12:34.0898985Z I0215 21:12:34.045937   69669 main.go:129] "found object" kind="CustomResourceDefinition" name="speechcustomclasses.speech.cnrm.cloud.google.com"
unit-tests	UNKNOWN STEP	2026-02-15T21:12:34.0900025Z I0215 21:12:34.045940   69669 main.go:129] "found object" kind="CustomResourceDefinition" name="speechphrasesets.speech.cnrm.cloud.google.com"
unit-tests	UNKNOWN STEP	2026-02-15T21:12:34.0901045Z I0215 21:12:34.045944   69669 main.go:129] "found object" kind="CustomResourceDefinition" name="speechrecognizers.speech.cnrm.cloud.google.com"
unit-tests	UNKNOWN STEP	2026-02-15T21:12:34.0902228Z I0215 21:12:34.045948   69669 main.go:129] "found object" kind="CustomResourceDefinition" name="sqldatabases.sql.cnrm.cloud.google.com"
unit-tests	UNKNOWN STEP	2026-02-15T21:12:34.0903077Z I0215 21:12:34.045952   69669 main.go:129] "found object" kind="CustomResourceDefinition" name="sqlinstances.sql.cnrm.cloud.google.com"
unit-tests	UNKNOWN STEP	2026-02-15T21:12:34.0903962Z I0215 21:12:34.045956   69669 main.go:129] "found object" kind="CustomResourceDefinition" name="sqlsslcerts.sql.cnrm.cloud.google.com"
unit-tests	UNKNOWN STEP	2026-02-15T21:12:34.0904849Z I0215 21:12:34.045959   69669 main.go:129] "found object" kind="CustomResourceDefinition" name="sqlusers.sql.cnrm.cloud.google.com"
unit-tests	UNKNOWN STEP	2026-02-15T21:12:34.0905896Z I0215 21:12:34.045963   69669 main.go:129] "found object" kind="CustomResourceDefinition" name="storageanywherecaches.storage.cnrm.cloud.google.com"
unit-tests	UNKNOWN STEP	2026-02-15T21:12:34.0906992Z I0215 21:12:34.045967   69669 main.go:129] "found object" kind="CustomResourceDefinition" name="storagebucketaccesscontrols.storage.cnrm.cloud.google.com"
unit-tests	UNKNOWN STEP	2026-02-15T21:12:34.0908082Z I0215 21:12:34.045972   69669 main.go:129] "found object" kind="CustomResourceDefinition" name="storagebuckets.storage.cnrm.cloud.google.com"
unit-tests	UNKNOWN STEP	2026-02-15T21:12:34.0909082Z I0215 21:12:34.045976   69669 main.go:129] "found object" kind="CustomResourceDefinition" name="storagedefaultobjectaccesscontrols.storage.cnrm.cloud.google.com"
unit-tests	UNKNOWN STEP	2026-02-15T21:12:34.0910072Z I0215 21:12:34.045981   69669 main.go:129] "found object" kind="CustomResourceDefinition" name="storagefolders.storage.cnrm.cloud.google.com"
unit-tests	UNKNOWN STEP	2026-02-15T21:12:34.0910971Z I0215 21:12:34.045985   69669 main.go:129] "found object" kind="CustomResourceDefinition" name="storagehmackeys.storage.cnrm.cloud.google.com"
unit-tests	UNKNOWN STEP	2026-02-15T21:12:34.0912119Z I0215 21:12:34.045988   69669 main.go:129] "found object" kind="CustomResourceDefinition" name="storagemanagedfolders.storage.cnrm.cloud.google.com"
unit-tests	UNKNOWN STEP	2026-02-15T21:12:34.0913068Z I0215 21:12:34.045993   69669 main.go:129] "found object" kind="CustomResourceDefinition" name="storagenotifications.storage.cnrm.cloud.google.com"
unit-tests	UNKNOWN STEP	2026-02-15T21:12:34.0914425Z I0215 21:12:34.045997   69669 main.go:129] "found object" kind="CustomResourceDefinition" name="storagetransferagentpools.storagetransfer.cnrm.cloud.google.com"
unit-tests	UNKNOWN STEP	2026-02-15T21:12:34.0916418Z I0215 21:12:34.046001   69669 main.go:129] "found object" kind="CustomResourceDefinition" name="storagetransferjobs.storagetransfer.cnrm.cloud.google.com"
unit-tests	UNKNOWN STEP	2026-02-15T21:12:34.0918119Z I0215 21:12:34.046005   69669 main.go:129] "found object" kind="CustomResourceDefinition" name="tagslocationtagbindings.tags.cnrm.cloud.google.com"
unit-tests	UNKNOWN STEP	2026-02-15T21:12:34.0919063Z I0215 21:12:34.046008   69669 main.go:129] "found object" kind="CustomResourceDefinition" name="tagstagbindings.tags.cnrm.cloud.google.com"
unit-tests	UNKNOWN STEP	2026-02-15T21:12:34.0920411Z I0215 21:12:34.046013   69669 main.go:129] "found object" kind="CustomResourceDefinition" name="tagstagkeys.tags.cnrm.cloud.google.com"
unit-tests	UNKNOWN STEP	2026-02-15T21:12:34.0921729Z I0215 21:12:34.046017   69669 main.go:129] "found object" kind="CustomResourceDefinition" name="tagstagvalues.tags.cnrm.cloud.google.com"
unit-tests	UNKNOWN STEP	2026-02-15T21:12:34.0923450Z I0215 21:12:34.046021   69669 main.go:129] "found object" kind="CustomResourceDefinition" name="tasksqueues.cloudtasks.cnrm.cloud.google.com"
unit-tests	UNKNOWN STEP	2026-02-15T21:12:34.0925100Z I0215 21:12:34.046025   69669 main.go:129] "found object" kind="CustomResourceDefinition" name="tpunodes.tpu.cnrm.cloud.google.com"
unit-tests	UNKNOWN STEP	2026-02-15T21:12:34.0926774Z I0215 21:12:34.046029   69669 main.go:129] "found object" kind="CustomResourceDefinition" name="tpuvirtualmachines.tpu.cnrm.cloud.google.com"
unit-tests	UNKNOWN STEP	2026-02-15T21:12:34.0928512Z I0215 21:12:34.046033   69669 main.go:129] "found object" kind="CustomResourceDefinition" name="vertexaidatasets.vertexai.cnrm.cloud.google.com"
unit-tests	UNKNOWN STEP	2026-02-15T21:12:34.0930261Z I0215 21:12:34.046037   69669 main.go:129] "found object" kind="CustomResourceDefinition" name="vertexaiendpoints.vertexai.cnrm.cloud.google.com"
unit-tests	UNKNOWN STEP	2026-02-15T21:12:34.0932403Z I0215 21:12:34.046041   69669 main.go:129] "found object" kind="CustomResourceDefinition" name="vertexaifeaturestoreentitytypefeatures.vertexai.cnrm.cloud.google.com"
unit-tests	UNKNOWN STEP	2026-02-15T21:12:34.0933964Z I0215 21:12:34.046045   69669 main.go:129] "found object" kind="CustomResourceDefinition" name="vertexaifeaturestoreentitytypes.vertexai.cnrm.cloud.google.com"
unit-tests	UNKNOWN STEP	2026-02-15T21:12:34.0935562Z I0215 21:12:34.046049   69669 main.go:129] "found object" kind="CustomResourceDefinition" name="vertexaifeaturestores.vertexai.cnrm.cloud.google.com"
unit-tests	UNKNOWN STEP	2026-02-15T21:12:34.0937378Z I0215 21:12:34.046053   69669 main.go:129] "found object" kind="CustomResourceDefinition" name="vertexaiindexendpoints.vertexai.cnrm.cloud.google.com"
unit-tests	UNKNOWN STEP	2026-02-15T21:12:34.0939138Z I0215 21:12:34.046057   69669 main.go:129] "found object" kind="CustomResourceDefinition" name="vertexaiindexes.vertexai.cnrm.cloud.google.com"
unit-tests	UNKNOWN STEP	2026-02-15T21:12:34.0941640Z I0215 21:12:34.046061   69669 main.go:129] "found object" kind="CustomResourceDefinition" name="vertexaimetadatastores.vertexai.cnrm.cloud.google.com"
unit-tests	UNKNOWN STEP	2026-02-15T21:12:34.0943518Z I0215 21:12:34.046065   69669 main.go:129] "found object" kind="CustomResourceDefinition" name="vertexaitensorboards.vertexai.cnrm.cloud.google.com"
unit-tests	UNKNOWN STEP	2026-02-15T21:12:34.0945502Z I0215 21:12:34.046069   69669 main.go:129] "found object" kind="CustomResourceDefinition" name="vmwareengineexternalaccessrules.vmwareengine.cnrm.cloud.google.com"
unit-tests	UNKNOWN STEP	2026-02-15T21:12:34.0947154Z I0215 21:12:34.046073   69669 main.go:129] "found object" kind="CustomResourceDefinition" name="vmwareengineexternaladdresses.vmwareengine.cnrm.cloud.google.com"
unit-tests	UNKNOWN STEP	2026-02-15T21:12:34.0948333Z I0215 21:12:34.046077   69669 main.go:129] "found object" kind="CustomResourceDefinition" name="vmwareenginenetworkpeerings.vmwareengine.cnrm.cloud.google.com"
unit-tests	UNKNOWN STEP	2026-02-15T21:12:34.0949426Z I0215 21:12:34.046081   69669 main.go:129] "found object" kind="CustomResourceDefinition" name="vmwareenginenetworkpolicies.vmwareengine.cnrm.cloud.google.com"
unit-tests	UNKNOWN STEP	2026-02-15T21:12:34.0950472Z I0215 21:12:34.046085   69669 main.go:129] "found object" kind="CustomResourceDefinition" name="vmwareenginenetworks.vmwareengine.cnrm.cloud.google.com"
unit-tests	UNKNOWN STEP	2026-02-15T21:12:34.0952255Z I0215 21:12:34.046088   69669 main.go:129] "found object" kind="CustomResourceDefinition" name="vmwareengineprivateclouds.vmwareengine.cnrm.cloud.google.com"
unit-tests	UNKNOWN STEP	2026-02-15T21:12:34.0953908Z I0215 21:12:34.046093   69669 main.go:129] "found object" kind="CustomResourceDefinition" name="vpcaccessconnectors.vpcaccess.cnrm.cloud.google.com"
unit-tests	UNKNOWN STEP	2026-02-15T21:12:34.0955832Z I0215 21:12:34.046097   69669 main.go:129] "found object" kind="CustomResourceDefinition" name="workflowsexecutions.workflowexecutions.cnrm.cloud.google.com"
unit-tests	UNKNOWN STEP	2026-02-15T21:12:34.0957746Z I0215 21:12:34.046100   69669 main.go:129] "found object" kind="CustomResourceDefinition" name="workflowsworkflows.workflows.cnrm.cloud.google.com"
unit-tests	UNKNOWN STEP	2026-02-15T21:12:34.0959622Z I0215 21:12:34.046121   69669 main.go:129] "found object" kind="CustomResourceDefinition" name="workstationclusters.workstations.cnrm.cloud.google.com"
unit-tests	UNKNOWN STEP	2026-02-15T21:12:34.0960990Z I0215 21:12:34.046129   69669 main.go:129] "found object" kind="CustomResourceDefinition" name="workstationconfigs.workstations.cnrm.cloud.google.com"
unit-tests	UNKNOWN STEP	2026-02-15T21:12:34.0962225Z I0215 21:12:34.046136   69669 main.go:129] "found object" kind="CustomResourceDefinition" name="workstations.workstations.cnrm.cloud.google.com"
unit-tests	UNKNOWN STEP	2026-02-15T21:12:34.0962952Z I0215 21:12:34.046142   69669 main.go:129] "found object" kind="Namespace" name="cnrm-system"
unit-tests	UNKNOWN STEP	2026-02-15T21:12:34.0963571Z I0215 21:12:34.046148   69669 main.go:129] "found object" kind="ServiceAccount" name="cnrm-deletiondefender"
unit-tests	UNKNOWN STEP	2026-02-15T21:12:34.0964773Z I0215 21:12:34.046154   69669 main.go:129] "found object" kind="ServiceAccount" name="cnrm-resource-stats-recorder"
unit-tests	UNKNOWN STEP	2026-02-15T21:12:34.0965974Z I0215 21:12:34.046160   69669 main.go:129] "found object" kind="ServiceAccount" name="cnrm-unmanaged-detector"
unit-tests	UNKNOWN STEP	2026-02-15T21:12:34.0967064Z I0215 21:12:34.046166   69669 main.go:129] "found object" kind="ServiceAccount" name="cnrm-webhook-manager"
unit-tests	UNKNOWN STEP	2026-02-15T21:12:34.0968271Z I0215 21:12:34.046171   69669 main.go:129] "found object" kind="Role" name="cnrm-deletiondefender-cnrm-system-role"
unit-tests	UNKNOWN STEP	2026-02-15T21:12:34.0969464Z I0215 21:12:34.046177   69669 main.go:129] "found object" kind="Role" name="cnrm-webhook-cnrm-system-role"
unit-tests	UNKNOWN STEP	2026-02-15T21:12:34.0970544Z I0215 21:12:34.046182   69669 main.go:129] "found object" kind="ClusterRole" name="cnrm-admin"
unit-tests	UNKNOWN STEP	2026-02-15T21:12:34.0971808Z I0215 21:12:34.046188   69669 main.go:129] "found object" kind="ClusterRole" name="cnrm-deletiondefender-role"
unit-tests	UNKNOWN STEP	2026-02-15T21:12:34.0972993Z I0215 21:12:34.046193   69669 main.go:129] "found object" kind="ClusterRole" name="cnrm-manager-cluster-role"
unit-tests	UNKNOWN STEP	2026-02-15T21:12:34.0973887Z I0215 21:12:34.046199   69669 main.go:129] "found object" kind="ClusterRole" name="cnrm-manager-ns-role"
unit-tests	UNKNOWN STEP	2026-02-15T21:12:34.0975178Z I0215 21:12:34.046208   69669 main.go:129] "found object" kind="ClusterRole" name="cnrm-recorder-role"
unit-tests	UNKNOWN STEP	2026-02-15T21:12:34.0976457Z I0215 21:12:34.046215   69669 main.go:129] "found object" kind="ClusterRole" name="cnrm-unmanaged-detector-cluster-role"
unit-tests	UNKNOWN STEP	2026-02-15T21:12:34.0977598Z I0215 21:12:34.046221   69669 main.go:129] "found object" kind="ClusterRole" name="cnrm-viewer"
unit-tests	UNKNOWN STEP	2026-02-15T21:12:34.0978602Z I0215 21:12:34.046229   69669 main.go:129] "found object" kind="ClusterRole" name="cnrm-webhook-role"
unit-tests	UNKNOWN STEP	2026-02-15T21:12:34.0979757Z I0215 21:12:34.046236   69669 main.go:129] "found object" kind="RoleBinding" name="cnrm-deletiondefender-role-binding"
unit-tests	UNKNOWN STEP	2026-02-15T21:12:34.0980970Z I0215 21:12:34.046242   69669 main.go:129] "found object" kind="RoleBinding" name="cnrm-webhook-role-binding"
unit-tests	UNKNOWN STEP	2026-02-15T21:12:34.0982359Z I0215 21:12:34.046249   69669 main.go:129] "found object" kind="ClusterRoleBinding" name="cnrm-admin-binding"
unit-tests	UNKNOWN STEP	2026-02-15T21:12:34.0983642Z I0215 21:12:34.046255   69669 main.go:129] "found object" kind="ClusterRoleBinding" name="cnrm-deletiondefender-binding"
unit-tests	UNKNOWN STEP	2026-02-15T21:12:34.0984907Z I0215 21:12:34.046263   69669 main.go:129] "found object" kind="ClusterRoleBinding" name="cnrm-recorder-binding"
unit-tests	UNKNOWN STEP	2026-02-15T21:12:34.0986188Z I0215 21:12:34.046269   69669 main.go:129] "found object" kind="ClusterRoleBinding" name="cnrm-unmanaged-detector-binding"
unit-tests	UNKNOWN STEP	2026-02-15T21:12:34.0987510Z I0215 21:12:34.046277   69669 main.go:129] "found object" kind="ClusterRoleBinding" name="cnrm-webhook-binding"
unit-tests	UNKNOWN STEP	2026-02-15T21:12:34.0988644Z I0215 21:12:34.046283   69669 main.go:129] "found object" kind="Service" name="cnrm-deletiondefender"
unit-tests	UNKNOWN STEP	2026-02-15T21:12:34.0989826Z I0215 21:12:34.046293   69669 main.go:129] "found object" kind="Service" name="cnrm-resource-stats-recorder-service"
unit-tests	UNKNOWN STEP	2026-02-15T21:12:34.0991242Z I0215 21:12:34.046299   69669 main.go:129] "found object" kind="Deployment" name="cnrm-resource-stats-recorder"
unit-tests	UNKNOWN STEP	2026-02-15T21:12:34.0992379Z I0215 21:12:34.047560   69669 main.go:129] "found object" kind="Deployment" name="cnrm-webhook-manager"
unit-tests	UNKNOWN STEP	2026-02-15T21:12:34.0993510Z I0215 21:12:34.047661   69669 main.go:129] "found object" kind="StatefulSet" name="cnrm-deletiondefender"
unit-tests	UNKNOWN STEP	2026-02-15T21:12:34.0994637Z I0215 21:12:34.047896   69669 main.go:129] "found object" kind="StatefulSet" name="cnrm-unmanaged-detector"
unit-tests	UNKNOWN STEP	2026-02-15T21:12:34.0995776Z I0215 21:12:34.047987   69669 main.go:129] "found object" kind="HorizontalPodAutoscaler" name="cnrm-webhook"
unit-tests	UNKNOWN STEP	2026-02-15T21:12:34.0997072Z I0215 21:12:34.047999   69669 main.go:129] "found object" kind="ServiceAccount" name="cnrm-controller-manager-${NAMESPACE?}"
unit-tests	UNKNOWN STEP	2026-02-15T21:12:34.0998210Z I0215 21:12:34.048008   69669 main.go:129] "found object" kind="RoleBinding" name="cnrm-admin-binding-${NAMESPACE?}"
unit-tests	UNKNOWN STEP	2026-02-15T21:12:34.0999506Z I0215 21:12:34.048014   69669 main.go:129] "found object" kind="RoleBinding" name="cnrm-manager-ns-binding-${NAMESPACE?}"
unit-tests	UNKNOWN STEP	2026-02-15T21:12:34.1000866Z I0215 21:12:34.048020   69669 main.go:129] "found object" kind="RoleBinding" name="cnrm-manager-ns-binding-${NAMESPACE?}"
unit-tests	UNKNOWN STEP	2026-02-15T21:12:34.1002510Z I0215 21:12:34.048026   69669 main.go:129] "found object" kind="ClusterRoleBinding" name="cnrm-manager-cluster-binding-${NAMESPACE?}"
unit-tests	UNKNOWN STEP	2026-02-15T21:12:34.1003852Z I0215 21:12:34.048032   69669 main.go:129] "found object" kind="Service" name="cnrm-manager-${NAMESPACE?}"
unit-tests	UNKNOWN STEP	2026-02-15T21:12:34.1005074Z I0215 21:12:34.048038   69669 main.go:129] "found object" kind="StatefulSet" name="cnrm-controller-manager-${NAMESPACE?}"
unit-tests	UNKNOWN STEP	2026-02-15T21:12:34.1006961Z I0215 21:12:34.048467   69669 main.go:184] "successfully generated the image configmap" path="/home/runner/work/k8s-config-connector/k8s-config-connector/operator/config/gke-addon/image_configmap.yaml"
unit-tests	UNKNOWN STEP	2026-02-15T21:12:34.1008761Z make[1]: Leaving directory '/home/runner/work/k8s-config-connector/k8s-config-connector/operator'
unit-tests	UNKNOWN STEP	2026-02-15T21:12:34.1009612Z rm -rf config/crds/resources
unit-tests	UNKNOWN STEP	2026-02-15T21:12:34.1010289Z rm -rf config/crds/tmp_resources
unit-tests	UNKNOWN STEP	2026-02-15T21:12:34.1011529Z go build -o bin/generate-crds ./scripts/generate-crds && ./bin/generate-crds -output-dir=config/crds/tmp_resources
unit-tests	UNKNOWN STEP	2026-02-15T21:12:47.9313637Z CRD manifests generated under '/home/runner/work/k8s-config-connector/k8s-config-connector/config/crds/tmp_resources'
unit-tests	UNKNOWN STEP	2026-02-15T21:12:47.9399154Z # add kustomize patches on all CRDs
unit-tests	UNKNOWN STEP	2026-02-15T21:12:47.9407770Z mkdir config/crds/resources
unit-tests	UNKNOWN STEP	2026-02-15T21:12:47.9420964Z cp config/crds/kustomization.yaml kustomization.yaml
unit-tests	UNKNOWN STEP	2026-02-15T21:12:47.9446313Z go run sigs.k8s.io/kustomize/kustomize/v5@v5.3.0 edit add resource config/crds/tmp_resources/*.yaml
unit-tests	UNKNOWN STEP	2026-02-15T21:12:48.0774201Z go: downloading sigs.k8s.io/kustomize/kustomize/v5 v5.3.0
unit-tests	UNKNOWN STEP	2026-02-15T21:12:49.3036596Z go: downloading github.com/spf13/cobra v1.7.0
unit-tests	UNKNOWN STEP	2026-02-15T21:12:49.3037393Z go: downloading sigs.k8s.io/kustomize/api v0.16.0
unit-tests	UNKNOWN STEP	2026-02-15T21:12:49.3046140Z go: downloading sigs.k8s.io/kustomize/cmd/config v0.13.0
unit-tests	UNKNOWN STEP	2026-02-15T21:12:49.8394100Z go: downloading sigs.k8s.io/kustomize/kyaml v0.16.0
unit-tests	UNKNOWN STEP	2026-02-15T21:12:50.1670957Z go: downloading golang.org/x/text v0.13.0
unit-tests	UNKNOWN STEP	2026-02-15T21:12:50.1672862Z go: downloading golang.org/x/exp v0.0.0-20231006140011-7918f672742d
unit-tests	UNKNOWN STEP	2026-02-15T21:12:50.1745117Z go: downloading github.com/davecgh/go-spew v1.1.1
unit-tests	UNKNOWN STEP	2026-02-15T21:12:50.2030788Z go: downloading github.com/imdario/mergo v0.3.13
unit-tests	UNKNOWN STEP	2026-02-15T21:12:50.2626022Z go: downloading k8s.io/kube-openapi v0.0.0-20230601164746-7562a1006961
unit-tests	UNKNOWN STEP	2026-02-15T21:12:50.3029435Z go: downloading gopkg.in/evanphx/json-patch.v5 v5.6.0
unit-tests	UNKNOWN STEP	2026-02-15T21:12:50.3189965Z go: downloading github.com/google/gnostic-models v0.6.8
unit-tests	UNKNOWN STEP	2026-02-15T21:12:50.3471935Z go: downloading google.golang.org/protobuf v1.30.0
unit-tests	UNKNOWN STEP	2026-02-15T21:12:50.5516869Z go: downloading github.com/golang/protobuf v1.5.3
unit-tests	UNKNOWN STEP	2026-02-15T21:12:50.5982159Z go: downloading go.starlark.net v0.0.0-20200306205701-8dd3e2ee1dd5
unit-tests	UNKNOWN STEP	2026-02-15T21:12:50.7817692Z go: downloading github.com/go-openapi/swag v0.22.3
unit-tests	UNKNOWN STEP	2026-02-15T21:12:50.7818834Z go: downloading github.com/google/go-cmp v0.5.9
unit-tests	UNKNOWN STEP	2026-02-15T21:12:50.7819778Z go: downloading github.com/go-openapi/jsonreference v0.20.2
unit-tests	UNKNOWN STEP	2026-02-15T21:12:50.7910581Z go: downloading github.com/go-openapi/jsonpointer v0.19.6
unit-tests	UNKNOWN STEP	2026-02-15T21:12:59.1297697Z go run sigs.k8s.io/kustomize/kustomize/v5@v5.3.0 build -o config/crds/resources
unit-tests	UNKNOWN STEP	2026-02-15T21:13:01.9021838Z rm -rf config/crds/tmp_resources
unit-tests	UNKNOWN STEP	2026-02-15T21:13:01.9120472Z rm kustomization.yaml
unit-tests	UNKNOWN STEP	2026-02-15T21:13:01.9134712Z # for direct controllers
unit-tests	UNKNOWN STEP	2026-02-15T21:13:01.9142780Z dev/tasks/generate-crds
unit-tests	UNKNOWN STEP	2026-02-15T21:13:13.2002087Z Writing output to pkg/gvks/supportedgvks/gvks_generated.go
unit-tests	UNKNOWN STEP	2026-02-15T21:13:16.0633930Z # Generating cnrm cluster roles is dependent on the existence of directory
unit-tests	UNKNOWN STEP	2026-02-15T21:13:16.0641678Z # config/crds/resources with all the freshly generated CRDs.
unit-tests	UNKNOWN STEP	2026-02-15T21:13:16.0648346Z go run ./scripts/generate-cnrm-cluster-roles/main.go
unit-tests	UNKNOWN STEP	2026-02-15T21:13:16.7697792Z # Generating list of all supported GVKs is dependent on the existence of directory
unit-tests	UNKNOWN STEP	2026-02-15T21:13:16.7705482Z # config/crds/resources with all the freshly generated CRDs.
unit-tests	UNKNOWN STEP	2026-02-15T21:13:16.7712231Z go run ./scripts/generate-gvks/main.go -output-dir=pkg/gvks/supportedgvks
unit-tests	UNKNOWN STEP	2026-02-15T21:13:17.4797553Z Writing output to pkg/gvks/supportedgvks/gvks_generated.go
unit-tests	UNKNOWN STEP	2026-02-15T21:13:17.4833994Z ./scripts/unit-test.sh
unit-tests	UNKNOWN STEP	2026-02-15T21:13:17.4882164Z make[1]: Entering directory '/home/runner/work/k8s-config-connector/k8s-config-connector/operator'
unit-tests	UNKNOWN STEP	2026-02-15T21:13:17.4938665Z go run sigs.k8s.io/controller-tools/cmd/controller-gen@v0.16.5 object paths="./..."
unit-tests	UNKNOWN STEP	2026-02-15T21:13:18.6732148Z go fmt ./...
unit-tests	UNKNOWN STEP	2026-02-15T21:13:18.8890762Z go vet ./...
unit-tests	UNKNOWN STEP	2026-02-15T21:13:20.3000818Z go run sigs.k8s.io/controller-tools/cmd/controller-gen@v0.16.5 "crd" paths="./pkg/apis/..." output:crd:artifacts:config=config/crd/bases
unit-tests	UNKNOWN STEP	2026-02-15T21:13:20.9393266Z go run scripts/generate-image-configmap/main.go
unit-tests	UNKNOWN STEP	2026-02-15T21:13:21.2809183Z I0215 21:13:21.280704   74539 main.go:83] "got latest version from channel" version="1.143.0"
unit-tests	UNKNOWN STEP	2026-02-15T21:13:21.8060557Z I0215 21:13:21.805685   74539 main.go:129] "found object" kind="CustomResourceDefinition" name="accesscontextmanageraccesslevelconditions.accesscontextmanager.cnrm.cloud.google.com"
unit-tests	UNKNOWN STEP	2026-02-15T21:13:21.8063747Z I0215 21:13:21.805714   74539 main.go:129] "found object" kind="CustomResourceDefinition" name="accesscontextmanageraccesslevels.accesscontextmanager.cnrm.cloud.google.com"
unit-tests	UNKNOWN STEP	2026-02-15T21:13:21.8066501Z I0215 21:13:21.805726   74539 main.go:129] "found object" kind="CustomResourceDefinition" name="accesscontextmanageraccesspolicies.accesscontextmanager.cnrm.cloud.google.com"
unit-tests	UNKNOWN STEP	2026-02-15T21:13:21.8069373Z I0215 21:13:21.805733   74539 main.go:129] "found object" kind="CustomResourceDefinition" name="accesscontextmanagergcpuseraccessbindings.accesscontextmanager.cnrm.cloud.google.com"
unit-tests	UNKNOWN STEP	2026-02-15T21:13:21.8072187Z I0215 21:13:21.805740   74539 main.go:129] "found object" kind="CustomResourceDefinition" name="accesscontextmanagerserviceperimeterresources.accesscontextmanager.cnrm.cloud.google.com"
unit-tests	UNKNOWN STEP	2026-02-15T21:13:21.8074789Z I0215 21:13:21.805747   74539 main.go:129] "found object" kind="CustomResourceDefinition" name="accesscontextmanagerserviceperimeters.accesscontextmanager.cnrm.cloud.google.com"
unit-tests	UNKNOWN STEP	2026-02-15T21:13:21.8076932Z I0215 21:13:21.805753   74539 main.go:129] "found object" kind="CustomResourceDefinition" name="aiplatformmodels.aiplatform.cnrm.cloud.google.com"
unit-tests	UNKNOWN STEP	2026-02-15T21:13:21.8078727Z I0215 21:13:21.805759   74539 main.go:129] "found object" kind="CustomResourceDefinition" name="alloydbbackups.alloydb.cnrm.cloud.google.com"
unit-tests	UNKNOWN STEP	2026-02-15T21:13:21.8080452Z I0215 21:13:21.805766   74539 main.go:129] "found object" kind="CustomResourceDefinition" name="alloydbclusters.alloydb.cnrm.cloud.google.com"
unit-tests	UNKNOWN STEP	2026-02-15T21:13:21.8082186Z I0215 21:13:21.805772   74539 main.go:129] "found object" kind="CustomResourceDefinition" name="alloydbinstances.alloydb.cnrm.cloud.google.com"
unit-tests	UNKNOWN STEP	2026-02-15T21:13:21.8083760Z I0215 21:13:21.805778   74539 main.go:129] "found object" kind="CustomResourceDefinition" name="alloydbusers.alloydb.cnrm.cloud.google.com"
unit-tests	UNKNOWN STEP	2026-02-15T21:13:21.8085378Z I0215 21:13:21.805785   74539 main.go:129] "found object" kind="CustomResourceDefinition" name="analyticsaccounts.analytics.cnrm.cloud.google.com"
unit-tests	UNKNOWN STEP	2026-02-15T21:13:21.8087072Z I0215 21:13:21.805792   74539 main.go:129] "found object" kind="CustomResourceDefinition" name="apigatewayapiconfigs.apigateway.cnrm.cloud.google.com"
unit-tests	UNKNOWN STEP	2026-02-15T21:13:21.8088750Z I0215 21:13:21.805798   74539 main.go:129] "found object" kind="CustomResourceDefinition" name="apigatewayapis.apigateway.cnrm.cloud.google.com"
unit-tests	UNKNOWN STEP	2026-02-15T21:13:21.8090453Z I0215 21:13:21.805804   74539 main.go:129] "found object" kind="CustomResourceDefinition" name="apigatewaygateways.apigateway.cnrm.cloud.google.com"
unit-tests	UNKNOWN STEP	2026-02-15T21:13:21.8092246Z I0215 21:13:21.805810   74539 main.go:129] "found object" kind="CustomResourceDefinition" name="apigeeaddonsconfigs.apigee.cnrm.cloud.google.com"
unit-tests	UNKNOWN STEP	2026-02-15T21:13:21.8093878Z I0215 21:13:21.805817   74539 main.go:129] "found object" kind="CustomResourceDefinition" name="apigeeendpointattachments.apigee.cnrm.cloud.google.com"
unit-tests	UNKNOWN STEP	2026-02-15T21:13:21.8095700Z I0215 21:13:21.805823   74539 main.go:129] "found object" kind="CustomResourceDefinition" name="apigeeenvgroupattachments.apigee.cnrm.cloud.google.com"
unit-tests	UNKNOWN STEP	2026-02-15T21:13:21.8097394Z I0215 21:13:21.805830   74539 main.go:129] "found object" kind="CustomResourceDefinition" name="apigeeenvgroups.apigee.cnrm.cloud.google.com"
unit-tests	UNKNOWN STEP	2026-02-15T21:13:21.8099087Z I0215 21:13:21.805836   74539 main.go:129] "found object" kind="CustomResourceDefinition" name="apigeeenvironments.apigee.cnrm.cloud.google.com"
unit-tests	UNKNOWN STEP	2026-02-15T21:13:21.8100847Z I0215 21:13:21.805843   74539 main.go:129] "found object" kind="CustomResourceDefinition" name="apigeeinstanceattachments.apigee.cnrm.cloud.google.com"
unit-tests	UNKNOWN STEP	2026-02-15T21:13:21.8102764Z I0215 21:13:21.805850   74539 main.go:129] "found object" kind="CustomResourceDefinition" name="apigeeinstances.apigee.cnrm.cloud.google.com"
unit-tests	UNKNOWN STEP	2026-02-15T21:13:21.8104425Z I0215 21:13:21.805857   74539 main.go:129] "found object" kind="CustomResourceDefinition" name="apigeenataddresses.apigee.cnrm.cloud.google.com"
unit-tests	UNKNOWN STEP	2026-02-15T21:13:21.8106621Z I0215 21:13:21.805863   74539 main.go:129] "found object" kind="CustomResourceDefinition" name="apigeeorganizations.apigee.cnrm.cloud.google.com"
unit-tests	UNKNOWN STEP	2026-02-15T21:13:21.8108455Z I0215 21:13:21.805870   74539 main.go:129] "found object" kind="CustomResourceDefinition" name="apigeesyncauthorizations.apigee.cnrm.cloud.google.com"
unit-tests	UNKNOWN STEP	2026-02-15T21:13:21.8110152Z I0215 21:13:21.805876   74539 main.go:129] "found object" kind="CustomResourceDefinition" name="apikeyskeys.apikeys.cnrm.cloud.google.com"
unit-tests	UNKNOWN STEP	2026-02-15T21:13:21.8112056Z I0215 21:13:21.805882   74539 main.go:129] "found object" kind="CustomResourceDefinition" name="apiquotaadjustersettings.cloudquota.cnrm.cloud.google.com"
unit-tests	UNKNOWN STEP	2026-02-15T21:13:21.8113848Z I0215 21:13:21.805889   74539 main.go:129] "found object" kind="CustomResourceDefinition" name="apiquotapreferences.cloudquota.cnrm.cloud.google.com"
unit-tests	UNKNOWN STEP	2026-02-15T21:13:21.8115632Z I0215 21:13:21.805895   74539 main.go:129] "found object" kind="CustomResourceDefinition" name="appenginedomainmappings.appengine.cnrm.cloud.google.com"
unit-tests	UNKNOWN STEP	2026-02-15T21:13:21.8117418Z I0215 21:13:21.805902   74539 main.go:129] "found object" kind="CustomResourceDefinition" name="appenginefirewallrules.appengine.cnrm.cloud.google.com"
unit-tests	UNKNOWN STEP	2026-02-15T21:13:21.8119266Z I0215 21:13:21.805908   74539 main.go:129] "found object" kind="CustomResourceDefinition" name="appengineflexibleappversions.appengine.cnrm.cloud.google.com"
unit-tests	UNKNOWN STEP	2026-02-15T21:13:21.8121336Z I0215 21:13:21.805914   74539 main.go:129] "found object" kind="CustomResourceDefinition" name="appengineservicesplittraffics.appengine.cnrm.cloud.google.com"
unit-tests	UNKNOWN STEP	2026-02-15T21:13:21.8123255Z I0215 21:13:21.805921   74539 main.go:129] "found object" kind="CustomResourceDefinition" name="appenginestandardappversions.appengine.cnrm.cloud.google.com"
unit-tests	UNKNOWN STEP	2026-02-15T21:13:21.8125033Z I0215 21:13:21.805927   74539 main.go:129] "found object" kind="CustomResourceDefinition" name="apphubapplications.apphub.cnrm.cloud.google.com"
unit-tests	UNKNOWN STEP	2026-02-15T21:13:21.8126545Z I0215 21:13:21.805938   74539 main.go:129] "found object" kind="CustomResourceDefinition" name="apphubdiscoveredservices.apphub.cnrm.cloud.google.com"
unit-tests	UNKNOWN STEP	2026-02-15T21:13:21.8127571Z I0215 21:13:21.805945   74539 main.go:129] "found object" kind="CustomResourceDefinition" name="apphubdiscoveredworkloads.apphub.cnrm.cloud.google.com"
unit-tests	UNKNOWN STEP	2026-02-15T21:13:21.8128633Z I0215 21:13:21.805952   74539 main.go:129] "found object" kind="CustomResourceDefinition" name="artifactregistryrepositories.artifactregistry.cnrm.cloud.google.com"
unit-tests	UNKNOWN STEP	2026-02-15T21:13:21.8129614Z I0215 21:13:21.805958   74539 main.go:129] "found object" kind="CustomResourceDefinition" name="assetfeeds.asset.cnrm.cloud.google.com"
unit-tests	UNKNOWN STEP	2026-02-15T21:13:21.8130971Z I0215 21:13:21.805969   74539 main.go:129] "found object" kind="CustomResourceDefinition" name="assetsavedqueries.asset.cnrm.cloud.google.com"
unit-tests	UNKNOWN STEP	2026-02-15T21:13:21.8132608Z I0215 21:13:21.805976   74539 main.go:129] "found object" kind="CustomResourceDefinition" name="assuredworkloadsworkloads.assuredworkloads.cnrm.cloud.google.com"
unit-tests	UNKNOWN STEP	2026-02-15T21:13:21.8134242Z I0215 21:13:21.806005   74539 main.go:129] "found object" kind="CustomResourceDefinition" name="backupdrbackupplanassociations.backupdr.cnrm.cloud.google.com"
unit-tests	UNKNOWN STEP	2026-02-15T21:13:21.8135917Z I0215 21:13:21.806035   74539 main.go:129] "found object" kind="CustomResourceDefinition" name="backupdrbackupplans.backupdr.cnrm.cloud.google.com"
unit-tests	UNKNOWN STEP	2026-02-15T21:13:21.8136862Z I0215 21:13:21.806048   74539 main.go:129] "found object" kind="CustomResourceDefinition" name="backupdrbackupvaults.backupdr.cnrm.cloud.google.com"
unit-tests	UNKNOWN STEP	2026-02-15T21:13:21.8137864Z I0215 21:13:21.806055   74539 main.go:129] "found object" kind="CustomResourceDefinition" name="backupdrmanagementservers.backupdr.cnrm.cloud.google.com"
unit-tests	UNKNOWN STEP	2026-02-15T21:13:21.8139126Z I0215 21:13:21.806063   74539 main.go:129] "found object" kind="CustomResourceDefinition" name="batchjobs.batch.cnrm.cloud.google.com"
unit-tests	UNKNOWN STEP	2026-02-15T21:13:21.8140648Z I0215 21:13:21.806073   74539 main.go:129] "found object" kind="CustomResourceDefinition" name="batchtasks.batch.cnrm.cloud.google.com"
unit-tests	UNKNOWN STEP	2026-02-15T21:13:21.8141947Z I0215 21:13:21.806079   74539 main.go:129] "found object" kind="CustomResourceDefinition" name="beyondcorpappconnections.beyondcorp.cnrm.cloud.google.com"
unit-tests	UNKNOWN STEP	2026-02-15T21:13:21.8142968Z I0215 21:13:21.806086   74539 main.go:129] "found object" kind="CustomResourceDefinition" name="beyondcorpappconnectors.beyondcorp.cnrm.cloud.google.com"
unit-tests	UNKNOWN STEP	2026-02-15T21:13:21.8143967Z I0215 21:13:21.806093   74539 main.go:129] "found object" kind="CustomResourceDefinition" name="beyondcorpappgateways.beyondcorp.cnrm.cloud.google.com"
unit-tests	UNKNOWN STEP	2026-02-15T21:13:21.8144937Z I0215 21:13:21.806127   74539 main.go:129] "found object" kind="CustomResourceDefinition" name="biglakecatalogs.bigquerybiglake.cnrm.cloud.google.com"
unit-tests	UNKNOWN STEP	2026-02-15T21:13:21.8145905Z I0215 21:13:21.806144   74539 main.go:129] "found object" kind="CustomResourceDefinition" name="biglakedatabases.bigquerybiglake.cnrm.cloud.google.com"
unit-tests	UNKNOWN STEP	2026-02-15T21:13:21.8146869Z I0215 21:13:21.806160   74539 main.go:129] "found object" kind="CustomResourceDefinition" name="biglaketables.bigquerybiglake.cnrm.cloud.google.com"
unit-tests	UNKNOWN STEP	2026-02-15T21:13:21.8147953Z I0215 21:13:21.806176   74539 main.go:129] "found object" kind="CustomResourceDefinition" name="bigqueryanalyticshubdataexchanges.bigqueryanalyticshub.cnrm.cloud.google.com"
unit-tests	UNKNOWN STEP	2026-02-15T21:13:21.8149144Z I0215 21:13:21.806191   74539 main.go:129] "found object" kind="CustomResourceDefinition" name="bigqueryanalyticshublistings.bigqueryanalyticshub.cnrm.cloud.google.com"
unit-tests	UNKNOWN STEP	2026-02-15T21:13:21.8150290Z I0215 21:13:21.806207   74539 main.go:129] "found object" kind="CustomResourceDefinition" name="bigqueryconnectionconnections.bigqueryconnection.cnrm.cloud.google.com"
unit-tests	UNKNOWN STEP	2026-02-15T21:13:21.8151569Z I0215 21:13:21.806221   74539 main.go:129] "found object" kind="CustomResourceDefinition" name="bigquerydatapolicies.bigquerydatapolicy.cnrm.cloud.google.com"
unit-tests	UNKNOWN STEP	2026-02-15T21:13:21.8152687Z I0215 21:13:21.806236   74539 main.go:129] "found object" kind="CustomResourceDefinition" name="bigquerydatapolicydatapolicies.bigquerydatapolicy.cnrm.cloud.google.com"
unit-tests	UNKNOWN STEP	2026-02-15T21:13:21.8153749Z I0215 21:13:21.806251   74539 main.go:129] "found object" kind="CustomResourceDefinition" name="bigquerydatasetaccesses.bigquery.cnrm.cloud.google.com"
unit-tests	UNKNOWN STEP	2026-02-15T21:13:21.8154706Z I0215 21:13:21.806265   74539 main.go:129] "found object" kind="CustomResourceDefinition" name="bigquerydatasets.bigquery.cnrm.cloud.google.com"
unit-tests	UNKNOWN STEP	2026-02-15T21:13:21.8155772Z I0215 21:13:21.806281   74539 main.go:129] "found object" kind="CustomResourceDefinition" name="bigquerydatatransferconfigs.bigquerydatatransfer.cnrm.cloud.google.com"
unit-tests	UNKNOWN STEP	2026-02-15T21:13:21.8156781Z I0215 21:13:21.806295   74539 main.go:129] "found object" kind="CustomResourceDefinition" name="bigqueryjobs.bigquery.cnrm.cloud.google.com"
unit-tests	UNKNOWN STEP	2026-02-15T21:13:21.8157804Z I0215 21:13:21.806310   74539 main.go:129] "found object" kind="CustomResourceDefinition" name="bigqueryreservationassignments.bigqueryreservation.cnrm.cloud.google.com"
unit-tests	UNKNOWN STEP	2026-02-15T21:13:21.8159015Z I0215 21:13:21.806325   74539 main.go:129] "found object" kind="CustomResourceDefinition" name="bigqueryreservationcapacitycommitments.bigqueryreservation.cnrm.cloud.google.com"
unit-tests	UNKNOWN STEP	2026-02-15T21:13:21.8160221Z I0215 21:13:21.806342   74539 main.go:129] "found object" kind="CustomResourceDefinition" name="bigqueryreservationreservations.bigqueryreservation.cnrm.cloud.google.com"
unit-tests	UNKNOWN STEP	2026-02-15T21:13:21.8161441Z I0215 21:13:21.806357   74539 main.go:129] "found object" kind="CustomResourceDefinition" name="bigqueryroutines.bigquery.cnrm.cloud.google.com"
unit-tests	UNKNOWN STEP	2026-02-15T21:13:21.8162380Z I0215 21:13:21.806372   74539 main.go:129] "found object" kind="CustomResourceDefinition" name="bigquerytables.bigquery.cnrm.cloud.google.com"
unit-tests	UNKNOWN STEP	2026-02-15T21:13:21.8163308Z I0215 21:13:21.806386   74539 main.go:129] "found object" kind="CustomResourceDefinition" name="bigtableappprofiles.bigtable.cnrm.cloud.google.com"
unit-tests	UNKNOWN STEP	2026-02-15T21:13:21.8164409Z I0215 21:13:21.806402   74539 main.go:129] "found object" kind="CustomResourceDefinition" name="bigtableauthorizedviews.bigtable.cnrm.cloud.google.com"
unit-tests	UNKNOWN STEP	2026-02-15T21:13:21.8165455Z I0215 21:13:21.806418   74539 main.go:129] "found object" kind="CustomResourceDefinition" name="bigtablebackups.bigtable.cnrm.cloud.google.com"
unit-tests	UNKNOWN STEP	2026-02-15T21:13:21.8166364Z I0215 21:13:21.806432   74539 main.go:129] "found object" kind="CustomResourceDefinition" name="bigtableclusters.bigtable.cnrm.cloud.google.com"
unit-tests	UNKNOWN STEP	2026-02-15T21:13:21.8167287Z I0215 21:13:21.806447   74539 main.go:129] "found object" kind="CustomResourceDefinition" name="bigtablegcpolicies.bigtable.cnrm.cloud.google.com"
unit-tests	UNKNOWN STEP	2026-02-15T21:13:21.8168214Z I0215 21:13:21.806461   74539 main.go:129] "found object" kind="CustomResourceDefinition" name="bigtableinstances.bigtable.cnrm.cloud.google.com"
unit-tests	UNKNOWN STEP	2026-02-15T21:13:21.8169155Z I0215 21:13:21.806476   74539 main.go:129] "found object" kind="CustomResourceDefinition" name="bigtablelogicalviews.bigtable.cnrm.cloud.google.com"
unit-tests	UNKNOWN STEP	2026-02-15T21:13:21.8170383Z I0215 21:13:21.806491   74539 main.go:129] "found object" kind="CustomResourceDefinition" name="bigtablematerializedviews.bigtable.cnrm.cloud.google.com"
unit-tests	UNKNOWN STEP	2026-02-15T21:13:21.8171996Z I0215 21:13:21.806505   74539 main.go:129] "found object" kind="CustomResourceDefinition" name="bigtabletables.bigtable.cnrm.cloud.google.com"
unit-tests	UNKNOWN STEP	2026-02-15T21:13:21.8173665Z I0215 21:13:21.806519   74539 main.go:129] "found object" kind="CustomResourceDefinition" name="billingaccounts.billing.cnrm.cloud.google.com"
unit-tests	UNKNOWN STEP	2026-02-15T21:13:21.8175445Z I0215 21:13:21.806534   74539 main.go:129] "found object" kind="CustomResourceDefinition" name="billingbudgetsbudgets.billingbudgets.cnrm.cloud.google.com"
unit-tests	UNKNOWN STEP	2026-02-15T21:13:21.8177399Z I0215 21:13:21.806549   74539 main.go:129] "found object" kind="CustomResourceDefinition" name="binaryauthorizationattestors.binaryauthorization.cnrm.cloud.google.com"
unit-tests	UNKNOWN STEP	2026-02-15T21:13:21.8179397Z I0215 21:13:21.806564   74539 main.go:129] "found object" kind="CustomResourceDefinition" name="binaryauthorizationpolicies.binaryauthorization.cnrm.cloud.google.com"
unit-tests	UNKNOWN STEP	2026-02-15T21:13:21.8181758Z I0215 21:13:21.806579   74539 main.go:129] "found object" kind="CustomResourceDefinition" name="certificatemanagercertificateissuanceconfigs.certificatemanager.cnrm.cloud.google.com"
unit-tests	UNKNOWN STEP	2026-02-15T21:13:21.8184155Z I0215 21:13:21.806593   74539 main.go:129] "found object" kind="CustomResourceDefinition" name="certificatemanagercertificatemapentries.certificatemanager.cnrm.cloud.google.com"
unit-tests	UNKNOWN STEP	2026-02-15T21:13:21.8186414Z I0215 21:13:21.806608   74539 main.go:129] "found object" kind="CustomResourceDefinition" name="certificatemanagercertificatemaps.certificatemanager.cnrm.cloud.google.com"
unit-tests	UNKNOWN STEP	2026-02-15T21:13:21.8188492Z I0215 21:13:21.806623   74539 main.go:129] "found object" kind="CustomResourceDefinition" name="certificatemanagercertificates.certificatemanager.cnrm.cloud.google.com"
unit-tests	UNKNOWN STEP	2026-02-15T21:13:21.8190573Z I0215 21:13:21.806638   74539 main.go:129] "found object" kind="CustomResourceDefinition" name="certificatemanagerdnsauthorizations.certificatemanager.cnrm.cloud.google.com"
unit-tests	UNKNOWN STEP	2026-02-15T21:13:21.8192563Z I0215 21:13:21.806652   74539 main.go:129] "found object" kind="CustomResourceDefinition" name="cloudassetfolderfeeds.cloudasset.cnrm.cloud.google.com"
unit-tests	UNKNOWN STEP	2026-02-15T21:13:21.8194178Z I0215 21:13:21.806668   74539 main.go:129] "found object" kind="CustomResourceDefinition" name="cloudassetorganizationfeeds.cloudasset.cnrm.cloud.google.com"
unit-tests	UNKNOWN STEP	2026-02-15T21:13:21.8195649Z I0215 21:13:21.806682   74539 main.go:129] "found object" kind="CustomResourceDefinition" name="cloudassetprojectfeeds.cloudasset.cnrm.cloud.google.com"
unit-tests	UNKNOWN STEP	2026-02-15T21:13:21.8196909Z I0215 21:13:21.806697   74539 main.go:129] "found object" kind="CustomResourceDefinition" name="cloudbuildtriggers.cloudbuild.cnrm.cloud.google.com"
unit-tests	UNKNOWN STEP	2026-02-15T21:13:21.8197912Z I0215 21:13:21.806712   74539 main.go:129] "found object" kind="CustomResourceDefinition" name="cloudbuildworkerpools.cloudbuild.cnrm.cloud.google.com"
unit-tests	UNKNOWN STEP	2026-02-15T21:13:21.8199123Z I0215 21:13:21.806726   74539 main.go:129] "found object" kind="CustomResourceDefinition" name="clouddeploydeliverypipelines.clouddeploy.cnrm.cloud.google.com"
unit-tests	UNKNOWN STEP	2026-02-15T21:13:21.8200287Z I0215 21:13:21.806740   74539 main.go:129] "found object" kind="CustomResourceDefinition" name="clouddeploydeploypolicies.clouddeploy.cnrm.cloud.google.com"
unit-tests	UNKNOWN STEP	2026-02-15T21:13:21.8201639Z I0215 21:13:21.806756   74539 main.go:129] "found object" kind="CustomResourceDefinition" name="clouddmsconversionworkspaces.clouddms.cnrm.cloud.google.com"
unit-tests	UNKNOWN STEP	2026-02-15T21:13:21.8202649Z I0215 21:13:21.806770   74539 main.go:129] "found object" kind="CustomResourceDefinition" name="clouddmsmigrationjobs.clouddms.cnrm.cloud.google.com"
unit-tests	UNKNOWN STEP	2026-02-15T21:13:21.8203637Z I0215 21:13:21.806785   74539 main.go:129] "found object" kind="CustomResourceDefinition" name="clouddmsprivateconnections.clouddms.cnrm.cloud.google.com"
unit-tests	UNKNOWN STEP	2026-02-15T21:13:21.8204668Z I0215 21:13:21.806799   74539 main.go:129] "found object" kind="CustomResourceDefinition" name="cloudfunctions2functions.cloudfunctions2.cnrm.cloud.google.com"
unit-tests	UNKNOWN STEP	2026-02-15T21:13:21.8205725Z I0215 21:13:21.806814   74539 main.go:129] "found object" kind="CustomResourceDefinition" name="cloudfunctionsfunctions.cloudfunctions.cnrm.cloud.google.com"
unit-tests	UNKNOWN STEP	2026-02-15T21:13:21.8207204Z I0215 21:13:21.806829   74539 main.go:129] "found object" kind="CustomResourceDefinition" name="cloudidentitygroups.cloudidentity.cnrm.cloud.google.com"
unit-tests	UNKNOWN STEP	2026-02-15T21:13:21.8208241Z I0215 21:13:21.806843   74539 main.go:129] "found object" kind="CustomResourceDefinition" name="cloudidentitymemberships.cloudidentity.cnrm.cloud.google.com"
unit-tests	UNKNOWN STEP	2026-02-15T21:13:21.8209391Z I0215 21:13:21.806858   74539 main.go:129] "found object" kind="CustomResourceDefinition" name="cloudidsendpoints.cloudids.cnrm.cloud.google.com"
unit-tests	UNKNOWN STEP	2026-02-15T21:13:21.8210354Z I0215 21:13:21.806871   74539 main.go:129] "found object" kind="CustomResourceDefinition" name="cloudiotdeviceregistries.cloudiot.cnrm.cloud.google.com"
unit-tests	UNKNOWN STEP	2026-02-15T21:13:21.8211516Z I0215 21:13:21.806887   74539 main.go:129] "found object" kind="CustomResourceDefinition" name="cloudiotdevices.cloudiot.cnrm.cloud.google.com"
unit-tests	UNKNOWN STEP	2026-02-15T21:13:21.8212506Z I0215 21:13:21.806902   74539 main.go:129] "found object" kind="CustomResourceDefinition" name="cloudschedulerjobs.cloudscheduler.cnrm.cloud.google.com"
unit-tests	UNKNOWN STEP	2026-02-15T21:13:21.8213437Z I0215 21:13:21.806916   74539 main.go:129] "found object" kind="CustomResourceDefinition" name="colabruntimes.colab.cnrm.cloud.google.com"
unit-tests	UNKNOWN STEP	2026-02-15T21:13:21.8214382Z I0215 21:13:21.806930   74539 main.go:129] "found object" kind="CustomResourceDefinition" name="colabruntimetemplates.colab.cnrm.cloud.google.com"
unit-tests	UNKNOWN STEP	2026-02-15T21:13:21.8215357Z I0215 21:13:21.806945   74539 main.go:129] "found object" kind="CustomResourceDefinition" name="composerenvironments.composer.cnrm.cloud.google.com"
unit-tests	UNKNOWN STEP	2026-02-15T21:13:21.8216494Z I0215 21:13:21.806959   74539 main.go:129] "found object" kind="CustomResourceDefinition" name="computeaddresses.compute.cnrm.cloud.google.com"
unit-tests	UNKNOWN STEP	2026-02-15T21:13:21.8217428Z I0215 21:13:21.806975   74539 main.go:129] "found object" kind="CustomResourceDefinition" name="computeautoscalers.compute.cnrm.cloud.google.com"
unit-tests	UNKNOWN STEP	2026-02-15T21:13:21.8218377Z I0215 21:13:21.806989   74539 main.go:129] "found object" kind="CustomResourceDefinition" name="computebackendbuckets.compute.cnrm.cloud.google.com"
unit-tests	UNKNOWN STEP	2026-02-15T21:13:21.8219394Z I0215 21:13:21.807003   74539 main.go:129] "found object" kind="CustomResourceDefinition" name="computebackendbucketsignedurlkeys.compute.cnrm.cloud.google.com"
unit-tests	UNKNOWN STEP	2026-02-15T21:13:21.8220415Z I0215 21:13:21.807018   74539 main.go:129] "found object" kind="CustomResourceDefinition" name="computebackendservices.compute.cnrm.cloud.google.com"
unit-tests	UNKNOWN STEP	2026-02-15T21:13:21.8221692Z I0215 21:13:21.807032   74539 main.go:129] "found object" kind="CustomResourceDefinition" name="computebackendservicesignedurlkeys.compute.cnrm.cloud.google.com"
unit-tests	UNKNOWN STEP	2026-02-15T21:13:21.8222978Z I0215 21:13:21.807047   74539 main.go:129] "found object" kind="CustomResourceDefinition" name="computediskresourcepolicyattachments.compute.cnrm.cloud.google.com"
unit-tests	UNKNOWN STEP	2026-02-15T21:13:21.8225052Z I0215 21:13:21.807062   74539 main.go:129] "found object" kind="CustomResourceDefinition" name="computedisks.compute.cnrm.cloud.google.com"
unit-tests	UNKNOWN STEP	2026-02-15T21:13:21.8226458Z I0215 21:13:21.807076   74539 main.go:129] "found object" kind="CustomResourceDefinition" name="computeexternalvpngateways.compute.cnrm.cloud.google.com"
unit-tests	UNKNOWN STEP	2026-02-15T21:13:21.8228230Z I0215 21:13:21.807091   74539 main.go:129] "found object" kind="CustomResourceDefinition" name="computefirewallpolicies.compute.cnrm.cloud.google.com"
unit-tests	UNKNOWN STEP	2026-02-15T21:13:21.8230147Z I0215 21:13:21.807121   74539 main.go:129] "found object" kind="CustomResourceDefinition" name="computefirewallpolicyassociations.compute.cnrm.cloud.google.com"
unit-tests	UNKNOWN STEP	2026-02-15T21:13:21.8232045Z I0215 21:13:21.807137   74539 main.go:129] "found object" kind="CustomResourceDefinition" name="computefirewallpolicyrules.compute.cnrm.cloud.google.com"
unit-tests	UNKNOWN STEP	2026-02-15T21:13:21.8233032Z I0215 21:13:21.807152   74539 main.go:129] "found object" kind="CustomResourceDefinition" name="computefirewalls.compute.cnrm.cloud.google.com"
unit-tests	UNKNOWN STEP	2026-02-15T21:13:21.8233995Z I0215 21:13:21.807166   74539 main.go:129] "found object" kind="CustomResourceDefinition" name="computeforwardingrules.compute.cnrm.cloud.google.com"
unit-tests	UNKNOWN STEP	2026-02-15T21:13:21.8235015Z I0215 21:13:21.807182   74539 main.go:129] "found object" kind="CustomResourceDefinition" name="computeglobalnetworkendpointgroups.compute.cnrm.cloud.google.com"
unit-tests	UNKNOWN STEP	2026-02-15T21:13:21.8236104Z I0215 21:13:21.807195   74539 main.go:129] "found object" kind="CustomResourceDefinition" name="computeglobalnetworkendpoints.compute.cnrm.cloud.google.com"
unit-tests	UNKNOWN STEP	2026-02-15T21:13:21.8237110Z I0215 21:13:21.807209   74539 main.go:129] "found object" kind="CustomResourceDefinition" name="computehealthchecks.compute.cnrm.cloud.google.com"
unit-tests	UNKNOWN STEP	2026-02-15T21:13:21.8238065Z I0215 21:13:21.807224   74539 main.go:129] "found object" kind="CustomResourceDefinition" name="computehttphealthchecks.compute.cnrm.cloud.google.com"
unit-tests	UNKNOWN STEP	2026-02-15T21:13:21.8239050Z I0215 21:13:21.807238   74539 main.go:129] "found object" kind="CustomResourceDefinition" name="computehttpshealthchecks.compute.cnrm.cloud.google.com"
unit-tests	UNKNOWN STEP	2026-02-15T21:13:21.8239989Z I0215 21:13:21.807253   74539 main.go:129] "found object" kind="CustomResourceDefinition" name="computeimages.compute.cnrm.cloud.google.com"
unit-tests	UNKNOWN STEP	2026-02-15T21:13:21.8240946Z I0215 21:13:21.807269   74539 main.go:129] "found object" kind="CustomResourceDefinition" name="computeinstancegroupmanagers.compute.cnrm.cloud.google.com"
unit-tests	UNKNOWN STEP	2026-02-15T21:13:21.8242297Z I0215 21:13:21.807285   74539 main.go:129] "found object" kind="CustomResourceDefinition" name="computeinstancegroupnamedports.compute.cnrm.cloud.google.com"
unit-tests	UNKNOWN STEP	2026-02-15T21:13:21.8243312Z I0215 21:13:21.807300   74539 main.go:129] "found object" kind="CustomResourceDefinition" name="computeinstancegroups.compute.cnrm.cloud.google.com"
unit-tests	UNKNOWN STEP	2026-02-15T21:13:21.8244250Z I0215 21:13:21.807313   74539 main.go:129] "found object" kind="CustomResourceDefinition" name="computeinstances.compute.cnrm.cloud.google.com"
unit-tests	UNKNOWN STEP	2026-02-15T21:13:21.8245217Z I0215 21:13:21.807328   74539 main.go:129] "found object" kind="CustomResourceDefinition" name="computeinstancetemplates.compute.cnrm.cloud.google.com"
unit-tests	UNKNOWN STEP	2026-02-15T21:13:21.8246228Z I0215 21:13:21.807343   74539 main.go:129] "found object" kind="CustomResourceDefinition" name="computeinterconnectattachments.compute.cnrm.cloud.google.com"
unit-tests	UNKNOWN STEP	2026-02-15T21:13:21.8247223Z I0215 21:13:21.807356   74539 main.go:129] "found object" kind="CustomResourceDefinition" name="computeinterconnects.compute.cnrm.cloud.google.com"
unit-tests	UNKNOWN STEP	2026-02-15T21:13:21.8248161Z I0215 21:13:21.807371   74539 main.go:129] "found object" kind="CustomResourceDefinition" name="computemachineimages.compute.cnrm.cloud.google.com"
unit-tests	UNKNOWN STEP	2026-02-15T21:13:21.8249141Z I0215 21:13:21.807387   74539 main.go:129] "found object" kind="CustomResourceDefinition" name="computemanagedsslcertificates.compute.cnrm.cloud.google.com"
unit-tests	UNKNOWN STEP	2026-02-15T21:13:21.8250151Z I0215 21:13:21.807402   74539 main.go:129] "found object" kind="CustomResourceDefinition" name="computenetworkattachments.compute.cnrm.cloud.google.com"
unit-tests	UNKNOWN STEP	2026-02-15T21:13:21.8251730Z I0215 21:13:21.807416   74539 main.go:129] "found object" kind="CustomResourceDefinition" name="computenetworkedgesecurityservices.compute.cnrm.cloud.google.com"
unit-tests	UNKNOWN STEP	2026-02-15T21:13:21.8252866Z I0215 21:13:21.807430   74539 main.go:129] "found object" kind="CustomResourceDefinition" name="computenetworkendpointgroups.compute.cnrm.cloud.google.com"
unit-tests	UNKNOWN STEP	2026-02-15T21:13:21.8254517Z I0215 21:13:21.807444   74539 main.go:129] "found object" kind="CustomResourceDefinition" name="computenetworkendpoints.compute.cnrm.cloud.google.com"
unit-tests	UNKNOWN STEP	2026-02-15T21:13:21.8255629Z I0215 21:13:21.807460   74539 main.go:129] "found object" kind="CustomResourceDefinition" name="computenetworkfirewallpolicies.compute.cnrm.cloud.google.com"
unit-tests	UNKNOWN STEP	2026-02-15T21:13:21.8257192Z I0215 21:13:21.807475   74539 main.go:129] "found object" kind="CustomResourceDefinition" name="computenetworkfirewallpolicyassociations.compute.cnrm.cloud.google.com"
unit-tests	UNKNOWN STEP	2026-02-15T21:13:21.8258422Z I0215 21:13:21.807490   74539 main.go:129] "found object" kind="CustomResourceDefinition" name="computenetworkfirewallpolicyrules.compute.cnrm.cloud.google.com"
unit-tests	UNKNOWN STEP	2026-02-15T21:13:21.8259509Z I0215 21:13:21.807504   74539 main.go:129] "found object" kind="CustomResourceDefinition" name="computenetworkpeeringroutesconfigs.compute.cnrm.cloud.google.com"
unit-tests	UNKNOWN STEP	2026-02-15T21:13:21.8260533Z I0215 21:13:21.807519   74539 main.go:129] "found object" kind="CustomResourceDefinition" name="computenetworkpeerings.compute.cnrm.cloud.google.com"
unit-tests	UNKNOWN STEP	2026-02-15T21:13:21.8261787Z I0215 21:13:21.807534   74539 main.go:129] "found object" kind="CustomResourceDefinition" name="computenetworks.compute.cnrm.cloud.google.com"
unit-tests	UNKNOWN STEP	2026-02-15T21:13:21.8262715Z I0215 21:13:21.807547   74539 main.go:129] "found object" kind="CustomResourceDefinition" name="computenodegroups.compute.cnrm.cloud.google.com"
unit-tests	UNKNOWN STEP	2026-02-15T21:13:21.8263654Z I0215 21:13:21.807562   74539 main.go:129] "found object" kind="CustomResourceDefinition" name="computenodetemplates.compute.cnrm.cloud.google.com"
unit-tests	UNKNOWN STEP	2026-02-15T21:13:21.8264688Z I0215 21:13:21.807578   74539 main.go:129] "found object" kind="CustomResourceDefinition" name="computeorganizationsecuritypolicies.compute.cnrm.cloud.google.com"
unit-tests	UNKNOWN STEP	2026-02-15T21:13:21.8266283Z I0215 21:13:21.807593   74539 main.go:129] "found object" kind="CustomResourceDefinition" name="computeorganizationsecuritypolicyassociations.compute.cnrm.cloud.google.com"
unit-tests	UNKNOWN STEP	2026-02-15T21:13:21.8267924Z I0215 21:13:21.807607   74539 main.go:129] "found object" kind="CustomResourceDefinition" name="computeorganizationsecuritypolicyrules.compute.cnrm.cloud.google.com"
unit-tests	UNKNOWN STEP	2026-02-15T21:13:21.8269152Z I0215 21:13:21.807622   74539 main.go:129] "found object" kind="CustomResourceDefinition" name="computepacketmirrorings.compute.cnrm.cloud.google.com"
unit-tests	UNKNOWN STEP	2026-02-15T21:13:21.8270375Z I0215 21:13:21.807636   74539 main.go:129] "found object" kind="CustomResourceDefinition" name="computeperinstanceconfigs.compute.cnrm.cloud.google.com"
unit-tests	UNKNOWN STEP	2026-02-15T21:13:21.8271715Z I0215 21:13:21.807651   74539 main.go:129] "found object" kind="CustomResourceDefinition" name="computeprojectmetadatas.compute.cnrm.cloud.google.com"
unit-tests	UNKNOWN STEP	2026-02-15T21:13:21.8272816Z I0215 21:13:21.807665   74539 main.go:129] "found object" kind="CustomResourceDefinition" name="computeregionautoscalers.compute.cnrm.cloud.google.com"
unit-tests	UNKNOWN STEP	2026-02-15T21:13:21.8274008Z I0215 21:13:21.807681   74539 main.go:129] "found object" kind="CustomResourceDefinition" name="computeregiondiskresourcepolicyattachments.compute.cnrm.cloud.google.com"
unit-tests	UNKNOWN STEP	2026-02-15T21:13:21.8275182Z I0215 21:13:21.807696   74539 main.go:129] "found object" kind="CustomResourceDefinition" name="computeregionnetworkendpointgroups.compute.cnrm.cloud.google.com"
unit-tests	UNKNOWN STEP	2026-02-15T21:13:21.8276394Z I0215 21:13:21.807710   74539 main.go:129] "found object" kind="CustomResourceDefinition" name="computeregionperinstanceconfigs.compute.cnrm.cloud.google.com"
unit-tests	UNKNOWN STEP	2026-02-15T21:13:21.8277421Z I0215 21:13:21.807725   74539 main.go:129] "found object" kind="CustomResourceDefinition" name="computeregionsslpolicies.compute.cnrm.cloud.google.com"
unit-tests	UNKNOWN STEP	2026-02-15T21:13:21.8278881Z I0215 21:13:21.807739   74539 main.go:129] "found object" kind="CustomResourceDefinition" name="computereservations.compute.cnrm.cloud.google.com"
unit-tests	UNKNOWN STEP	2026-02-15T21:13:21.8280113Z I0215 21:13:21.807753   74539 main.go:129] "found object" kind="CustomResourceDefinition" name="computeresourcepolicies.compute.cnrm.cloud.google.com"
unit-tests	UNKNOWN STEP	2026-02-15T21:13:21.8281313Z I0215 21:13:21.807768   74539 main.go:129] "found object" kind="CustomResourceDefinition" name="computerouterinterfaces.compute.cnrm.cloud.google.com"
unit-tests	UNKNOWN STEP	2026-02-15T21:13:21.8282273Z I0215 21:13:21.807782   74539 main.go:129] "found object" kind="CustomResourceDefinition" name="computerouternats.compute.cnrm.cloud.google.com"
unit-tests	UNKNOWN STEP	2026-02-15T21:13:21.8283203Z I0215 21:13:21.807797   74539 main.go:129] "found object" kind="CustomResourceDefinition" name="computerouterpeers.compute.cnrm.cloud.google.com"
unit-tests	UNKNOWN STEP	2026-02-15T21:13:21.8284127Z I0215 21:13:21.807811   74539 main.go:129] "found object" kind="CustomResourceDefinition" name="computerouters.compute.cnrm.cloud.google.com"
unit-tests	UNKNOWN STEP	2026-02-15T21:13:21.8285023Z I0215 21:13:21.807825   74539 main.go:129] "found object" kind="CustomResourceDefinition" name="computeroutes.compute.cnrm.cloud.google.com"
unit-tests	UNKNOWN STEP	2026-02-15T21:13:21.8285947Z I0215 21:13:21.807840   74539 main.go:129] "found object" kind="CustomResourceDefinition" name="computesecuritypolicies.compute.cnrm.cloud.google.com"
unit-tests	UNKNOWN STEP	2026-02-15T21:13:21.8287057Z I0215 21:13:21.807854   74539 main.go:129] "found object" kind="CustomResourceDefinition" name="computeserviceattachments.compute.cnrm.cloud.google.com"
unit-tests	UNKNOWN STEP	2026-02-15T21:13:21.8288084Z I0215 21:13:21.807870   74539 main.go:129] "found object" kind="CustomResourceDefinition" name="computesharedvpchostprojects.compute.cnrm.cloud.google.com"
unit-tests	UNKNOWN STEP	2026-02-15T21:13:21.8289127Z I0215 21:13:21.807885   74539 main.go:129] "found object" kind="CustomResourceDefinition" name="computesharedvpcserviceprojects.compute.cnrm.cloud.google.com"
unit-tests	UNKNOWN STEP	2026-02-15T21:13:21.8290159Z I0215 21:13:21.807899   74539 main.go:129] "found object" kind="CustomResourceDefinition" name="computesnapshots.compute.cnrm.cloud.google.com"
unit-tests	UNKNOWN STEP	2026-02-15T21:13:21.8291288Z I0215 21:13:21.807915   74539 main.go:129] "found object" kind="CustomResourceDefinition" name="computesslcertificates.compute.cnrm.cloud.google.com"
unit-tests	UNKNOWN STEP	2026-02-15T21:13:21.8292301Z I0215 21:13:21.807929   74539 main.go:129] "found object" kind="CustomResourceDefinition" name="computesslpolicies.compute.cnrm.cloud.google.com"
unit-tests	UNKNOWN STEP	2026-02-15T21:13:21.8293230Z I0215 21:13:21.807944   74539 main.go:129] "found object" kind="CustomResourceDefinition" name="computesubnetworks.compute.cnrm.cloud.google.com"
unit-tests	UNKNOWN STEP	2026-02-15T21:13:21.8294190Z I0215 21:13:21.807960   74539 main.go:129] "found object" kind="CustomResourceDefinition" name="computetargetgrpcproxies.compute.cnrm.cloud.google.com"
unit-tests	UNKNOWN STEP	2026-02-15T21:13:21.8295170Z I0215 21:13:21.807974   74539 main.go:129] "found object" kind="CustomResourceDefinition" name="computetargethttpproxies.compute.cnrm.cloud.google.com"
unit-tests	UNKNOWN STEP	2026-02-15T21:13:21.8296168Z I0215 21:13:21.807989   74539 main.go:129] "found object" kind="CustomResourceDefinition" name="computetargethttpsproxies.compute.cnrm.cloud.google.com"
unit-tests	UNKNOWN STEP	2026-02-15T21:13:21.8297146Z I0215 21:13:21.808003   74539 main.go:129] "found object" kind="CustomResourceDefinition" name="computetargetinstances.compute.cnrm.cloud.google.com"
unit-tests	UNKNOWN STEP	2026-02-15T21:13:21.8298092Z I0215 21:13:21.808017   74539 main.go:129] "found object" kind="CustomResourceDefinition" name="computetargetpools.compute.cnrm.cloud.google.com"
unit-tests	UNKNOWN STEP	2026-02-15T21:13:21.8299045Z I0215 21:13:21.808032   74539 main.go:129] "found object" kind="CustomResourceDefinition" name="computetargetsslproxies.compute.cnrm.cloud.google.com"
unit-tests	UNKNOWN STEP	2026-02-15T21:13:21.8300021Z I0215 21:13:21.808046   74539 main.go:129] "found object" kind="CustomResourceDefinition" name="computetargettcpproxies.compute.cnrm.cloud.google.com"
unit-tests	UNKNOWN STEP	2026-02-15T21:13:21.8301345Z I0215 21:13:21.808061   74539 main.go:129] "found object" kind="CustomResourceDefinition" name="computetargetvpngateways.compute.cnrm.cloud.google.com"
unit-tests	UNKNOWN STEP	2026-02-15T21:13:21.8302630Z I0215 21:13:21.808075   74539 main.go:129] "found object" kind="CustomResourceDefinition" name="computeurlmaps.compute.cnrm.cloud.google.com"
unit-tests	UNKNOWN STEP	2026-02-15T21:13:21.8303559Z I0215 21:13:21.808089   74539 main.go:129] "found object" kind="CustomResourceDefinition" name="computevpngateways.compute.cnrm.cloud.google.com"
unit-tests	UNKNOWN STEP	2026-02-15T21:13:21.8304486Z I0215 21:13:21.808104   74539 main.go:129] "found object" kind="CustomResourceDefinition" name="computevpntunnels.compute.cnrm.cloud.google.com"
unit-tests	UNKNOWN STEP	2026-02-15T21:13:21.8305499Z I0215 21:13:21.808133   74539 main.go:129] "found object" kind="CustomResourceDefinition" name="configcontrollerinstances.configcontroller.cnrm.cloud.google.com"
unit-tests	UNKNOWN STEP	2026-02-15T21:13:21.8306601Z I0215 21:13:21.808148   74539 main.go:129] "found object" kind="CustomResourceDefinition" name="configdeliveryresourcebundles.configdelivery.cnrm.cloud.google.com"
unit-tests	UNKNOWN STEP	2026-02-15T21:13:21.8307702Z I0215 21:13:21.808163   74539 main.go:129] "found object" kind="CustomResourceDefinition" name="containeranalysisnotes.containeranalysis.cnrm.cloud.google.com"
unit-tests	UNKNOWN STEP	2026-02-15T21:13:21.8308805Z I0215 21:13:21.808179   74539 main.go:129] "found object" kind="CustomResourceDefinition" name="containeranalysisoccurrences.containeranalysis.cnrm.cloud.google.com"
unit-tests	UNKNOWN STEP	2026-02-15T21:13:21.8309917Z I0215 21:13:21.808194   74539 main.go:129] "found object" kind="CustomResourceDefinition" name="containerattachedclusters.containerattached.cnrm.cloud.google.com"
unit-tests	UNKNOWN STEP	2026-02-15T21:13:21.8310933Z I0215 21:13:21.808210   74539 main.go:129] "found object" kind="CustomResourceDefinition" name="containerclusters.container.cnrm.cloud.google.com"
unit-tests	UNKNOWN STEP	2026-02-15T21:13:21.8312219Z I0215 21:13:21.808224   74539 main.go:129] "found object" kind="CustomResourceDefinition" name="containernodepools.container.cnrm.cloud.google.com"
unit-tests	UNKNOWN STEP	2026-02-15T21:13:21.8313181Z I0215 21:13:21.808238   74539 main.go:129] "found object" kind="CustomResourceDefinition" name="datacatalogentries.datacatalog.cnrm.cloud.google.com"
unit-tests	UNKNOWN STEP	2026-02-15T21:13:21.8314171Z I0215 21:13:21.808252   74539 main.go:129] "found object" kind="CustomResourceDefinition" name="datacatalogentrygroups.datacatalog.cnrm.cloud.google.com"
unit-tests	UNKNOWN STEP	2026-02-15T21:13:21.8315169Z I0215 21:13:21.808267   74539 main.go:129] "found object" kind="CustomResourceDefinition" name="datacatalogpolicytags.datacatalog.cnrm.cloud.google.com"
unit-tests	UNKNOWN STEP	2026-02-15T21:13:21.8316132Z I0215 21:13:21.808281   74539 main.go:129] "found object" kind="CustomResourceDefinition" name="datacatalogtags.datacatalog.cnrm.cloud.google.com"
unit-tests	UNKNOWN STEP	2026-02-15T21:13:21.8317102Z I0215 21:13:21.808295   74539 main.go:129] "found object" kind="CustomResourceDefinition" name="datacatalogtagtemplates.datacatalog.cnrm.cloud.google.com"
unit-tests	UNKNOWN STEP	2026-02-15T21:13:21.8318101Z I0215 21:13:21.808311   74539 main.go:129] "found object" kind="CustomResourceDefinition" name="datacatalogtaxonomies.datacatalog.cnrm.cloud.google.com"
unit-tests	UNKNOWN STEP	2026-02-15T21:13:21.8319081Z I0215 21:13:21.808325   74539 main.go:129] "found object" kind="CustomResourceDefinition" name="dataflowflextemplatejobs.dataflow.cnrm.cloud.google.com"
unit-tests	UNKNOWN STEP	2026-02-15T21:13:21.8320026Z I0215 21:13:21.808340   74539 main.go:129] "found object" kind="CustomResourceDefinition" name="dataflowjobs.dataflow.cnrm.cloud.google.com"
unit-tests	UNKNOWN STEP	2026-02-15T21:13:21.8320947Z I0215 21:13:21.808354   74539 main.go:129] "found object" kind="CustomResourceDefinition" name="dataformrepositories.dataform.cnrm.cloud.google.com"
unit-tests	UNKNOWN STEP	2026-02-15T21:13:21.8322107Z I0215 21:13:21.808369   74539 main.go:129] "found object" kind="CustomResourceDefinition" name="datafusioninstances.datafusion.cnrm.cloud.google.com"
unit-tests	UNKNOWN STEP	2026-02-15T21:13:21.8323062Z I0215 21:13:21.808384   74539 main.go:129] "found object" kind="CustomResourceDefinition" name="dataplexentrygroups.dataplex.cnrm.cloud.google.com"
unit-tests	UNKNOWN STEP	2026-02-15T21:13:21.8323995Z I0215 21:13:21.808398   74539 main.go:129] "found object" kind="CustomResourceDefinition" name="dataplexentrytypes.dataplex.cnrm.cloud.google.com"
unit-tests	UNKNOWN STEP	2026-02-15T21:13:21.8325159Z I0215 21:13:21.808413   74539 main.go:129] "found object" kind="CustomResourceDefinition" name="dataplexlakes.dataplex.cnrm.cloud.google.com"
unit-tests	UNKNOWN STEP	2026-02-15T21:13:21.8326064Z I0215 21:13:21.808427   74539 main.go:129] "found object" kind="CustomResourceDefinition" name="dataplextasks.dataplex.cnrm.cloud.google.com"
unit-tests	UNKNOWN STEP	2026-02-15T21:13:21.8327114Z I0215 21:13:21.808441   74539 main.go:129] "found object" kind="CustomResourceDefinition" name="dataplexzones.dataplex.cnrm.cloud.google.com"
unit-tests	UNKNOWN STEP	2026-02-15T21:13:21.8328076Z I0215 21:13:21.808457   74539 main.go:129] "found object" kind="CustomResourceDefinition" name="dataprocautoscalingpolicies.dataproc.cnrm.cloud.google.com"
unit-tests	UNKNOWN STEP	2026-02-15T21:13:21.8329048Z I0215 21:13:21.808472   74539 main.go:129] "found object" kind="CustomResourceDefinition" name="dataprocbatches.dataproc.cnrm.cloud.google.com"
unit-tests	UNKNOWN STEP	2026-02-15T21:13:21.8329961Z I0215 21:13:21.808486   74539 main.go:129] "found object" kind="CustomResourceDefinition" name="dataprocclusters.dataproc.cnrm.cloud.google.com"
unit-tests	UNKNOWN STEP	2026-02-15T21:13:21.8330877Z I0215 21:13:21.808501   74539 main.go:129] "found object" kind="CustomResourceDefinition" name="dataprocjobs.dataproc.cnrm.cloud.google.com"
unit-tests	UNKNOWN STEP	2026-02-15T21:13:21.8332117Z I0215 21:13:21.808515   74539 main.go:129] "found object" kind="CustomResourceDefinition" name="dataprocnodegroups.dataproc.cnrm.cloud.google.com"
unit-tests	UNKNOWN STEP	2026-02-15T21:13:21.8333099Z I0215 21:13:21.808530   74539 main.go:129] "found object" kind="CustomResourceDefinition" name="dataprocworkflowtemplates.dataproc.cnrm.cloud.google.com"
unit-tests	UNKNOWN STEP	2026-02-15T21:13:21.8334067Z I0215 21:13:21.808544   74539 main.go:129] "found object" kind="CustomResourceDefinition" name="datastoreindexes.datastore.cnrm.cloud.google.com"
unit-tests	UNKNOWN STEP	2026-02-15T21:13:21.8335063Z I0215 21:13:21.808559   74539 main.go:129] "found object" kind="CustomResourceDefinition" name="datastreamconnectionprofiles.datastream.cnrm.cloud.google.com"
unit-tests	UNKNOWN STEP	2026-02-15T21:13:21.8336113Z I0215 21:13:21.808575   74539 main.go:129] "found object" kind="CustomResourceDefinition" name="datastreamprivateconnections.datastream.cnrm.cloud.google.com"
unit-tests	UNKNOWN STEP	2026-02-15T21:13:21.8337108Z I0215 21:13:21.808589   74539 main.go:129] "found object" kind="CustomResourceDefinition" name="datastreamroutes.datastream.cnrm.cloud.google.com"
unit-tests	UNKNOWN STEP	2026-02-15T21:13:21.8338052Z I0215 21:13:21.808609   74539 main.go:129] "found object" kind="CustomResourceDefinition" name="datastreamstreams.datastream.cnrm.cloud.google.com"
unit-tests	UNKNOWN STEP	2026-02-15T21:13:21.8339033Z I0215 21:13:21.808624   74539 main.go:129] "found object" kind="CustomResourceDefinition" name="deploycustomtargettypes.clouddeploy.cnrm.cloud.google.com"
unit-tests	UNKNOWN STEP	2026-02-15T21:13:21.8340282Z I0215 21:13:21.808640   74539 main.go:129] "found object" kind="CustomResourceDefinition" name="deploymentmanagerdeployments.deploymentmanager.cnrm.cloud.google.com"
unit-tests	UNKNOWN STEP	2026-02-15T21:13:21.8341412Z I0215 21:13:21.808654   74539 main.go:129] "found object" kind="CustomResourceDefinition" name="dialogflowagents.dialogflow.cnrm.cloud.google.com"
unit-tests	UNKNOWN STEP	2026-02-15T21:13:21.8342577Z I0215 21:13:21.808668   74539 main.go:129] "found object" kind="CustomResourceDefinition" name="dialogflowcxagents.dialogflowcx.cnrm.cloud.google.com"
unit-tests	UNKNOWN STEP	2026-02-15T21:13:21.8343765Z I0215 21:13:21.808682   74539 main.go:129] "found object" kind="CustomResourceDefinition" name="dialogflowcxentitytypes.dialogflowcx.cnrm.cloud.google.com"
unit-tests	UNKNOWN STEP	2026-02-15T21:13:21.8344764Z I0215 21:13:21.808696   74539 main.go:129] "found object" kind="CustomResourceDefinition" name="dialogflowcxflows.dialogflowcx.cnrm.cloud.google.com"
unit-tests	UNKNOWN STEP	2026-02-15T21:13:21.8345735Z I0215 21:13:21.808711   74539 main.go:129] "found object" kind="CustomResourceDefinition" name="dialogflowcxintents.dialogflowcx.cnrm.cloud.google.com"
unit-tests	UNKNOWN STEP	2026-02-15T21:13:21.8346704Z I0215 21:13:21.808725   74539 main.go:129] "found object" kind="CustomResourceDefinition" name="dialogflowcxpages.dialogflowcx.cnrm.cloud.google.com"
unit-tests	UNKNOWN STEP	2026-02-15T21:13:21.8347682Z I0215 21:13:21.808739   74539 main.go:129] "found object" kind="CustomResourceDefinition" name="dialogflowcxwebhooks.dialogflowcx.cnrm.cloud.google.com"
unit-tests	UNKNOWN STEP	2026-02-15T21:13:21.8348928Z I0215 21:13:21.808754   74539 main.go:129] "found object" kind="CustomResourceDefinition" name="dialogflowentitytypes.dialogflow.cnrm.cloud.google.com"
unit-tests	UNKNOWN STEP	2026-02-15T21:13:21.8349920Z I0215 21:13:21.808769   74539 main.go:129] "found object" kind="CustomResourceDefinition" name="dialogflowfulfillments.dialogflow.cnrm.cloud.google.com"
unit-tests	UNKNOWN STEP	2026-02-15T21:13:21.8350882Z I0215 21:13:21.808783   74539 main.go:129] "found object" kind="CustomResourceDefinition" name="dialogflowintents.dialogflow.cnrm.cloud.google.com"
unit-tests	UNKNOWN STEP	2026-02-15T21:13:21.8352055Z I0215 21:13:21.808797   74539 main.go:129] "found object" kind="CustomResourceDefinition" name="discoveryenginedatastores.discoveryengine.cnrm.cloud.google.com"
unit-tests	UNKNOWN STEP	2026-02-15T21:13:21.8353184Z I0215 21:13:21.808811   74539 main.go:129] "found object" kind="CustomResourceDefinition" name="discoveryenginedatastoretargetsites.discoveryengine.cnrm.cloud.google.com"
unit-tests	UNKNOWN STEP	2026-02-15T21:13:21.8354297Z I0215 21:13:21.808825   74539 main.go:129] "found object" kind="CustomResourceDefinition" name="discoveryengineengines.discoveryengine.cnrm.cloud.google.com"
unit-tests	UNKNOWN STEP	2026-02-15T21:13:21.8355294Z I0215 21:13:21.808840   74539 main.go:129] "found object" kind="CustomResourceDefinition" name="dlpdeidentifytemplates.dlp.cnrm.cloud.google.com"
unit-tests	UNKNOWN STEP	2026-02-15T21:13:21.8356210Z I0215 21:13:21.808856   74539 main.go:129] "found object" kind="CustomResourceDefinition" name="dlpinspecttemplates.dlp.cnrm.cloud.google.com"
unit-tests	UNKNOWN STEP	2026-02-15T21:13:21.8357091Z I0215 21:13:21.808870   74539 main.go:129] "found object" kind="CustomResourceDefinition" name="dlpjobtriggers.dlp.cnrm.cloud.google.com"
unit-tests	UNKNOWN STEP	2026-02-15T21:13:21.8357968Z I0215 21:13:21.808884   74539 main.go:129] "found object" kind="CustomResourceDefinition" name="dlpstoredinfotypes.dlp.cnrm.cloud.google.com"
unit-tests	UNKNOWN STEP	2026-02-15T21:13:21.8358845Z I0215 21:13:21.808898   74539 main.go:129] "found object" kind="CustomResourceDefinition" name="dnsmanagedzones.dns.cnrm.cloud.google.com"
unit-tests	UNKNOWN STEP	2026-02-15T21:13:21.8359692Z I0215 21:13:21.808913   74539 main.go:129] "found object" kind="CustomResourceDefinition" name="dnspolicies.dns.cnrm.cloud.google.com"
unit-tests	UNKNOWN STEP	2026-02-15T21:13:21.8360543Z I0215 21:13:21.808926   74539 main.go:129] "found object" kind="CustomResourceDefinition" name="dnsrecordsets.dns.cnrm.cloud.google.com"
unit-tests	UNKNOWN STEP	2026-02-15T21:13:21.8361514Z I0215 21:13:21.808940   74539 main.go:129] "found object" kind="CustomResourceDefinition" name="dnsresponsepolicies.dns.cnrm.cloud.google.com"
unit-tests	UNKNOWN STEP	2026-02-15T21:13:21.8362430Z I0215 21:13:21.808955   74539 main.go:129] "found object" kind="CustomResourceDefinition" name="dnsresponsepolicyrules.dns.cnrm.cloud.google.com"
unit-tests	UNKNOWN STEP	2026-02-15T21:13:21.8363457Z I0215 21:13:21.808969   74539 main.go:129] "found object" kind="CustomResourceDefinition" name="documentaiprocessordefaultversions.documentai.cnrm.cloud.google.com"
unit-tests	UNKNOWN STEP	2026-02-15T21:13:21.8364502Z I0215 21:13:21.808983   74539 main.go:129] "found object" kind="CustomResourceDefinition" name="documentaiprocessors.documentai.cnrm.cloud.google.com"
unit-tests	UNKNOWN STEP	2026-02-15T21:13:21.8365517Z I0215 21:13:21.808997   74539 main.go:129] "found object" kind="CustomResourceDefinition" name="documentaiprocessorversions.documentai.cnrm.cloud.google.com"
unit-tests	UNKNOWN STEP	2026-02-15T21:13:21.8366551Z I0215 21:13:21.809011   74539 main.go:129] "found object" kind="CustomResourceDefinition" name="edgecontainerclusters.edgecontainer.cnrm.cloud.google.com"
unit-tests	UNKNOWN STEP	2026-02-15T21:13:21.8367561Z I0215 21:13:21.809026   74539 main.go:129] "found object" kind="CustomResourceDefinition" name="edgecontainermachines.edgecontainer.cnrm.cloud.google.com"
unit-tests	UNKNOWN STEP	2026-02-15T21:13:21.8368574Z I0215 21:13:21.809040   74539 main.go:129] "found object" kind="CustomResourceDefinition" name="edgecontainernodepools.edgecontainer.cnrm.cloud.google.com"
unit-tests	UNKNOWN STEP	2026-02-15T21:13:21.8369619Z I0215 21:13:21.809056   74539 main.go:129] "found object" kind="CustomResourceDefinition" name="edgecontainervpnconnections.edgecontainer.cnrm.cloud.google.com"
unit-tests	UNKNOWN STEP	2026-02-15T21:13:21.8370642Z I0215 21:13:21.809071   74539 main.go:129] "found object" kind="CustomResourceDefinition" name="edgenetworknetworks.edgenetwork.cnrm.cloud.google.com"
unit-tests	UNKNOWN STEP	2026-02-15T21:13:21.8372093Z I0215 21:13:21.809085   74539 main.go:129] "found object" kind="CustomResourceDefinition" name="edgenetworksubnets.edgenetwork.cnrm.cloud.google.com"
unit-tests	UNKNOWN STEP	2026-02-15T21:13:21.8373139Z I0215 21:13:21.809100   74539 main.go:129] "found object" kind="CustomResourceDefinition" name="essentialcontactscontacts.essentialcontacts.cnrm.cloud.google.com"
unit-tests	UNKNOWN STEP	2026-02-15T21:13:21.8374148Z I0215 21:13:21.809128   74539 main.go:129] "found object" kind="CustomResourceDefinition" name="eventarcchannels.eventarc.cnrm.cloud.google.com"
unit-tests	UNKNOWN STEP	2026-02-15T21:13:21.8375132Z I0215 21:13:21.809137   74539 main.go:129] "found object" kind="CustomResourceDefinition" name="eventarcgooglechannelconfigs.eventarc.cnrm.cloud.google.com"
unit-tests	UNKNOWN STEP	2026-02-15T21:13:21.8376107Z I0215 21:13:21.809143   74539 main.go:129] "found object" kind="CustomResourceDefinition" name="eventarctriggers.eventarc.cnrm.cloud.google.com"
unit-tests	UNKNOWN STEP	2026-02-15T21:13:21.8377036Z I0215 21:13:21.809150   74539 main.go:129] "found object" kind="CustomResourceDefinition" name="filestorebackups.filestore.cnrm.cloud.google.com"
unit-tests	UNKNOWN STEP	2026-02-15T21:13:21.8377980Z I0215 21:13:21.809156   74539 main.go:129] "found object" kind="CustomResourceDefinition" name="filestoreinstances.filestore.cnrm.cloud.google.com"
unit-tests	UNKNOWN STEP	2026-02-15T21:13:21.8379120Z I0215 21:13:21.809162   74539 main.go:129] "found object" kind="CustomResourceDefinition" name="filestoresnapshots.filestore.cnrm.cloud.google.com"
unit-tests	UNKNOWN STEP	2026-02-15T21:13:21.8380231Z I0215 21:13:21.809169   74539 main.go:129] "found object" kind="CustomResourceDefinition" name="firebaseandroidapps.firebase.cnrm.cloud.google.com"
unit-tests	UNKNOWN STEP	2026-02-15T21:13:21.8381359Z I0215 21:13:21.809175   74539 main.go:129] "found object" kind="CustomResourceDefinition" name="firebasedatabaseinstances.firebasedatabase.cnrm.cloud.google.com"
unit-tests	UNKNOWN STEP	2026-02-15T21:13:21.8382434Z I0215 21:13:21.809182   74539 main.go:129] "found object" kind="CustomResourceDefinition" name="firebasehostingchannels.firebasehosting.cnrm.cloud.google.com"
unit-tests	UNKNOWN STEP	2026-02-15T21:13:21.8383484Z I0215 21:13:21.809189   74539 main.go:129] "found object" kind="CustomResourceDefinition" name="firebasehostingsites.firebasehosting.cnrm.cloud.google.com"
unit-tests	UNKNOWN STEP	2026-02-15T21:13:21.8384454Z I0215 21:13:21.809195   74539 main.go:129] "found object" kind="CustomResourceDefinition" name="firebaseprojects.firebase.cnrm.cloud.google.com"
unit-tests	UNKNOWN STEP	2026-02-15T21:13:21.8385436Z I0215 21:13:21.809202   74539 main.go:129] "found object" kind="CustomResourceDefinition" name="firebasestoragebuckets.firebasestorage.cnrm.cloud.google.com"
unit-tests	UNKNOWN STEP	2026-02-15T21:13:21.8386410Z I0215 21:13:21.809209   74539 main.go:129] "found object" kind="CustomResourceDefinition" name="firebasewebapps.firebase.cnrm.cloud.google.com"
unit-tests	UNKNOWN STEP	2026-02-15T21:13:21.8387362Z I0215 21:13:21.809215   74539 main.go:129] "found object" kind="CustomResourceDefinition" name="firestorebackupschedules.firestore.cnrm.cloud.google.com"
unit-tests	UNKNOWN STEP	2026-02-15T21:13:21.8388332Z I0215 21:13:21.809221   74539 main.go:129] "found object" kind="CustomResourceDefinition" name="firestoredatabases.firestore.cnrm.cloud.google.com"
unit-tests	UNKNOWN STEP	2026-02-15T21:13:21.8389280Z I0215 21:13:21.809228   74539 main.go:129] "found object" kind="CustomResourceDefinition" name="firestoredocuments.firestore.cnrm.cloud.google.com"
unit-tests	UNKNOWN STEP	2026-02-15T21:13:21.8390238Z I0215 21:13:21.809235   74539 main.go:129] "found object" kind="CustomResourceDefinition" name="firestorefields.firestore.cnrm.cloud.google.com"
unit-tests	UNKNOWN STEP	2026-02-15T21:13:21.8391256Z I0215 21:13:21.809247   74539 main.go:129] "found object" kind="CustomResourceDefinition" name="firestoreindexes.firestore.cnrm.cloud.google.com"
unit-tests	UNKNOWN STEP	2026-02-15T21:13:21.8392173Z I0215 21:13:21.809255   74539 main.go:129] "found object" kind="CustomResourceDefinition" name="folders.resourcemanager.cnrm.cloud.google.com"
unit-tests	UNKNOWN STEP	2026-02-15T21:13:21.8393115Z I0215 21:13:21.809263   74539 main.go:129] "found object" kind="CustomResourceDefinition" name="gkebackupbackupplans.gkebackup.cnrm.cloud.google.com"
unit-tests	UNKNOWN STEP	2026-02-15T21:13:21.8394067Z I0215 21:13:21.809275   74539 main.go:129] "found object" kind="CustomResourceDefinition" name="gkebackupbackups.gkebackup.cnrm.cloud.google.com"
unit-tests	UNKNOWN STEP	2026-02-15T21:13:21.8395280Z I0215 21:13:21.809282   74539 main.go:129] "found object" kind="CustomResourceDefinition" name="gkebackuprestoreplans.gkebackup.cnrm.cloud.google.com"
unit-tests	UNKNOWN STEP	2026-02-15T21:13:21.8396241Z I0215 21:13:21.809292   74539 main.go:129] "found object" kind="CustomResourceDefinition" name="gkebackuprestores.gkebackup.cnrm.cloud.google.com"
unit-tests	UNKNOWN STEP	2026-02-15T21:13:21.8397199Z I0215 21:13:21.809299   74539 main.go:129] "found object" kind="CustomResourceDefinition" name="gkehubfeaturememberships.gkehub.cnrm.cloud.google.com"
unit-tests	UNKNOWN STEP	2026-02-15T21:13:21.8398129Z I0215 21:13:21.809310   74539 main.go:129] "found object" kind="CustomResourceDefinition" name="gkehubfeatures.gkehub.cnrm.cloud.google.com"
unit-tests	UNKNOWN STEP	2026-02-15T21:13:21.8399033Z I0215 21:13:21.809317   74539 main.go:129] "found object" kind="CustomResourceDefinition" name="gkehubmemberships.gkehub.cnrm.cloud.google.com"
unit-tests	UNKNOWN STEP	2026-02-15T21:13:21.8399989Z I0215 21:13:21.809327   74539 main.go:129] "found object" kind="CustomResourceDefinition" name="healthcareconsentstores.healthcare.cnrm.cloud.google.com"
unit-tests	UNKNOWN STEP	2026-02-15T21:13:21.8400981Z I0215 21:13:21.809334   74539 main.go:129] "found object" kind="CustomResourceDefinition" name="healthcaredatasets.healthcare.cnrm.cloud.google.com"
unit-tests	UNKNOWN STEP	2026-02-15T21:13:21.8402060Z I0215 21:13:21.809341   74539 main.go:129] "found object" kind="CustomResourceDefinition" name="healthcaredicomstores.healthcare.cnrm.cloud.google.com"
unit-tests	UNKNOWN STEP	2026-02-15T21:13:21.8403041Z I0215 21:13:21.809351   74539 main.go:129] "found object" kind="CustomResourceDefinition" name="healthcarefhirstores.healthcare.cnrm.cloud.google.com"
unit-tests	UNKNOWN STEP	2026-02-15T21:13:21.8404011Z I0215 21:13:21.809358   74539 main.go:129] "found object" kind="CustomResourceDefinition" name="healthcarehl7v2stores.healthcare.cnrm.cloud.google.com"
unit-tests	UNKNOWN STEP	2026-02-15T21:13:21.8404968Z I0215 21:13:21.809369   74539 main.go:129] "found object" kind="CustomResourceDefinition" name="iamaccessboundarypolicies.iam.cnrm.cloud.google.com"
unit-tests	UNKNOWN STEP	2026-02-15T21:13:21.8405893Z I0215 21:13:21.809376   74539 main.go:129] "found object" kind="CustomResourceDefinition" name="iamauditconfigs.iam.cnrm.cloud.google.com"
unit-tests	UNKNOWN STEP	2026-02-15T21:13:21.8406766Z I0215 21:13:21.809384   74539 main.go:129] "found object" kind="CustomResourceDefinition" name="iamcustomroles.iam.cnrm.cloud.google.com"
unit-tests	UNKNOWN STEP	2026-02-15T21:13:21.8407647Z I0215 21:13:21.809393   74539 main.go:129] "found object" kind="CustomResourceDefinition" name="iamdenypolicies.iam.cnrm.cloud.google.com"
unit-tests	UNKNOWN STEP	2026-02-15T21:13:21.8408527Z I0215 21:13:21.809400   74539 main.go:129] "found object" kind="CustomResourceDefinition" name="iampartialpolicies.iam.cnrm.cloud.google.com"
unit-tests	UNKNOWN STEP	2026-02-15T21:13:21.8409402Z I0215 21:13:21.809406   74539 main.go:129] "found object" kind="CustomResourceDefinition" name="iampolicies.iam.cnrm.cloud.google.com"
unit-tests	UNKNOWN STEP	2026-02-15T21:13:21.8410262Z I0215 21:13:21.809417   74539 main.go:129] "found object" kind="CustomResourceDefinition" name="iampolicymembers.iam.cnrm.cloud.google.com"
unit-tests	UNKNOWN STEP	2026-02-15T21:13:21.8411264Z I0215 21:13:21.809424   74539 main.go:129] "found object" kind="CustomResourceDefinition" name="iamserviceaccountkeys.iam.cnrm.cloud.google.com"
unit-tests	UNKNOWN STEP	2026-02-15T21:13:21.8412179Z I0215 21:13:21.809434   74539 main.go:129] "found object" kind="CustomResourceDefinition" name="iamserviceaccounts.iam.cnrm.cloud.google.com"
unit-tests	UNKNOWN STEP	2026-02-15T21:13:21.8413108Z I0215 21:13:21.809441   74539 main.go:129] "found object" kind="CustomResourceDefinition" name="iamworkforcepoolproviders.iam.cnrm.cloud.google.com"
unit-tests	UNKNOWN STEP	2026-02-15T21:13:21.8414032Z I0215 21:13:21.809448   74539 main.go:129] "found object" kind="CustomResourceDefinition" name="iamworkforcepools.iam.cnrm.cloud.google.com"
unit-tests	UNKNOWN STEP	2026-02-15T21:13:21.8414999Z I0215 21:13:21.809460   74539 main.go:129] "found object" kind="CustomResourceDefinition" name="iamworkloadidentitypoolproviders.iam.cnrm.cloud.google.com"
unit-tests	UNKNOWN STEP	2026-02-15T21:13:21.8415991Z I0215 21:13:21.809467   74539 main.go:129] "found object" kind="CustomResourceDefinition" name="iamworkloadidentitypools.iam.cnrm.cloud.google.com"
unit-tests	UNKNOWN STEP	2026-02-15T21:13:21.8417110Z I0215 21:13:21.809478   74539 main.go:129] "found object" kind="CustomResourceDefinition" name="iapbrands.iap.cnrm.cloud.google.com"
unit-tests	UNKNOWN STEP	2026-02-15T21:13:21.8418026Z I0215 21:13:21.809485   74539 main.go:129] "found object" kind="CustomResourceDefinition" name="iapidentityawareproxyclients.iap.cnrm.cloud.google.com"
unit-tests	UNKNOWN STEP	2026-02-15T21:13:21.8418942Z I0215 21:13:21.809495   74539 main.go:129] "found object" kind="CustomResourceDefinition" name="iapsettings.iap.cnrm.cloud.google.com"
unit-tests	UNKNOWN STEP	2026-02-15T21:13:21.8419902Z I0215 21:13:21.809503   74539 main.go:129] "found object" kind="CustomResourceDefinition" name="identityplatformconfigs.identityplatform.cnrm.cloud.google.com"
unit-tests	UNKNOWN STEP	2026-02-15T21:13:21.8421169Z I0215 21:13:21.809516   74539 main.go:129] "found object" kind="CustomResourceDefinition" name="identityplatformdefaultsupportedidpconfigs.identityplatform.cnrm.cloud.google.com"
unit-tests	UNKNOWN STEP	2026-02-15T21:13:21.8422404Z I0215 21:13:21.809526   74539 main.go:129] "found object" kind="CustomResourceDefinition" name="identityplatforminboundsamlconfigs.identityplatform.cnrm.cloud.google.com"
unit-tests	UNKNOWN STEP	2026-02-15T21:13:21.8423587Z I0215 21:13:21.809535   74539 main.go:129] "found object" kind="CustomResourceDefinition" name="identityplatformoauthidpconfigs.identityplatform.cnrm.cloud.google.com"
unit-tests	UNKNOWN STEP	2026-02-15T21:13:21.8424772Z I0215 21:13:21.809544   74539 main.go:129] "found object" kind="CustomResourceDefinition" name="identityplatformprojectdefaultconfigs.identityplatform.cnrm.cloud.google.com"
unit-tests	UNKNOWN STEP	2026-02-15T21:13:21.8426045Z I0215 21:13:21.809551   74539 main.go:129] "found object" kind="CustomResourceDefinition" name="identityplatformtenantdefaultsupportedidpconfigs.identityplatform.cnrm.cloud.google.com"
unit-tests	UNKNOWN STEP	2026-02-15T21:13:21.8439429Z I0215 21:13:21.809559   74539 main.go:129] "found object" kind="CustomResourceDefinition" name="identityplatformtenantinboundsamlconfigs.identityplatform.cnrm.cloud.google.com"
unit-tests	UNKNOWN STEP	2026-02-15T21:13:21.8441222Z I0215 21:13:21.809570   74539 main.go:129] "found object" kind="CustomResourceDefinition" name="identityplatformtenantoauthidpconfigs.identityplatform.cnrm.cloud.google.com"
unit-tests	UNKNOWN STEP	2026-02-15T21:13:21.8442422Z I0215 21:13:21.809578   74539 main.go:129] "found object" kind="CustomResourceDefinition" name="identityplatformtenants.identityplatform.cnrm.cloud.google.com"
unit-tests	UNKNOWN STEP	2026-02-15T21:13:21.8443415Z I0215 21:13:21.809588   74539 main.go:129] "found object" kind="CustomResourceDefinition" name="kmsautokeyconfigs.kms.cnrm.cloud.google.com"
unit-tests	UNKNOWN STEP	2026-02-15T21:13:21.8444304Z I0215 21:13:21.809595   74539 main.go:129] "found object" kind="CustomResourceDefinition" name="kmscryptokeys.kms.cnrm.cloud.google.com"
unit-tests	UNKNOWN STEP	2026-02-15T21:13:21.8445201Z I0215 21:13:21.809605   74539 main.go:129] "found object" kind="CustomResourceDefinition" name="kmscryptokeyversions.kms.cnrm.cloud.google.com"
unit-tests	UNKNOWN STEP	2026-02-15T21:13:21.8446112Z I0215 21:13:21.809617   74539 main.go:129] "found object" kind="CustomResourceDefinition" name="kmsimportjobs.kms.cnrm.cloud.google.com"
unit-tests	UNKNOWN STEP	2026-02-15T21:13:21.8446958Z I0215 21:13:21.809624   74539 main.go:129] "found object" kind="CustomResourceDefinition" name="kmskeyhandles.kms.cnrm.cloud.google.com"
unit-tests	UNKNOWN STEP	2026-02-15T21:13:21.8447844Z I0215 21:13:21.809634   74539 main.go:129] "found object" kind="CustomResourceDefinition" name="kmskeyringimportjobs.kms.cnrm.cloud.google.com"
unit-tests	UNKNOWN STEP	2026-02-15T21:13:21.8448721Z I0215 21:13:21.809641   74539 main.go:129] "found object" kind="CustomResourceDefinition" name="kmskeyrings.kms.cnrm.cloud.google.com"
unit-tests	UNKNOWN STEP	2026-02-15T21:13:21.8449588Z I0215 21:13:21.809648   74539 main.go:129] "found object" kind="CustomResourceDefinition" name="kmssecretciphertexts.kms.cnrm.cloud.google.com"
unit-tests	UNKNOWN STEP	2026-02-15T21:13:21.8450468Z I0215 21:13:21.809658   74539 main.go:129] "found object" kind="CustomResourceDefinition" name="logginglinks.logging.cnrm.cloud.google.com"
unit-tests	UNKNOWN STEP	2026-02-15T21:13:21.8451642Z I0215 21:13:21.809665   74539 main.go:129] "found object" kind="CustomResourceDefinition" name="logginglogbuckets.logging.cnrm.cloud.google.com"
unit-tests	UNKNOWN STEP	2026-02-15T21:13:21.8452591Z I0215 21:13:21.809676   74539 main.go:129] "found object" kind="CustomResourceDefinition" name="logginglogexclusions.logging.cnrm.cloud.google.com"
unit-tests	UNKNOWN STEP	2026-02-15T21:13:21.8453833Z I0215 21:13:21.809683   74539 main.go:129] "found object" kind="CustomResourceDefinition" name="logginglogmetrics.logging.cnrm.cloud.google.com"
unit-tests	UNKNOWN STEP	2026-02-15T21:13:21.8454738Z I0215 21:13:21.809693   74539 main.go:129] "found object" kind="CustomResourceDefinition" name="logginglogsinks.logging.cnrm.cloud.google.com"
unit-tests	UNKNOWN STEP	2026-02-15T21:13:21.8455629Z I0215 21:13:21.809700   74539 main.go:129] "found object" kind="CustomResourceDefinition" name="logginglogviews.logging.cnrm.cloud.google.com"
unit-tests	UNKNOWN STEP	2026-02-15T21:13:21.8456565Z I0215 21:13:21.809711   74539 main.go:129] "found object" kind="CustomResourceDefinition" name="managedkafkaclusters.managedkafka.cnrm.cloud.google.com"
unit-tests	UNKNOWN STEP	2026-02-15T21:13:21.8457580Z I0215 21:13:21.809719   74539 main.go:129] "found object" kind="CustomResourceDefinition" name="managedkafkaconsumergroups.managedkafka.cnrm.cloud.google.com"
unit-tests	UNKNOWN STEP	2026-02-15T21:13:21.8458593Z I0215 21:13:21.809730   74539 main.go:129] "found object" kind="CustomResourceDefinition" name="managedkafkatopics.managedkafka.cnrm.cloud.google.com"
unit-tests	UNKNOWN STEP	2026-02-15T21:13:21.8459531Z I0215 21:13:21.809737   74539 main.go:129] "found object" kind="CustomResourceDefinition" name="memcacheinstances.memcache.cnrm.cloud.google.com"
unit-tests	UNKNOWN STEP	2026-02-15T21:13:21.8460478Z I0215 21:13:21.809748   74539 main.go:129] "found object" kind="CustomResourceDefinition" name="memorystoreinstances.memorystore.cnrm.cloud.google.com"
unit-tests	UNKNOWN STEP	2026-02-15T21:13:21.8461543Z I0215 21:13:21.809755   74539 main.go:129] "found object" kind="CustomResourceDefinition" name="metastorebackups.metastore.cnrm.cloud.google.com"
unit-tests	UNKNOWN STEP	2026-02-15T21:13:21.8462481Z I0215 21:13:21.809766   74539 main.go:129] "found object" kind="CustomResourceDefinition" name="metastorefederations.metastore.cnrm.cloud.google.com"
unit-tests	UNKNOWN STEP	2026-02-15T21:13:21.8463413Z I0215 21:13:21.809773   74539 main.go:129] "found object" kind="CustomResourceDefinition" name="metastoreservices.metastore.cnrm.cloud.google.com"
unit-tests	UNKNOWN STEP	2026-02-15T21:13:21.8464332Z I0215 21:13:21.809781   74539 main.go:129] "found object" kind="CustomResourceDefinition" name="mlenginemodels.mlengine.cnrm.cloud.google.com"
unit-tests	UNKNOWN STEP	2026-02-15T21:13:21.8465285Z I0215 21:13:21.809787   74539 main.go:129] "found object" kind="CustomResourceDefinition" name="monitoringalertpolicies.monitoring.cnrm.cloud.google.com"
unit-tests	UNKNOWN STEP	2026-02-15T21:13:21.8466262Z I0215 21:13:21.809797   74539 main.go:129] "found object" kind="CustomResourceDefinition" name="monitoringdashboards.monitoring.cnrm.cloud.google.com"
unit-tests	UNKNOWN STEP	2026-02-15T21:13:21.8467237Z I0215 21:13:21.809805   74539 main.go:129] "found object" kind="CustomResourceDefinition" name="monitoringgroups.monitoring.cnrm.cloud.google.com"
unit-tests	UNKNOWN STEP	2026-02-15T21:13:21.8468228Z I0215 21:13:21.809815   74539 main.go:129] "found object" kind="CustomResourceDefinition" name="monitoringmetricdescriptors.monitoring.cnrm.cloud.google.com"
unit-tests	UNKNOWN STEP	2026-02-15T21:13:21.8469268Z I0215 21:13:21.809822   74539 main.go:129] "found object" kind="CustomResourceDefinition" name="monitoringmonitoredprojects.monitoring.cnrm.cloud.google.com"
unit-tests	UNKNOWN STEP	2026-02-15T21:13:21.8470329Z I0215 21:13:21.809831   74539 main.go:129] "found object" kind="CustomResourceDefinition" name="monitoringnotificationchannels.monitoring.cnrm.cloud.google.com"
unit-tests	UNKNOWN STEP	2026-02-15T21:13:21.8471532Z I0215 21:13:21.809838   74539 main.go:129] "found object" kind="CustomResourceDefinition" name="monitoringservicelevelobjectives.monitoring.cnrm.cloud.google.com"
unit-tests	UNKNOWN STEP	2026-02-15T21:13:21.8472553Z I0215 21:13:21.809846   74539 main.go:129] "found object" kind="CustomResourceDefinition" name="monitoringservices.monitoring.cnrm.cloud.google.com"
unit-tests	UNKNOWN STEP	2026-02-15T21:13:21.8473576Z I0215 21:13:21.809853   74539 main.go:129] "found object" kind="CustomResourceDefinition" name="monitoringuptimecheckconfigs.monitoring.cnrm.cloud.google.com"
unit-tests	UNKNOWN STEP	2026-02-15T21:13:21.8474589Z I0215 21:13:21.809861   74539 main.go:129] "found object" kind="CustomResourceDefinition" name="netappbackuppolicies.netapp.cnrm.cloud.google.com"
unit-tests	UNKNOWN STEP	2026-02-15T21:13:21.8475698Z I0215 21:13:21.809868   74539 main.go:129] "found object" kind="CustomResourceDefinition" name="netappbackupvaults.netapp.cnrm.cloud.google.com"
unit-tests	UNKNOWN STEP	2026-02-15T21:13:21.8476809Z I0215 21:13:21.809876   74539 main.go:129] "found object" kind="CustomResourceDefinition" name="networkconnectivityhubs.networkconnectivity.cnrm.cloud.google.com"
unit-tests	UNKNOWN STEP	2026-02-15T21:13:21.8477950Z I0215 21:13:21.809883   74539 main.go:129] "found object" kind="CustomResourceDefinition" name="networkconnectivityinternalranges.networkconnectivity.cnrm.cloud.google.com"
unit-tests	UNKNOWN STEP	2026-02-15T21:13:21.8479206Z I0215 21:13:21.809892   74539 main.go:129] "found object" kind="CustomResourceDefinition" name="networkconnectivityserviceconnectionpolicies.networkconnectivity.cnrm.cloud.google.com"
unit-tests	UNKNOWN STEP	2026-02-15T21:13:21.8480419Z I0215 21:13:21.809899   74539 main.go:129] "found object" kind="CustomResourceDefinition" name="networkconnectivityspokes.networkconnectivity.cnrm.cloud.google.com"
unit-tests	UNKNOWN STEP	2026-02-15T21:13:21.8481699Z I0215 21:13:21.810168   74539 main.go:129] "found object" kind="CustomResourceDefinition" name="networkmanagementconnectivitytests.networkmanagement.cnrm.cloud.google.com"
unit-tests	UNKNOWN STEP	2026-02-15T21:13:21.8482895Z I0215 21:13:21.810183   74539 main.go:129] "found object" kind="CustomResourceDefinition" name="networksecurityauthorizationpolicies.networksecurity.cnrm.cloud.google.com"
unit-tests	UNKNOWN STEP	2026-02-15T21:13:21.8484055Z I0215 21:13:21.810191   74539 main.go:129] "found object" kind="CustomResourceDefinition" name="networksecurityclienttlspolicies.networksecurity.cnrm.cloud.google.com"
unit-tests	UNKNOWN STEP	2026-02-15T21:13:21.8485190Z I0215 21:13:21.810198   74539 main.go:129] "found object" kind="CustomResourceDefinition" name="networksecurityservertlspolicies.networksecurity.cnrm.cloud.google.com"
unit-tests	UNKNOWN STEP	2026-02-15T21:13:21.8486330Z I0215 21:13:21.810205   74539 main.go:129] "found object" kind="CustomResourceDefinition" name="networkservicesedgecachekeysets.networkservices.cnrm.cloud.google.com"
unit-tests	UNKNOWN STEP	2026-02-15T21:13:21.8487457Z I0215 21:13:21.810212   74539 main.go:129] "found object" kind="CustomResourceDefinition" name="networkservicesedgecacheorigins.networkservices.cnrm.cloud.google.com"
unit-tests	UNKNOWN STEP	2026-02-15T21:13:21.8488883Z I0215 21:13:21.810220   74539 main.go:129] "found object" kind="CustomResourceDefinition" name="networkservicesedgecacheservices.networkservices.cnrm.cloud.google.com"
unit-tests	UNKNOWN STEP	2026-02-15T21:13:21.8490880Z I0215 21:13:21.810226   74539 main.go:129] "found object" kind="CustomResourceDefinition" name="networkservicesendpointpolicies.networkservices.cnrm.cloud.google.com"
unit-tests	UNKNOWN STEP	2026-02-15T21:13:21.8493066Z I0215 21:13:21.810232   74539 main.go:129] "found object" kind="CustomResourceDefinition" name="networkservicesgateways.networkservices.cnrm.cloud.google.com"
unit-tests	UNKNOWN STEP	2026-02-15T21:13:21.8495068Z I0215 21:13:21.810239   74539 main.go:129] "found object" kind="CustomResourceDefinition" name="networkservicesgrpcroutes.networkservices.cnrm.cloud.google.com"
unit-tests	UNKNOWN STEP	2026-02-15T21:13:21.8496394Z I0215 21:13:21.810246   74539 main.go:129] "found object" kind="CustomResourceDefinition" name="networkserviceshttproutes.networkservices.cnrm.cloud.google.com"
unit-tests	UNKNOWN STEP	2026-02-15T21:13:21.8497938Z I0215 21:13:21.810253   74539 main.go:129] "found object" kind="CustomResourceDefinition" name="networkservicesmeshes.networkservices.cnrm.cloud.google.com"
unit-tests	UNKNOWN STEP	2026-02-15T21:13:21.8499028Z I0215 21:13:21.810259   74539 main.go:129] "found object" kind="CustomResourceDefinition" name="networkservicesservicebindings.networkservices.cnrm.cloud.google.com"
unit-tests	UNKNOWN STEP	2026-02-15T21:13:21.8501275Z I0215 21:13:21.810266   74539 main.go:129] "found object" kind="CustomResourceDefinition" name="networkservicestcproutes.networkservices.cnrm.cloud.google.com"
unit-tests	UNKNOWN STEP	2026-02-15T21:13:21.8503282Z I0215 21:13:21.810273   74539 main.go:129] "found object" kind="CustomResourceDefinition" name="networkservicestlsroutes.networkservices.cnrm.cloud.google.com"
unit-tests	UNKNOWN STEP	2026-02-15T21:13:21.8505153Z I0215 21:13:21.810280   74539 main.go:129] "found object" kind="CustomResourceDefinition" name="notebookinstances.notebooks.cnrm.cloud.google.com"
unit-tests	UNKNOWN STEP	2026-02-15T21:13:21.8506936Z I0215 21:13:21.810286   74539 main.go:129] "found object" kind="CustomResourceDefinition" name="notebooksenvironments.notebooks.cnrm.cloud.google.com"
unit-tests	UNKNOWN STEP	2026-02-15T21:13:21.8509243Z I0215 21:13:21.810293   74539 main.go:129] "found object" kind="CustomResourceDefinition" name="orgpolicycustomconstraints.orgpolicy.cnrm.cloud.google.com"
unit-tests	UNKNOWN STEP	2026-02-15T21:13:21.8511303Z I0215 21:13:21.810299   74539 main.go:129] "found object" kind="CustomResourceDefinition" name="orgpolicypolicies.orgpolicy.cnrm.cloud.google.com"
unit-tests	UNKNOWN STEP	2026-02-15T21:13:21.8513107Z I0215 21:13:21.810307   74539 main.go:129] "found object" kind="CustomResourceDefinition" name="osconfigguestpolicies.osconfig.cnrm.cloud.google.com"
unit-tests	UNKNOWN STEP	2026-02-15T21:13:21.8514968Z I0215 21:13:21.810316   74539 main.go:129] "found object" kind="CustomResourceDefinition" name="osconfigospolicyassignments.osconfig.cnrm.cloud.google.com"
unit-tests	UNKNOWN STEP	2026-02-15T21:13:21.8516843Z I0215 21:13:21.810322   74539 main.go:129] "found object" kind="CustomResourceDefinition" name="osconfigpatchdeployments.osconfig.cnrm.cloud.google.com"
unit-tests	UNKNOWN STEP	2026-02-15T21:13:21.8518670Z I0215 21:13:21.810329   74539 main.go:129] "found object" kind="CustomResourceDefinition" name="osloginsshpublickeys.oslogin.cnrm.cloud.google.com"
unit-tests	UNKNOWN STEP	2026-02-15T21:13:21.8520570Z I0215 21:13:21.810336   74539 main.go:129] "found object" kind="CustomResourceDefinition" name="parametermanagerparameters.parametermanager.cnrm.cloud.google.com"
unit-tests	UNKNOWN STEP	2026-02-15T21:13:21.8522688Z I0215 21:13:21.810342   74539 main.go:129] "found object" kind="CustomResourceDefinition" name="privatecacapools.privateca.cnrm.cloud.google.com"
unit-tests	UNKNOWN STEP	2026-02-15T21:13:21.8524561Z I0215 21:13:21.810349   74539 main.go:129] "found object" kind="CustomResourceDefinition" name="privatecacertificateauthorities.privateca.cnrm.cloud.google.com"
unit-tests	UNKNOWN STEP	2026-02-15T21:13:21.8526447Z I0215 21:13:21.810356   74539 main.go:129] "found object" kind="CustomResourceDefinition" name="privatecacertificates.privateca.cnrm.cloud.google.com"
unit-tests	UNKNOWN STEP	2026-02-15T21:13:21.8528311Z I0215 21:13:21.810363   74539 main.go:129] "found object" kind="CustomResourceDefinition" name="privatecacertificatetemplates.privateca.cnrm.cloud.google.com"
unit-tests	UNKNOWN STEP	2026-02-15T21:13:21.8530480Z I0215 21:13:21.810370   74539 main.go:129] "found object" kind="CustomResourceDefinition" name="privilegedaccessmanagerentitlements.privilegedaccessmanager.cnrm.cloud.google.com"
unit-tests	UNKNOWN STEP	2026-02-15T21:13:21.8532688Z I0215 21:13:21.810377   74539 main.go:129] "found object" kind="CustomResourceDefinition" name="projects.resourcemanager.cnrm.cloud.google.com"
unit-tests	UNKNOWN STEP	2026-02-15T21:13:21.8534460Z I0215 21:13:21.810383   74539 main.go:129] "found object" kind="CustomResourceDefinition" name="pubsublitereservations.pubsublite.cnrm.cloud.google.com"
unit-tests	UNKNOWN STEP	2026-02-15T21:13:21.8536307Z I0215 21:13:21.810389   74539 main.go:129] "found object" kind="CustomResourceDefinition" name="pubsublitesubscriptions.pubsublite.cnrm.cloud.google.com"
unit-tests	UNKNOWN STEP	2026-02-15T21:13:21.8538089Z I0215 21:13:21.810395   74539 main.go:129] "found object" kind="CustomResourceDefinition" name="pubsublitetopics.pubsublite.cnrm.cloud.google.com"
unit-tests	UNKNOWN STEP	2026-02-15T21:13:21.8539762Z I0215 21:13:21.810402   74539 main.go:129] "found object" kind="CustomResourceDefinition" name="pubsubschemas.pubsub.cnrm.cloud.google.com"
unit-tests	UNKNOWN STEP	2026-02-15T21:13:21.8541556Z I0215 21:13:21.810407   74539 main.go:129] "found object" kind="CustomResourceDefinition" name="pubsubsnapshots.pubsub.cnrm.cloud.google.com"
unit-tests	UNKNOWN STEP	2026-02-15T21:13:21.8543256Z I0215 21:13:21.810413   74539 main.go:129] "found object" kind="CustomResourceDefinition" name="pubsubsubscriptions.pubsub.cnrm.cloud.google.com"
unit-tests	UNKNOWN STEP	2026-02-15T21:13:21.8544926Z I0215 21:13:21.810420   74539 main.go:129] "found object" kind="CustomResourceDefinition" name="pubsubtopics.pubsub.cnrm.cloud.google.com"
unit-tests	UNKNOWN STEP	2026-02-15T21:13:21.8546865Z I0215 21:13:21.810426   74539 main.go:129] "found object" kind="CustomResourceDefinition" name="recaptchaenterprisefirewallpolicies.recaptchaenterprise.cnrm.cloud.google.com"
unit-tests	UNKNOWN STEP	2026-02-15T21:13:21.8548993Z I0215 21:13:21.810433   74539 main.go:129] "found object" kind="CustomResourceDefinition" name="recaptchaenterprisekeys.recaptchaenterprise.cnrm.cloud.google.com"
unit-tests	UNKNOWN STEP	2026-02-15T21:13:21.8551410Z I0215 21:13:21.810439   74539 main.go:129] "found object" kind="CustomResourceDefinition" name="redisclusters.redis.cnrm.cloud.google.com"
unit-tests	UNKNOWN STEP	2026-02-15T21:13:21.8553105Z I0215 21:13:21.810445   74539 main.go:129] "found object" kind="CustomResourceDefinition" name="redisinstances.redis.cnrm.cloud.google.com"
unit-tests	UNKNOWN STEP	2026-02-15T21:13:21.8554883Z I0215 21:13:21.810452   74539 main.go:129] "found object" kind="CustomResourceDefinition" name="resourcemanagerliens.resourcemanager.cnrm.cloud.google.com"
unit-tests	UNKNOWN STEP	2026-02-15T21:13:21.8556825Z I0215 21:13:21.810459   74539 main.go:129] "found object" kind="CustomResourceDefinition" name="resourcemanagerpolicies.resourcemanager.cnrm.cloud.google.com"
unit-tests	UNKNOWN STEP	2026-02-15T21:13:21.8558516Z I0215 21:13:21.810471   74539 main.go:129] "found object" kind="CustomResourceDefinition" name="runjobs.run.cnrm.cloud.google.com"
unit-tests	UNKNOWN STEP	2026-02-15T21:13:21.8560009Z I0215 21:13:21.810478   74539 main.go:129] "found object" kind="CustomResourceDefinition" name="runservices.run.cnrm.cloud.google.com"
unit-tests	UNKNOWN STEP	2026-02-15T21:13:21.8561893Z I0215 21:13:21.810485   74539 main.go:129] "found object" kind="CustomResourceDefinition" name="secretmanagersecrets.secretmanager.cnrm.cloud.google.com"
unit-tests	UNKNOWN STEP	2026-02-15T21:13:21.8563823Z I0215 21:13:21.810493   74539 main.go:129] "found object" kind="CustomResourceDefinition" name="secretmanagersecretversions.secretmanager.cnrm.cloud.google.com"
unit-tests	UNKNOWN STEP	2026-02-15T21:13:21.8565874Z I0215 21:13:21.810501   74539 main.go:129] "found object" kind="CustomResourceDefinition" name="securesourcemanagerinstances.securesourcemanager.cnrm.cloud.google.com"
unit-tests	UNKNOWN STEP	2026-02-15T21:13:21.8567368Z I0215 21:13:21.810508   74539 main.go:129] "found object" kind="CustomResourceDefinition" name="securesourcemanagerrepositories.securesourcemanager.cnrm.cloud.google.com"
unit-tests	UNKNOWN STEP	2026-02-15T21:13:21.8569600Z I0215 21:13:21.810516   74539 main.go:129] "found object" kind="CustomResourceDefinition" name="securitycenternotificationconfigs.securitycenter.cnrm.cloud.google.com"
unit-tests	UNKNOWN STEP	2026-02-15T21:13:21.8571812Z I0215 21:13:21.810523   74539 main.go:129] "found object" kind="CustomResourceDefinition" name="securitycentersources.securitycenter.cnrm.cloud.google.com"
unit-tests	UNKNOWN STEP	2026-02-15T21:13:21.8573805Z I0215 21:13:21.810530   74539 main.go:129] "found object" kind="CustomResourceDefinition" name="servicedirectoryendpoints.servicedirectory.cnrm.cloud.google.com"
unit-tests	UNKNOWN STEP	2026-02-15T21:13:21.8575668Z I0215 21:13:21.810538   74539 main.go:129] "found object" kind="CustomResourceDefinition" name="servicedirectorynamespaces.servicedirectory.cnrm.cloud.google.com"
unit-tests	UNKNOWN STEP	2026-02-15T21:13:21.8576787Z I0215 21:13:21.810546   74539 main.go:129] "found object" kind="CustomResourceDefinition" name="servicedirectoryservices.servicedirectory.cnrm.cloud.google.com"
unit-tests	UNKNOWN STEP	2026-02-15T21:13:21.8577824Z I0215 21:13:21.810560   74539 main.go:129] "found object" kind="CustomResourceDefinition" name="serviceidentities.serviceusage.cnrm.cloud.google.com"
unit-tests	UNKNOWN STEP	2026-02-15T21:13:21.8578883Z I0215 21:13:21.810567   74539 main.go:129] "found object" kind="CustomResourceDefinition" name="servicenetworkingconnections.servicenetworking.cnrm.cloud.google.com"
unit-tests	UNKNOWN STEP	2026-02-15T21:13:21.8580561Z I0215 21:13:21.810574   74539 main.go:129] "found object" kind="CustomResourceDefinition" name="servicenetworkingpeereddnsdomains.servicenetworking.cnrm.cloud.google.com"
unit-tests	UNKNOWN STEP	2026-02-15T21:13:21.8582167Z I0215 21:13:21.810581   74539 main.go:129] "found object" kind="CustomResourceDefinition" name="services.serviceusage.cnrm.cloud.google.com"
unit-tests	UNKNOWN STEP	2026-02-15T21:13:21.8583189Z I0215 21:13:21.810590   74539 main.go:129] "found object" kind="CustomResourceDefinition" name="serviceusageconsumerquotaoverrides.serviceusage.cnrm.cloud.google.com"
unit-tests	UNKNOWN STEP	2026-02-15T21:13:21.8584575Z I0215 21:13:21.810597   74539 main.go:129] "found object" kind="CustomResourceDefinition" name="sourcereporepositories.sourcerepo.cnrm.cloud.google.com"
unit-tests	UNKNOWN STEP	2026-02-15T21:13:21.8585692Z I0215 21:13:21.810603   74539 main.go:129] "found object" kind="CustomResourceDefinition" name="spannerbackupschedules.spanner.cnrm.cloud.google.com"
unit-tests	UNKNOWN STEP	2026-02-15T21:13:21.8586952Z I0215 21:13:21.810610   74539 main.go:129] "found object" kind="CustomResourceDefinition" name="spannerdatabases.spanner.cnrm.cloud.google.com"
unit-tests	UNKNOWN STEP	2026-02-15T21:13:21.8587914Z I0215 21:13:21.810617   74539 main.go:129] "found object" kind="CustomResourceDefinition" name="spannerinstanceconfigs.spanner.cnrm.cloud.google.com"
unit-tests	UNKNOWN STEP	2026-02-15T21:13:21.8588855Z I0215 21:13:21.810651   74539 main.go:129] "found object" kind="CustomResourceDefinition" name="spannerinstances.spanner.cnrm.cloud.google.com"
unit-tests	UNKNOWN STEP	2026-02-15T21:13:21.8590008Z I0215 21:13:21.810667   74539 main.go:129] "found object" kind="CustomResourceDefinition" name="speechcustomclasses.speech.cnrm.cloud.google.com"
unit-tests	UNKNOWN STEP	2026-02-15T21:13:21.8591644Z I0215 21:13:21.810683   74539 main.go:129] "found object" kind="CustomResourceDefinition" name="speechphrasesets.speech.cnrm.cloud.google.com"
unit-tests	UNKNOWN STEP	2026-02-15T21:13:21.8592816Z I0215 21:13:21.810699   74539 main.go:129] "found object" kind="CustomResourceDefinition" name="speechrecognizers.speech.cnrm.cloud.google.com"
unit-tests	UNKNOWN STEP	2026-02-15T21:13:21.8593979Z I0215 21:13:21.810714   74539 main.go:129] "found object" kind="CustomResourceDefinition" name="sqldatabases.sql.cnrm.cloud.google.com"
unit-tests	UNKNOWN STEP	2026-02-15T21:13:21.8594837Z I0215 21:13:21.810729   74539 main.go:129] "found object" kind="CustomResourceDefinition" name="sqlinstances.sql.cnrm.cloud.google.com"
unit-tests	UNKNOWN STEP	2026-02-15T21:13:21.8595673Z I0215 21:13:21.810743   74539 main.go:129] "found object" kind="CustomResourceDefinition" name="sqlsslcerts.sql.cnrm.cloud.google.com"
unit-tests	UNKNOWN STEP	2026-02-15T21:13:21.8596831Z I0215 21:13:21.810757   74539 main.go:129] "found object" kind="CustomResourceDefinition" name="sqlusers.sql.cnrm.cloud.google.com"
unit-tests	UNKNOWN STEP	2026-02-15T21:13:21.8598037Z I0215 21:13:21.810772   74539 main.go:129] "found object" kind="CustomResourceDefinition" name="storageanywherecaches.storage.cnrm.cloud.google.com"
unit-tests	UNKNOWN STEP	2026-02-15T21:13:21.8599130Z I0215 21:13:21.810788   74539 main.go:129] "found object" kind="CustomResourceDefinition" name="storagebucketaccesscontrols.storage.cnrm.cloud.google.com"
unit-tests	UNKNOWN STEP	2026-02-15T21:13:21.8600121Z I0215 21:13:21.810802   74539 main.go:129] "found object" kind="CustomResourceDefinition" name="storagebuckets.storage.cnrm.cloud.google.com"
unit-tests	UNKNOWN STEP	2026-02-15T21:13:21.8601424Z I0215 21:13:21.810816   74539 main.go:129] "found object" kind="CustomResourceDefinition" name="storagedefaultobjectaccesscontrols.storage.cnrm.cloud.google.com"
unit-tests	UNKNOWN STEP	2026-02-15T21:13:21.8602451Z I0215 21:13:21.810830   74539 main.go:129] "found object" kind="CustomResourceDefinition" name="storagefolders.storage.cnrm.cloud.google.com"
unit-tests	UNKNOWN STEP	2026-02-15T21:13:21.8603358Z I0215 21:13:21.810845   74539 main.go:129] "found object" kind="CustomResourceDefinition" name="storagehmackeys.storage.cnrm.cloud.google.com"
unit-tests	UNKNOWN STEP	2026-02-15T21:13:21.8604283Z I0215 21:13:21.810860   74539 main.go:129] "found object" kind="CustomResourceDefinition" name="storagemanagedfolders.storage.cnrm.cloud.google.com"
unit-tests	UNKNOWN STEP	2026-02-15T21:13:21.8605234Z I0215 21:13:21.810875   74539 main.go:129] "found object" kind="CustomResourceDefinition" name="storagenotifications.storage.cnrm.cloud.google.com"
unit-tests	UNKNOWN STEP	2026-02-15T21:13:21.8606252Z I0215 21:13:21.810890   74539 main.go:129] "found object" kind="CustomResourceDefinition" name="storagetransferagentpools.storagetransfer.cnrm.cloud.google.com"
unit-tests	UNKNOWN STEP	2026-02-15T21:13:21.8607294Z I0215 21:13:21.810905   74539 main.go:129] "found object" kind="CustomResourceDefinition" name="storagetransferjobs.storagetransfer.cnrm.cloud.google.com"
unit-tests	UNKNOWN STEP	2026-02-15T21:13:21.8608265Z I0215 21:13:21.810920   74539 main.go:129] "found object" kind="CustomResourceDefinition" name="tagslocationtagbindings.tags.cnrm.cloud.google.com"
unit-tests	UNKNOWN STEP	2026-02-15T21:13:21.8609340Z I0215 21:13:21.810934   74539 main.go:129] "found object" kind="CustomResourceDefinition" name="tagstagbindings.tags.cnrm.cloud.google.com"
unit-tests	UNKNOWN STEP	2026-02-15T21:13:21.8610668Z I0215 21:13:21.810948   74539 main.go:129] "found object" kind="CustomResourceDefinition" name="tagstagkeys.tags.cnrm.cloud.google.com"
unit-tests	UNKNOWN STEP	2026-02-15T21:13:21.8611843Z I0215 21:13:21.810963   74539 main.go:129] "found object" kind="CustomResourceDefinition" name="tagstagvalues.tags.cnrm.cloud.google.com"
unit-tests	UNKNOWN STEP	2026-02-15T21:13:21.8613302Z I0215 21:13:21.810978   74539 main.go:129] "found object" kind="CustomResourceDefinition" name="tasksqueues.cloudtasks.cnrm.cloud.google.com"
unit-tests	UNKNOWN STEP	2026-02-15T21:13:21.8614264Z I0215 21:13:21.810993   74539 main.go:129] "found object" kind="CustomResourceDefinition" name="tpunodes.tpu.cnrm.cloud.google.com"
unit-tests	UNKNOWN STEP	2026-02-15T21:13:21.8615127Z I0215 21:13:21.811008   74539 main.go:129] "found object" kind="CustomResourceDefinition" name="tpuvirtualmachines.tpu.cnrm.cloud.google.com"
unit-tests	UNKNOWN STEP	2026-02-15T21:13:21.8616035Z I0215 21:13:21.811022   74539 main.go:129] "found object" kind="CustomResourceDefinition" name="vertexaidatasets.vertexai.cnrm.cloud.google.com"
unit-tests	UNKNOWN STEP	2026-02-15T21:13:21.8617374Z I0215 21:13:21.811036   74539 main.go:129] "found object" kind="CustomResourceDefinition" name="vertexaiendpoints.vertexai.cnrm.cloud.google.com"
unit-tests	UNKNOWN STEP	2026-02-15T21:13:21.8618698Z I0215 21:13:21.811051   74539 main.go:129] "found object" kind="CustomResourceDefinition" name="vertexaifeaturestoreentitytypefeatures.vertexai.cnrm.cloud.google.com"
unit-tests	UNKNOWN STEP	2026-02-15T21:13:21.8620001Z I0215 21:13:21.811066   74539 main.go:129] "found object" kind="CustomResourceDefinition" name="vertexaifeaturestoreentitytypes.vertexai.cnrm.cloud.google.com"
unit-tests	UNKNOWN STEP	2026-02-15T21:13:21.8621556Z I0215 21:13:21.811080   74539 main.go:129] "found object" kind="CustomResourceDefinition" name="vertexaifeaturestores.vertexai.cnrm.cloud.google.com"
unit-tests	UNKNOWN STEP	2026-02-15T21:13:21.8622777Z I0215 21:13:21.811094   74539 main.go:129] "found object" kind="CustomResourceDefinition" name="vertexaiindexendpoints.vertexai.cnrm.cloud.google.com"
unit-tests	UNKNOWN STEP	2026-02-15T21:13:21.8623927Z I0215 21:13:21.811127   74539 main.go:129] "found object" kind="CustomResourceDefinition" name="vertexaiindexes.vertexai.cnrm.cloud.google.com"
unit-tests	UNKNOWN STEP	2026-02-15T21:13:21.8625108Z I0215 21:13:21.811145   74539 main.go:129] "found object" kind="CustomResourceDefinition" name="vertexaimetadatastores.vertexai.cnrm.cloud.google.com"
unit-tests	UNKNOWN STEP	2026-02-15T21:13:21.8626255Z I0215 21:13:21.811160   74539 main.go:129] "found object" kind="CustomResourceDefinition" name="vertexaitensorboards.vertexai.cnrm.cloud.google.com"
unit-tests	UNKNOWN STEP	2026-02-15T21:13:21.8627794Z I0215 21:13:21.811176   74539 main.go:129] "found object" kind="CustomResourceDefinition" name="vmwareengineexternalaccessrules.vmwareengine.cnrm.cloud.google.com"
unit-tests	UNKNOWN STEP	2026-02-15T21:13:21.8629373Z I0215 21:13:21.811191   74539 main.go:129] "found object" kind="CustomResourceDefinition" name="vmwareengineexternaladdresses.vmwareengine.cnrm.cloud.google.com"
unit-tests	UNKNOWN STEP	2026-02-15T21:13:21.8630632Z I0215 21:13:21.811205   74539 main.go:129] "found object" kind="CustomResourceDefinition" name="vmwareenginenetworkpeerings.vmwareengine.cnrm.cloud.google.com"
unit-tests	UNKNOWN STEP	2026-02-15T21:13:21.8631979Z I0215 21:13:21.811221   74539 main.go:129] "found object" kind="CustomResourceDefinition" name="vmwareenginenetworkpolicies.vmwareengine.cnrm.cloud.google.com"
unit-tests	UNKNOWN STEP	2026-02-15T21:13:21.8633005Z I0215 21:13:21.811236   74539 main.go:129] "found object" kind="CustomResourceDefinition" name="vmwareenginenetworks.vmwareengine.cnrm.cloud.google.com"
unit-tests	UNKNOWN STEP	2026-02-15T21:13:21.8634042Z I0215 21:13:21.811251   74539 main.go:129] "found object" kind="CustomResourceDefinition" name="vmwareengineprivateclouds.vmwareengine.cnrm.cloud.google.com"
unit-tests	UNKNOWN STEP	2026-02-15T21:13:21.8635043Z I0215 21:13:21.811266   74539 main.go:129] "found object" kind="CustomResourceDefinition" name="vpcaccessconnectors.vpcaccess.cnrm.cloud.google.com"
unit-tests	UNKNOWN STEP	2026-02-15T21:13:21.8636038Z I0215 21:13:21.811281   74539 main.go:129] "found object" kind="CustomResourceDefinition" name="workflowsexecutions.workflowexecutions.cnrm.cloud.google.com"
unit-tests	UNKNOWN STEP	2026-02-15T21:13:21.8637031Z I0215 21:13:21.811296   74539 main.go:129] "found object" kind="CustomResourceDefinition" name="workflowsworkflows.workflows.cnrm.cloud.google.com"
unit-tests	UNKNOWN STEP	2026-02-15T21:13:21.8637992Z I0215 21:13:21.811311   74539 main.go:129] "found object" kind="CustomResourceDefinition" name="workstationclusters.workstations.cnrm.cloud.google.com"
unit-tests	UNKNOWN STEP	2026-02-15T21:13:21.8639091Z I0215 21:13:21.811325   74539 main.go:129] "found object" kind="CustomResourceDefinition" name="workstationconfigs.workstations.cnrm.cloud.google.com"
unit-tests	UNKNOWN STEP	2026-02-15T21:13:21.8640320Z I0215 21:13:21.811339   74539 main.go:129] "found object" kind="CustomResourceDefinition" name="workstations.workstations.cnrm.cloud.google.com"
unit-tests	UNKNOWN STEP	2026-02-15T21:13:21.8641365Z I0215 21:13:21.811353   74539 main.go:129] "found object" kind="Namespace" name="cnrm-system"
unit-tests	UNKNOWN STEP	2026-02-15T21:13:21.8642188Z I0215 21:13:21.811367   74539 main.go:129] "found object" kind="ServiceAccount" name="cnrm-deletiondefender"
unit-tests	UNKNOWN STEP	2026-02-15T21:13:21.8643321Z I0215 21:13:21.811380   74539 main.go:129] "found object" kind="ServiceAccount" name="cnrm-resource-stats-recorder"
unit-tests	UNKNOWN STEP	2026-02-15T21:13:21.8644147Z I0215 21:13:21.811393   74539 main.go:129] "found object" kind="ServiceAccount" name="cnrm-unmanaged-detector"
unit-tests	UNKNOWN STEP	2026-02-15T21:13:21.8644787Z I0215 21:13:21.811407   74539 main.go:129] "found object" kind="ServiceAccount" name="cnrm-webhook-manager"
unit-tests	UNKNOWN STEP	2026-02-15T21:13:21.8645450Z I0215 21:13:21.811420   74539 main.go:129] "found object" kind="Role" name="cnrm-deletiondefender-cnrm-system-role"
unit-tests	UNKNOWN STEP	2026-02-15T21:13:21.8646101Z I0215 21:13:21.811433   74539 main.go:129] "found object" kind="Role" name="cnrm-webhook-cnrm-system-role"
unit-tests	UNKNOWN STEP	2026-02-15T21:13:21.8646679Z I0215 21:13:21.811447   74539 main.go:129] "found object" kind="ClusterRole" name="cnrm-admin"
unit-tests	UNKNOWN STEP	2026-02-15T21:13:21.8647265Z I0215 21:13:21.811460   74539 main.go:129] "found object" kind="ClusterRole" name="cnrm-deletiondefender-role"
unit-tests	UNKNOWN STEP	2026-02-15T21:13:21.8647902Z I0215 21:13:21.811474   74539 main.go:129] "found object" kind="ClusterRole" name="cnrm-manager-cluster-role"
unit-tests	UNKNOWN STEP	2026-02-15T21:13:21.8648516Z I0215 21:13:21.811490   74539 main.go:129] "found object" kind="ClusterRole" name="cnrm-manager-ns-role"
unit-tests	UNKNOWN STEP	2026-02-15T21:13:21.8649107Z I0215 21:13:21.811503   74539 main.go:129] "found object" kind="ClusterRole" name="cnrm-recorder-role"
unit-tests	UNKNOWN STEP	2026-02-15T21:13:21.8649766Z I0215 21:13:21.811518   74539 main.go:129] "found object" kind="ClusterRole" name="cnrm-unmanaged-detector-cluster-role"
unit-tests	UNKNOWN STEP	2026-02-15T21:13:21.8650408Z I0215 21:13:21.811530   74539 main.go:129] "found object" kind="ClusterRole" name="cnrm-viewer"
unit-tests	UNKNOWN STEP	2026-02-15T21:13:21.8651201Z I0215 21:13:21.811543   74539 main.go:129] "found object" kind="ClusterRole" name="cnrm-webhook-role"
unit-tests	UNKNOWN STEP	2026-02-15T21:13:21.8651850Z I0215 21:13:21.811557   74539 main.go:129] "found object" kind="RoleBinding" name="cnrm-deletiondefender-role-binding"
unit-tests	UNKNOWN STEP	2026-02-15T21:13:21.8652518Z I0215 21:13:21.811571   74539 main.go:129] "found object" kind="RoleBinding" name="cnrm-webhook-role-binding"
unit-tests	UNKNOWN STEP	2026-02-15T21:13:21.8653145Z I0215 21:13:21.811583   74539 main.go:129] "found object" kind="ClusterRoleBinding" name="cnrm-admin-binding"
unit-tests	UNKNOWN STEP	2026-02-15T21:13:21.8653827Z I0215 21:13:21.811597   74539 main.go:129] "found object" kind="ClusterRoleBinding" name="cnrm-deletiondefender-binding"
unit-tests	UNKNOWN STEP	2026-02-15T21:13:21.8654505Z I0215 21:13:21.811611   74539 main.go:129] "found object" kind="ClusterRoleBinding" name="cnrm-recorder-binding"
unit-tests	UNKNOWN STEP	2026-02-15T21:13:21.8655204Z I0215 21:13:21.811625   74539 main.go:129] "found object" kind="ClusterRoleBinding" name="cnrm-unmanaged-detector-binding"
unit-tests	UNKNOWN STEP	2026-02-15T21:13:21.8656070Z I0215 21:13:21.811638   74539 main.go:129] "found object" kind="ClusterRoleBinding" name="cnrm-webhook-binding"
unit-tests	UNKNOWN STEP	2026-02-15T21:13:21.8657187Z I0215 21:13:21.811652   74539 main.go:129] "found object" kind="Service" name="cnrm-deletiondefender"
unit-tests	UNKNOWN STEP	2026-02-15T21:13:21.8658217Z I0215 21:13:21.811665   74539 main.go:129] "found object" kind="Service" name="cnrm-resource-stats-recorder-service"
unit-tests	UNKNOWN STEP	2026-02-15T21:13:21.8659376Z I0215 21:13:21.811678   74539 main.go:129] "found object" kind="Deployment" name="cnrm-resource-stats-recorder"
unit-tests	UNKNOWN STEP	2026-02-15T21:13:21.8660185Z I0215 21:13:21.812960   74539 main.go:129] "found object" kind="Deployment" name="cnrm-webhook-manager"
unit-tests	UNKNOWN STEP	2026-02-15T21:13:21.8661290Z I0215 21:13:21.813057   74539 main.go:129] "found object" kind="StatefulSet" name="cnrm-deletiondefender"
unit-tests	UNKNOWN STEP	2026-02-15T21:13:21.8662464Z I0215 21:13:21.813278   74539 main.go:129] "found object" kind="StatefulSet" name="cnrm-unmanaged-detector"
unit-tests	UNKNOWN STEP	2026-02-15T21:13:21.8664107Z I0215 21:13:21.813363   74539 main.go:129] "found object" kind="HorizontalPodAutoscaler" name="cnrm-webhook"
unit-tests	UNKNOWN STEP	2026-02-15T21:13:21.8664897Z I0215 21:13:21.813377   74539 main.go:129] "found object" kind="ServiceAccount" name="cnrm-controller-manager-${NAMESPACE?}"
unit-tests	UNKNOWN STEP	2026-02-15T21:13:21.8665697Z I0215 21:13:21.813384   74539 main.go:129] "found object" kind="RoleBinding" name="cnrm-admin-binding-${NAMESPACE?}"
unit-tests	UNKNOWN STEP	2026-02-15T21:13:21.8666390Z I0215 21:13:21.813398   74539 main.go:129] "found object" kind="RoleBinding" name="cnrm-manager-ns-binding-${NAMESPACE?}"
unit-tests	UNKNOWN STEP	2026-02-15T21:13:21.8667095Z I0215 21:13:21.813408   74539 main.go:129] "found object" kind="RoleBinding" name="cnrm-manager-ns-binding-${NAMESPACE?}"
unit-tests	UNKNOWN STEP	2026-02-15T21:13:21.8667855Z I0215 21:13:21.813414   74539 main.go:129] "found object" kind="ClusterRoleBinding" name="cnrm-manager-cluster-binding-${NAMESPACE?}"
unit-tests	UNKNOWN STEP	2026-02-15T21:13:21.8668574Z I0215 21:13:21.813424   74539 main.go:129] "found object" kind="Service" name="cnrm-manager-${NAMESPACE?}"
unit-tests	UNKNOWN STEP	2026-02-15T21:13:21.8669233Z I0215 21:13:21.813430   74539 main.go:129] "found object" kind="StatefulSet" name="cnrm-controller-manager-${NAMESPACE?}"
unit-tests	UNKNOWN STEP	2026-02-15T21:13:21.8670405Z I0215 21:13:21.813818   74539 main.go:184] "successfully generated the image configmap" path="/home/runner/work/k8s-config-connector/k8s-config-connector/operator/config/gke-addon/image_configmap.yaml"
unit-tests	UNKNOWN STEP	2026-02-15T21:13:21.8671821Z go run gotest.tools/gotestsum@latest --format testname -- -v ./pkg/... -coverprofile cover.out
unit-tests	UNKNOWN STEP	2026-02-15T21:13:21.8900051Z go: downloading gotest.tools/gotestsum v1.13.0
unit-tests	UNKNOWN STEP	2026-02-15T21:13:21.8944289Z go: downloading gotest.tools v2.2.0+incompatible
unit-tests	UNKNOWN STEP	2026-02-15T21:13:21.9283200Z go: downloading github.com/dnephin/pflag v1.0.7
unit-tests	UNKNOWN STEP	2026-02-15T21:13:21.9287109Z go: downloading golang.org/x/tools v0.36.0
unit-tests	UNKNOWN STEP	2026-02-15T21:13:21.9394581Z go: downloading github.com/bitfield/gotestdox v0.2.2
unit-tests	UNKNOWN STEP	2026-02-15T21:13:21.9399517Z go: downloading golang.org/x/sync v0.17.0
unit-tests	UNKNOWN STEP	2026-02-15T21:13:21.9690095Z go: downloading golang.org/x/term v0.35.0
unit-tests	UNKNOWN STEP	2026-02-15T21:13:21.9809825Z go: downloading github.com/fsnotify/fsnotify v1.9.0
unit-tests	UNKNOWN STEP	2026-02-15T21:13:21.9834509Z go: downloading golang.org/x/sys v0.36.0
unit-tests	UNKNOWN STEP	2026-02-15T21:13:22.0195420Z go: downloading golang.org/x/text v0.17.0
unit-tests	UNKNOWN STEP	2026-02-15T21:13:22.3987681Z go: downloading golang.org/x/mod v0.27.0
unit-tests	UNKNOWN STEP	2026-02-15T21:13:29.8102284Z   [33mEMPTY[0m Package operator/pkg/apis/core/customize/v1alpha1 (17ms) (coverage: 0.0% of statements)
unit-tests	UNKNOWN STEP	2026-02-15T21:13:29.8109380Z 
unit-tests	UNKNOWN STEP	2026-02-15T21:13:29.8118735Z   [33mEMPTY[0m Package operator/pkg/apis/core/customize/v1beta1 (16ms) (coverage: 0.0% of statements)
unit-tests	UNKNOWN STEP	2026-02-15T21:13:29.8119583Z 
unit-tests	UNKNOWN STEP	2026-02-15T21:13:31.7794053Z   [33mEMPTY[0m Package operator/pkg/apis/core/v1beta1 (7ms) (coverage: 0.0% of statements)
unit-tests	UNKNOWN STEP	2026-02-15T21:13:31.7832945Z 
unit-tests	UNKNOWN STEP	2026-02-15T21:13:44.2660438Z   [32mPASS[0m operator/pkg/controllers.TestImageTransform (0.00s)
unit-tests	UNKNOWN STEP	2026-02-15T21:13:44.2697284Z ##[group][32mPASS[0m operator/pkg/controllers.TestValidateContainerResourceCustomizationValues/valid_customization_-_both_limit_and_request_are_specified (0.00s)
unit-tests	UNKNOWN STEP	2026-02-15T21:13:44.2705437Z     --- PASS: TestValidateContainerResourceCustomizationValues/valid_customization_-_both_limit_and_request_are_specified (0.00s)
unit-tests	UNKNOWN STEP	2026-02-15T21:13:44.2709244Z 
unit-tests	UNKNOWN STEP	2026-02-15T21:13:44.2709648Z ##[endgroup]
unit-tests	UNKNOWN STEP	2026-02-15T21:13:44.2713018Z ##[group][32mPASS[0m operator/pkg/controllers.TestValidateContainerResourceCustomizationValues/valid_customization_-_only_request_is_specified (0.00s)
unit-tests	UNKNOWN STEP	2026-02-15T21:13:44.2715546Z     --- PASS: TestValidateContainerResourceCustomizationValues/valid_customization_-_only_request_is_specified (0.00s)
unit-tests	UNKNOWN STEP	2026-02-15T21:13:44.2716408Z 
unit-tests	UNKNOWN STEP	2026-02-15T21:13:44.2716807Z ##[endgroup]
unit-tests	UNKNOWN STEP	2026-02-15T21:13:44.2718232Z ##[group][32mPASS[0m operator/pkg/controllers.TestValidateContainerResourceCustomizationValues/valid_customization_-_only_limit_is_specified (0.00s)
unit-tests	UNKNOWN STEP	2026-02-15T21:13:44.2720195Z     --- PASS: TestValidateContainerResourceCustomizationValues/valid_customization_-_only_limit_is_specified (0.00s)
unit-tests	UNKNOWN STEP	2026-02-15T21:13:44.2721522Z 
unit-tests	UNKNOWN STEP	2026-02-15T21:13:44.2721871Z ##[endgroup]
unit-tests	UNKNOWN STEP	2026-02-15T21:13:44.2723732Z ##[group][32mPASS[0m operator/pkg/controllers.TestValidateContainerResourceCustomizationValues/valid_customization_-_only_request_is_specified,_limit_is_not_found_in_manifest (0.00s)
unit-tests	UNKNOWN STEP	2026-02-15T21:13:44.2726184Z     --- PASS: TestValidateContainerResourceCustomizationValues/valid_customization_-_only_request_is_specified,_limit_is_not_found_in_manifest (0.00s)
unit-tests	UNKNOWN STEP	2026-02-15T21:13:44.2727227Z 
unit-tests	UNKNOWN STEP	2026-02-15T21:13:44.2727570Z ##[endgroup]
unit-tests	UNKNOWN STEP	2026-02-15T21:13:44.2729197Z ##[group][32mPASS[0m operator/pkg/controllers.TestValidateContainerResourceCustomizationValues/valid_customization_-_only_limit_is_specified,_request_is_not_found_in_manifest (0.00s)
unit-tests	UNKNOWN STEP	2026-02-15T21:13:44.2731775Z     --- PASS: TestValidateContainerResourceCustomizationValues/valid_customization_-_only_limit_is_specified,_request_is_not_found_in_manifest (0.00s)
unit-tests	UNKNOWN STEP	2026-02-15T21:13:44.2732692Z 
unit-tests	UNKNOWN STEP	2026-02-15T21:13:44.2733021Z ##[endgroup]
unit-tests	UNKNOWN STEP	2026-02-15T21:13:44.2734361Z ##[group][32mPASS[0m operator/pkg/controllers.TestValidateContainerResourceCustomizationValues/invalid_customization_-_memory_limit_is_less_than_memory_request (0.00s)
unit-tests	UNKNOWN STEP	2026-02-15T21:13:44.2736318Z     --- PASS: TestValidateContainerResourceCustomizationValues/invalid_customization_-_memory_limit_is_less_than_memory_request (0.00s)
unit-tests	UNKNOWN STEP	2026-02-15T21:13:44.2737185Z 
unit-tests	UNKNOWN STEP	2026-02-15T21:13:44.2737507Z ##[endgroup]
unit-tests	UNKNOWN STEP	2026-02-15T21:13:44.2739131Z ##[group][32mPASS[0m operator/pkg/controllers.TestValidateContainerResourceCustomizationValues/invalid_customization_-_memory_limit_is_less_than_default_memory_request_in_manifest (0.00s)
unit-tests	UNKNOWN STEP	2026-02-15T21:13:44.2741869Z     --- PASS: TestValidateContainerResourceCustomizationValues/invalid_customization_-_memory_limit_is_less_than_default_memory_request_in_manifest (0.00s)
unit-tests	UNKNOWN STEP	2026-02-15T21:13:44.2742939Z 
unit-tests	UNKNOWN STEP	2026-02-15T21:13:44.2743317Z ##[endgroup]
unit-tests	UNKNOWN STEP	2026-02-15T21:13:44.2745072Z ##[group][32mPASS[0m operator/pkg/controllers.TestValidateContainerResourceCustomizationValues/invalid_customization_-_the_default_memory_limit_in_manifest_is_less_than_memory_request (0.00s)
unit-tests	UNKNOWN STEP	2026-02-15T21:13:44.2747694Z     --- PASS: TestValidateContainerResourceCustomizationValues/invalid_customization_-_the_default_memory_limit_in_manifest_is_less_than_memory_request (0.00s)
unit-tests	UNKNOWN STEP	2026-02-15T21:13:44.2748804Z 
unit-tests	UNKNOWN STEP	2026-02-15T21:13:44.2749165Z ##[endgroup]
unit-tests	UNKNOWN STEP	2026-02-15T21:13:44.2750506Z ##[group][32mPASS[0m operator/pkg/controllers.TestValidateContainerResourceCustomizationValues/invalid_customization_-_cpu_limit_is_less_than_cpu_request (0.00s)
unit-tests	UNKNOWN STEP	2026-02-15T21:13:44.2752842Z     --- PASS: TestValidateContainerResourceCustomizationValues/invalid_customization_-_cpu_limit_is_less_than_cpu_request (0.00s)
unit-tests	UNKNOWN STEP	2026-02-15T21:13:44.2753749Z 
unit-tests	UNKNOWN STEP	2026-02-15T21:13:44.2754110Z ##[endgroup]
unit-tests	UNKNOWN STEP	2026-02-15T21:13:44.2755781Z ##[group][32mPASS[0m operator/pkg/controllers.TestValidateContainerResourceCustomizationValues/invalid_customization_-_cpu_limit_is_less_than_default_cpu_request_in_manifest (0.00s)
unit-tests	UNKNOWN STEP	2026-02-15T21:13:44.2758206Z     --- PASS: TestValidateContainerResourceCustomizationValues/invalid_customization_-_cpu_limit_is_less_than_default_cpu_request_in_manifest (0.00s)
unit-tests	UNKNOWN STEP	2026-02-15T21:13:44.2759280Z 
unit-tests	UNKNOWN STEP	2026-02-15T21:13:44.2785900Z ##[endgroup]
unit-tests	UNKNOWN STEP	2026-02-15T21:13:44.2790595Z ##[group][32mPASS[0m operator/pkg/controllers.TestValidateContainerResourceCustomizationValues/invalid_customization_-_the_default_cpu_limit_in_manifest_is_less_than_cpu_request (0.00s)
unit-tests	UNKNOWN STEP	2026-02-15T21:13:44.2794934Z     --- PASS: TestValidateContainerResourceCustomizationValues/invalid_customization_-_the_default_cpu_limit_in_manifest_is_less_than_cpu_request (0.00s)
unit-tests	UNKNOWN STEP	2026-02-15T21:13:44.2796579Z 
unit-tests	UNKNOWN STEP	2026-02-15T21:13:44.2797039Z ##[endgroup]
unit-tests	UNKNOWN STEP	2026-02-15T21:13:44.2798950Z   [32mPASS[0m operator/pkg/controllers.TestValidateContainerResourceCustomizationValues (0.00s)
unit-tests	UNKNOWN STEP	2026-02-15T21:13:44.2802379Z ##[group][32mPASS[0m operator/pkg/controllers.TestApplyRateLimitToContainerArg/container_with_args (0.00s)
unit-tests	UNKNOWN STEP	2026-02-15T21:13:44.2806531Z     --- PASS: TestApplyRateLimitToContainerArg/container_with_args (0.00s)
unit-tests	UNKNOWN STEP	2026-02-15T21:13:44.2807252Z 
unit-tests	UNKNOWN STEP	2026-02-15T21:13:44.2808071Z ##[endgroup]
unit-tests	UNKNOWN STEP	2026-02-15T21:13:44.2809518Z ##[group][32mPASS[0m operator/pkg/controllers.TestApplyRateLimitToContainerArg/container_without_args (0.00s)
unit-tests	UNKNOWN STEP	2026-02-15T21:13:44.2811723Z     --- PASS: TestApplyRateLimitToContainerArg/container_without_args (0.00s)
unit-tests	UNKNOWN STEP	2026-02-15T21:13:44.2812485Z 
unit-tests	UNKNOWN STEP	2026-02-15T21:13:44.2812862Z ##[endgroup]
unit-tests	UNKNOWN STEP	2026-02-15T21:13:44.2814436Z ##[group][32mPASS[0m operator/pkg/controllers.TestApplyRateLimitToContainerArg/container_with_rate_limit_args (0.00s)
unit-tests	UNKNOWN STEP	2026-02-15T21:13:44.2816200Z     --- PASS: TestApplyRateLimitToContainerArg/container_with_rate_limit_args (0.00s)
unit-tests	UNKNOWN STEP	2026-02-15T21:13:44.2816957Z 
unit-tests	UNKNOWN STEP	2026-02-15T21:13:44.2817468Z ##[endgroup]
unit-tests	UNKNOWN STEP	2026-02-15T21:13:44.2818757Z ##[group][32mPASS[0m operator/pkg/controllers.TestApplyRateLimitToContainerArg/only_set_qps (0.00s)
unit-tests	UNKNOWN STEP	2026-02-15T21:13:44.2820275Z     --- PASS: TestApplyRateLimitToContainerArg/only_set_qps (0.00s)
unit-tests	UNKNOWN STEP	2026-02-15T21:13:44.2820928Z 
unit-tests	UNKNOWN STEP	2026-02-15T21:13:44.2821535Z ##[endgroup]
unit-tests	UNKNOWN STEP	2026-02-15T21:13:44.2822975Z ##[group][32mPASS[0m operator/pkg/controllers.TestApplyRateLimitToContainerArg/only_set_burst (0.00s)
unit-tests	UNKNOWN STEP	2026-02-15T21:13:44.2824336Z     --- PASS: TestApplyRateLimitToContainerArg/only_set_burst (0.00s)
unit-tests	UNKNOWN STEP	2026-02-15T21:13:44.2824977Z 
unit-tests	UNKNOWN STEP	2026-02-15T21:13:44.2825475Z ##[endgroup]
unit-tests	UNKNOWN STEP	2026-02-15T21:13:44.2826644Z ##[group][32mPASS[0m operator/pkg/controllers.TestApplyRateLimitToContainerArg/nil_rate_limit (0.00s)
unit-tests	UNKNOWN STEP	2026-02-15T21:13:44.2828175Z     --- PASS: TestApplyRateLimitToContainerArg/nil_rate_limit (0.00s)
unit-tests	UNKNOWN STEP	2026-02-15T21:13:44.2828883Z 
unit-tests	UNKNOWN STEP	2026-02-15T21:13:44.2829218Z ##[endgroup]
unit-tests	UNKNOWN STEP	2026-02-15T21:13:44.2830395Z   [32mPASS[0m operator/pkg/controllers.TestApplyRateLimitToContainerArg (0.00s)
unit-tests	UNKNOWN STEP	2026-02-15T21:13:44.2832124Z   [32mPASS[0m operator/pkg/controllers.TestEnsureVPAForStatefulSet (0.00s)
unit-tests	UNKNOWN STEP	2026-02-15T21:13:44.2833411Z   [32mPASS[0m operator/pkg/controllers.TestEnsureVPAForDeployment (0.00s)
unit-tests	UNKNOWN STEP	2026-02-15T21:13:44.2834787Z   [32mPASS[0m Package operator/pkg/controllers (63ms) (coverage: 17.3% of statements)
unit-tests	UNKNOWN STEP	2026-02-15T21:13:44.2835537Z 
unit-tests	UNKNOWN STEP	2026-02-15T21:13:55.7462839Z   [33mEMPTY[0m Package operator/pkg/k8s (14ms) (coverage: 0.0% of statements)
unit-tests	UNKNOWN STEP	2026-02-15T21:13:55.7463774Z 
unit-tests	UNKNOWN STEP	2026-02-15T21:13:56.7638899Z ##[group][32mPASS[0m operator/pkg/logging.TestBuildLoggerFormat/info (0.00s)
unit-tests	UNKNOWN STEP	2026-02-15T21:13:56.7640029Z     --- PASS: TestBuildLoggerFormat/info (0.00s)
unit-tests	UNKNOWN STEP	2026-02-15T21:13:56.7640533Z 
unit-tests	UNKNOWN STEP	2026-02-15T21:13:56.7641563Z ##[endgroup]
unit-tests	UNKNOWN STEP	2026-02-15T21:13:56.7642525Z ##[group][32mPASS[0m operator/pkg/logging.TestBuildLoggerFormat/error (0.00s)
unit-tests	UNKNOWN STEP	2026-02-15T21:13:56.7643480Z     --- PASS: TestBuildLoggerFormat/error (0.00s)
unit-tests	UNKNOWN STEP	2026-02-15T21:13:56.7653103Z 
unit-tests	UNKNOWN STEP	2026-02-15T21:13:56.7653773Z ##[endgroup]
unit-tests	UNKNOWN STEP	2026-02-15T21:13:56.7654831Z   [32mPASS[0m operator/pkg/logging.TestBuildLoggerFormat (0.00s)
unit-tests	UNKNOWN STEP	2026-02-15T21:13:56.7680351Z   [32mPASS[0m Package operator/pkg/logging (9ms) (coverage: 60.0% of statements)
unit-tests	UNKNOWN STEP	2026-02-15T21:13:56.7685507Z 
unit-tests	UNKNOWN STEP	2026-02-15T21:14:02.0730696Z ##[group][32mPASS[0m operator/pkg/manifest.TestNewLocalRepository_LoadNamespacedComponents/load_namespaced_component (0.00s)
unit-tests	UNKNOWN STEP	2026-02-15T21:14:02.0732614Z     --- PASS: TestNewLocalRepository_LoadNamespacedComponents/load_namespaced_component (0.00s)
unit-tests	UNKNOWN STEP	2026-02-15T21:14:02.0733283Z 
unit-tests	UNKNOWN STEP	2026-02-15T21:14:02.0733666Z ##[endgroup]
unit-tests	UNKNOWN STEP	2026-02-15T21:14:02.0734636Z   [32mPASS[0m operator/pkg/manifest.TestNewLocalRepository_LoadNamespacedComponents (0.00s)
unit-tests	UNKNOWN STEP	2026-02-15T21:14:02.0735841Z   [32mPASS[0m operator/pkg/manifest.TestNewLocalRepository_LoadChannel (0.00s)
unit-tests	UNKNOWN STEP	2026-02-15T21:14:02.0737468Z ##[group][32mPASS[0m operator/pkg/manifest.TestManifestLoader_ResolveNamespacedComponents/resolve_namespaced_component (0.00s)
unit-tests	UNKNOWN STEP	2026-02-15T21:14:02.0739100Z     --- PASS: TestManifestLoader_ResolveNamespacedComponents/resolve_namespaced_component (0.00s)
unit-tests	UNKNOWN STEP	2026-02-15T21:14:02.0739804Z 
unit-tests	UNKNOWN STEP	2026-02-15T21:14:02.0740179Z ##[endgroup]
unit-tests	UNKNOWN STEP	2026-02-15T21:14:02.0741612Z   [32mPASS[0m operator/pkg/manifest.TestManifestLoader_ResolveNamespacedComponents (0.00s)
unit-tests	UNKNOWN STEP	2026-02-15T21:14:02.0743890Z ##[group][32mPASS[0m operator/pkg/manifest.TestNewLocalRepository_LoadManifest/cluster_mode,_workload_identity (0.00s)
unit-tests	UNKNOWN STEP	2026-02-15T21:14:02.0745403Z     --- PASS: TestNewLocalRepository_LoadManifest/cluster_mode,_workload_identity (0.00s)
unit-tests	UNKNOWN STEP	2026-02-15T21:14:02.0746025Z 
unit-tests	UNKNOWN STEP	2026-02-15T21:14:02.0746406Z ##[endgroup]
unit-tests	UNKNOWN STEP	2026-02-15T21:14:02.0747552Z ##[group][32mPASS[0m operator/pkg/manifest.TestNewLocalRepository_LoadManifest/cluster_mode,_gcp_identity (0.00s)
unit-tests	UNKNOWN STEP	2026-02-15T21:14:02.0748921Z     --- PASS: TestNewLocalRepository_LoadManifest/cluster_mode,_gcp_identity (0.00s)
unit-tests	UNKNOWN STEP	2026-02-15T21:14:02.0749539Z 
unit-tests	UNKNOWN STEP	2026-02-15T21:14:02.0749910Z ##[endgroup]
unit-tests	UNKNOWN STEP	2026-02-15T21:14:02.0750968Z ##[group][32mPASS[0m operator/pkg/manifest.TestNewLocalRepository_LoadManifest/namespaced_mode (0.00s)
unit-tests	UNKNOWN STEP	2026-02-15T21:14:02.0752344Z     --- PASS: TestNewLocalRepository_LoadManifest/namespaced_mode (0.00s)
unit-tests	UNKNOWN STEP	2026-02-15T21:14:02.0752859Z 
unit-tests	UNKNOWN STEP	2026-02-15T21:14:02.0753234Z ##[endgroup]
unit-tests	UNKNOWN STEP	2026-02-15T21:14:02.0754369Z ##[group][32mPASS[0m operator/pkg/manifest.TestNewLocalRepository_LoadManifest/namespaced_mode_by_default (0.00s)
unit-tests	UNKNOWN STEP	2026-02-15T21:14:02.0755707Z     --- PASS: TestNewLocalRepository_LoadManifest/namespaced_mode_by_default (0.00s)
unit-tests	UNKNOWN STEP	2026-02-15T21:14:02.0756314Z 
unit-tests	UNKNOWN STEP	2026-02-15T21:14:02.0756681Z ##[endgroup]
unit-tests	UNKNOWN STEP	2026-02-15T21:14:02.0757391Z   [32mPASS[0m operator/pkg/manifest.TestNewLocalRepository_LoadManifest (0.00s)
unit-tests	UNKNOWN STEP	2026-02-15T21:14:02.0758831Z ##[group][32mPASS[0m operator/pkg/manifest.TestManifestLoader_ResolveManifest/namespaced_mode (0.00s)
unit-tests	UNKNOWN STEP	2026-02-15T21:14:02.0759950Z     --- PASS: TestManifestLoader_ResolveManifest/namespaced_mode (0.00s)
unit-tests	UNKNOWN STEP	2026-02-15T21:14:02.0760500Z 
unit-tests	UNKNOWN STEP	2026-02-15T21:14:02.0761367Z ##[endgroup]
unit-tests	UNKNOWN STEP	2026-02-15T21:14:02.0762415Z ##[group][32mPASS[0m operator/pkg/manifest.TestManifestLoader_ResolveManifest/cluster_mode,_workload_identity (0.00s)
unit-tests	UNKNOWN STEP	2026-02-15T21:14:02.0764000Z     --- PASS: TestManifestLoader_ResolveManifest/cluster_mode,_workload_identity (0.00s)
unit-tests	UNKNOWN STEP	2026-02-15T21:14:02.0764590Z 
unit-tests	UNKNOWN STEP	2026-02-15T21:14:02.0764958Z ##[endgroup]
unit-tests	UNKNOWN STEP	2026-02-15T21:14:02.0766180Z ##[group][32mPASS[0m operator/pkg/manifest.TestManifestLoader_ResolveManifest/cluster_mode,_gcp_identity (0.00s)
unit-tests	UNKNOWN STEP	2026-02-15T21:14:02.0767549Z     --- PASS: TestManifestLoader_ResolveManifest/cluster_mode,_gcp_identity (0.00s)
unit-tests	UNKNOWN STEP	2026-02-15T21:14:02.0769113Z 
unit-tests	UNKNOWN STEP	2026-02-15T21:14:02.0769487Z ##[endgroup]
unit-tests	UNKNOWN STEP	2026-02-15T21:14:02.0770284Z   [32mPASS[0m operator/pkg/manifest.TestManifestLoader_ResolveManifest (0.00s)
unit-tests	UNKNOWN STEP	2026-02-15T21:14:02.0779254Z   [32mPASS[0m Package operator/pkg/manifest (43ms) (coverage: 81.2% of statements)
unit-tests	UNKNOWN STEP	2026-02-15T21:14:02.0780948Z 
unit-tests	UNKNOWN STEP	2026-02-15T21:14:02.4105933Z   [32mPASS[0m operator/pkg/controllers/configconnectorcontext.TestConfigConnectorContextControllerWatchMultipleCustomizationCR (6.61s)
unit-tests	UNKNOWN STEP	2026-02-15T21:14:08.0431013Z ##[group][32mPASS[0m operator/pkg/preflight.TestValidateGSAFormat/empty (0.00s)
unit-tests	UNKNOWN STEP	2026-02-15T21:14:08.0439732Z     --- PASS: TestValidateGSAFormat/empty (0.00s)
unit-tests	UNKNOWN STEP	2026-02-15T21:14:08.0440373Z 
unit-tests	UNKNOWN STEP	2026-02-15T21:14:08.0441245Z ##[endgroup]
unit-tests	UNKNOWN STEP	2026-02-15T21:14:08.0442573Z ##[group][32mPASS[0m operator/pkg/preflight.TestValidateGSAFormat/valid_GSA_format (0.00s)
unit-tests	UNKNOWN STEP	2026-02-15T21:14:08.0443811Z     --- PASS: TestValidateGSAFormat/valid_GSA_format (0.00s)
unit-tests	UNKNOWN STEP	2026-02-15T21:14:08.0444373Z 
unit-tests	UNKNOWN STEP	2026-02-15T21:14:08.0444793Z ##[endgroup]
unit-tests	UNKNOWN STEP	2026-02-15T21:14:08.0447612Z ##[group][32mPASS[0m operator/pkg/preflight.TestValidateGSAFormat/valid_GSA_format#01 (0.00s)
unit-tests	UNKNOWN STEP	2026-02-15T21:14:08.0448701Z     --- PASS: TestValidateGSAFormat/valid_GSA_format#01 (0.00s)
unit-tests	UNKNOWN STEP	2026-02-15T21:14:08.0449139Z 
unit-tests	UNKNOWN STEP	2026-02-15T21:14:08.0449508Z ##[endgroup]
unit-tests	UNKNOWN STEP	2026-02-15T21:14:08.0450473Z ##[group][32mPASS[0m operator/pkg/preflight.TestValidateGSAFormat/valid_GSA_format#02 (0.00s)
unit-tests	UNKNOWN STEP	2026-02-15T21:14:08.0451708Z     --- PASS: TestValidateGSAFormat/valid_GSA_format#02 (0.00s)
unit-tests	UNKNOWN STEP	2026-02-15T21:14:08.0452146Z 
unit-tests	UNKNOWN STEP	2026-02-15T21:14:08.0452505Z ##[endgroup]
unit-tests	UNKNOWN STEP	2026-02-15T21:14:08.0453440Z ##[group][32mPASS[0m operator/pkg/preflight.TestValidateGSAFormat/invalid_GSA_format (0.00s)
unit-tests	UNKNOWN STEP	2026-02-15T21:14:08.0454888Z     --- PASS: TestValidateGSAFormat/invalid_GSA_format (0.00s)
unit-tests	UNKNOWN STEP	2026-02-15T21:14:08.0455557Z 
unit-tests	UNKNOWN STEP	2026-02-15T21:14:08.0455935Z ##[endgroup]
unit-tests	UNKNOWN STEP	2026-02-15T21:14:08.0456904Z ##[group][32mPASS[0m operator/pkg/preflight.TestValidateGSAFormat/invalid_GSA_format#01 (0.00s)
unit-tests	UNKNOWN STEP	2026-02-15T21:14:08.0457976Z     --- PASS: TestValidateGSAFormat/invalid_GSA_format#01 (0.00s)
unit-tests	UNKNOWN STEP	2026-02-15T21:14:08.0458411Z 
unit-tests	UNKNOWN STEP	2026-02-15T21:14:08.0458755Z ##[endgroup]
unit-tests	UNKNOWN STEP	2026-02-15T21:14:08.0459432Z   [32mPASS[0m operator/pkg/preflight.TestValidateGSAFormat (0.00s)
unit-tests	UNKNOWN STEP	2026-02-15T21:14:09.7803222Z ##[group][32mPASS[0m operator/pkg/kccstate.TestFetchLiveKCCState/no_cc_or_ccc (5.26s)
unit-tests	UNKNOWN STEP	2026-02-15T21:14:09.7804591Z     --- PASS: TestFetchLiveKCCState/no_cc_or_ccc (5.26s)
unit-tests	UNKNOWN STEP	2026-02-15T21:14:09.7809479Z 
unit-tests	UNKNOWN STEP	2026-02-15T21:14:09.7810306Z ##[endgroup]
unit-tests	UNKNOWN STEP	2026-02-15T21:14:09.7814017Z ##[group][32mPASS[0m operator/pkg/kccstate.TestFetchLiveKCCState/ccc_not_found_in_namespaced_mode (6.91s)
unit-tests	UNKNOWN STEP	2026-02-15T21:14:09.7815829Z     --- PASS: TestFetchLiveKCCState/ccc_not_found_in_namespaced_mode (6.91s)
unit-tests	UNKNOWN STEP	2026-02-15T21:14:09.7818426Z 
unit-tests	UNKNOWN STEP	2026-02-15T21:14:09.7819509Z ##[endgroup]
unit-tests	UNKNOWN STEP	2026-02-15T21:14:09.7820840Z ##[group][32mPASS[0m operator/pkg/kccstate.TestFetchLiveKCCState/fetch_live_KCC_state_in_namespaced_mode (7.45s)
unit-tests	UNKNOWN STEP	2026-02-15T21:14:09.7822728Z I0215 21:14:00.950330   83328 kccstate.go:38] configconnector.core.cnrm.cloud.google.com object is not found
unit-tests	UNKNOWN STEP	2026-02-15T21:14:09.7824337Z     --- PASS: TestFetchLiveKCCState/fetch_live_KCC_state_in_namespaced_mode (7.45s)
unit-tests	UNKNOWN STEP	2026-02-15T21:14:09.7825118Z 
unit-tests	UNKNOWN STEP	2026-02-15T21:14:09.7825732Z ##[endgroup]
unit-tests	UNKNOWN STEP	2026-02-15T21:14:09.7827020Z ##[group][32mPASS[0m operator/pkg/kccstate.TestFetchLiveKCCState/fetch_live_KCC_state_in_cluster_mode (7.92s)
unit-tests	UNKNOWN STEP	2026-02-15T21:14:09.7828587Z     --- PASS: TestFetchLiveKCCState/fetch_live_KCC_state_in_cluster_mode (7.92s)
unit-tests	UNKNOWN STEP	2026-02-15T21:14:09.7829327Z 
unit-tests	UNKNOWN STEP	2026-02-15T21:14:09.7829793Z ##[endgroup]
unit-tests	UNKNOWN STEP	2026-02-15T21:14:09.7830969Z ##[group][32mPASS[0m operator/pkg/kccstate.TestFetchLiveKCCState/no_cc (7.71s)
unit-tests	UNKNOWN STEP	2026-02-15T21:14:09.7833335Z I0215 21:14:08.616348   83328 kccstate.go:38] configconnector.core.cnrm.cloud.google.com object is not found
unit-tests	UNKNOWN STEP	2026-02-15T21:14:09.7834778Z     --- PASS: TestFetchLiveKCCState/no_cc (7.71s)
unit-tests	UNKNOWN STEP	2026-02-15T21:14:09.7835659Z 
unit-tests	UNKNOWN STEP	2026-02-15T21:14:09.7836492Z ##[endgroup]
unit-tests	UNKNOWN STEP	2026-02-15T21:14:09.7837515Z   [32mPASS[0m operator/pkg/kccstate.TestFetchLiveKCCState (0.00s)
unit-tests	UNKNOWN STEP	2026-02-15T21:14:09.7933536Z   [32mPASS[0m Package operator/pkg/kccstate (13.035s) (coverage: 91.7% of statements)
unit-tests	UNKNOWN STEP	2026-02-15T21:14:09.7940361Z 
unit-tests	UNKNOWN STEP	2026-02-15T21:14:09.8530510Z   [33mEMPTY[0m Package operator/pkg/test (10ms) (coverage: 0.0% of statements)
unit-tests	UNKNOWN STEP	2026-02-15T21:14:09.8532972Z 
unit-tests	UNKNOWN STEP	2026-02-15T21:14:09.8604817Z   [33mEMPTY[0m Package operator/pkg/test/controller (8ms) (coverage: 0.0% of statements)
unit-tests	UNKNOWN STEP	2026-02-15T21:14:09.8605578Z 
unit-tests	UNKNOWN STEP	2026-02-15T21:14:09.8658419Z   [33mEMPTY[0m Package operator/pkg/test/main (5ms) (coverage: 0.0% of statements)
unit-tests	UNKNOWN STEP	2026-02-15T21:14:09.8660395Z 
unit-tests	UNKNOWN STEP	2026-02-15T21:14:09.8712385Z   [33mEMPTY[0m Package operator/pkg/test/mocks (5ms) (coverage: 0.0% of statements)
unit-tests	UNKNOWN STEP	2026-02-15T21:14:09.8713038Z 
unit-tests	UNKNOWN STEP	2026-02-15T21:14:09.8752701Z   [33mEMPTY[0m Package operator/pkg/test/util/asserts (5ms) (coverage: 0.0% of statements)
unit-tests	UNKNOWN STEP	2026-02-15T21:14:09.8753661Z 
unit-tests	UNKNOWN STEP	2026-02-15T21:14:09.8823997Z   [33mEMPTY[0m Package operator/pkg/test/util/paths (6ms) (coverage: 0.0% of statements)
unit-tests	UNKNOWN STEP	2026-02-15T21:14:09.8824631Z 
unit-tests	UNKNOWN STEP	2026-02-15T21:14:17.7008546Z ##[group][32mPASS[0m operator/pkg/preflight.TestConfigConnectorContextChecker/CCC_has_spec.billingProject_set_and_spec.requestProjectPolicy_set_to_BILLING_PROJECT (0.00s)
unit-tests	UNKNOWN STEP	2026-02-15T21:14:17.7010051Z     --- PASS: TestConfigConnectorContextChecker/CCC_has_spec.billingProject_set_and_spec.requestProjectPolicy_set_to_BILLING_PROJECT (0.00s)
unit-tests	UNKNOWN STEP	2026-02-15T21:14:17.7010599Z 
unit-tests	UNKNOWN STEP	2026-02-15T21:14:17.7010932Z ##[endgroup]
unit-tests	UNKNOWN STEP	2026-02-15T21:14:17.7013608Z ##[group][32mPASS[0m operator/pkg/preflight.TestConfigConnectorContextChecker/CCC_has_spec.billingProject_set_to_empty_and_spec.requestProjectPolicy_set_to_RESOURCE_PROJECT (0.00s)
unit-tests	UNKNOWN STEP	2026-02-15T21:14:17.7015499Z     --- PASS: TestConfigConnectorContextChecker/CCC_has_spec.billingProject_set_to_empty_and_spec.requestProjectPolicy_set_to_RESOURCE_PROJECT (0.00s)
unit-tests	UNKNOWN STEP	2026-02-15T21:14:17.7016062Z 
unit-tests	UNKNOWN STEP	2026-02-15T21:14:17.7016273Z ##[endgroup]
unit-tests	UNKNOWN STEP	2026-02-15T21:14:17.7017148Z ##[group][32mPASS[0m operator/pkg/preflight.TestConfigConnectorContextChecker/CCC_has_spec.billingProject_omitted_and_spec.requestProjectPolicy_set_to_RESOURCE_PROJECT (0.00s)
unit-tests	UNKNOWN STEP	2026-02-15T21:14:17.7018395Z     --- PASS: TestConfigConnectorContextChecker/CCC_has_spec.billingProject_omitted_and_spec.requestProjectPolicy_set_to_RESOURCE_PROJECT (0.00s)
unit-tests	UNKNOWN STEP	2026-02-15T21:14:17.7018928Z 
unit-tests	UNKNOWN STEP	2026-02-15T21:14:17.7019113Z ##[endgroup]
unit-tests	UNKNOWN STEP	2026-02-15T21:14:17.7019907Z ##[group][32mPASS[0m operator/pkg/preflight.TestConfigConnectorContextChecker/CCC_has_spec.billingProject_set_to_empty_and_requestProjectPolicy_set_to_BILLING_PROJECT (0.00s)
unit-tests	UNKNOWN STEP	2026-02-15T21:14:17.7021449Z     --- PASS: TestConfigConnectorContextChecker/CCC_has_spec.billingProject_set_to_empty_and_requestProjectPolicy_set_to_BILLING_PROJECT (0.00s)
unit-tests	UNKNOWN STEP	2026-02-15T21:14:17.7022115Z 
unit-tests	UNKNOWN STEP	2026-02-15T21:14:17.7022309Z ##[endgroup]
unit-tests	UNKNOWN STEP	2026-02-15T21:14:17.7023142Z ##[group][32mPASS[0m operator/pkg/preflight.TestConfigConnectorContextChecker/CCC_has_spec.billingProject_unset_and_requestProjectPolicy_set_to_SERVICE_ACCOUNT_PROJECT (0.00s)
unit-tests	UNKNOWN STEP	2026-02-15T21:14:17.7024368Z     --- PASS: TestConfigConnectorContextChecker/CCC_has_spec.billingProject_unset_and_requestProjectPolicy_set_to_SERVICE_ACCOUNT_PROJECT (0.00s)
unit-tests	UNKNOWN STEP	2026-02-15T21:14:17.7024887Z 
unit-tests	UNKNOWN STEP	2026-02-15T21:14:17.7025073Z ##[endgroup]
unit-tests	UNKNOWN STEP	2026-02-15T21:14:17.7025860Z ##[group][32mPASS[0m operator/pkg/preflight.TestConfigConnectorContextChecker/CCC_has_spec.billingProject_unset_and_requestProjectPolicy_set_to_RESOURCE_PROJECT (0.00s)
unit-tests	UNKNOWN STEP	2026-02-15T21:14:17.7027021Z     --- PASS: TestConfigConnectorContextChecker/CCC_has_spec.billingProject_unset_and_requestProjectPolicy_set_to_RESOURCE_PROJECT (0.00s)
unit-tests	UNKNOWN STEP	2026-02-15T21:14:17.7027526Z 
unit-tests	UNKNOWN STEP	2026-02-15T21:14:17.7027707Z ##[endgroup]
unit-tests	UNKNOWN STEP	2026-02-15T21:14:17.7028477Z ##[group][32mPASS[0m operator/pkg/preflight.TestConfigConnectorContextChecker/CCC_has_spec.billingProject_unset_and_requestProjectPolicy_set_to_BILLING_PROJECT (0.00s)
unit-tests	UNKNOWN STEP	2026-02-15T21:14:17.7029619Z     --- PASS: TestConfigConnectorContextChecker/CCC_has_spec.billingProject_unset_and_requestProjectPolicy_set_to_BILLING_PROJECT (0.00s)
unit-tests	UNKNOWN STEP	2026-02-15T21:14:17.7030105Z 
unit-tests	UNKNOWN STEP	2026-02-15T21:14:17.7030281Z ##[endgroup]
unit-tests	UNKNOWN STEP	2026-02-15T21:14:17.7031288Z ##[group][32mPASS[0m operator/pkg/preflight.TestConfigConnectorContextChecker/CCC_has_spec.billingProject_omitted_and_spec.requestProjectPolicy_set_to_SERVICE_ACCOUNT_PROJECT (0.00s)
unit-tests	UNKNOWN STEP	2026-02-15T21:14:17.7032574Z     --- PASS: TestConfigConnectorContextChecker/CCC_has_spec.billingProject_omitted_and_spec.requestProjectPolicy_set_to_SERVICE_ACCOUNT_PROJECT (0.00s)
unit-tests	UNKNOWN STEP	2026-02-15T21:14:17.7033120Z 
unit-tests	UNKNOWN STEP	2026-02-15T21:14:17.7033298Z ##[endgroup]
unit-tests	UNKNOWN STEP	2026-02-15T21:14:17.7033723Z   [32mPASS[0m operator/pkg/preflight.TestConfigConnectorContextChecker (0.00s)
unit-tests	UNKNOWN STEP	2026-02-15T21:14:17.7034454Z ##[group][32mPASS[0m operator/pkg/preflight.TestNameChecker_ConfigConnector/predefined_name (0.00s)
unit-tests	UNKNOWN STEP	2026-02-15T21:14:17.7035047Z     --- PASS: TestNameChecker_ConfigConnector/predefined_name (0.00s)
unit-tests	UNKNOWN STEP	2026-02-15T21:14:17.7035302Z 
unit-tests	UNKNOWN STEP	2026-02-15T21:14:17.7035483Z ##[endgroup]
unit-tests	UNKNOWN STEP	2026-02-15T21:14:17.7035966Z ##[group][32mPASS[0m operator/pkg/preflight.TestNameChecker_ConfigConnector/random_name (0.00s)
unit-tests	UNKNOWN STEP	2026-02-15T21:14:17.7036519Z     --- PASS: TestNameChecker_ConfigConnector/random_name (0.00s)
unit-tests	UNKNOWN STEP	2026-02-15T21:14:17.7036751Z 
unit-tests	UNKNOWN STEP	2026-02-15T21:14:17.7036921Z ##[endgroup]
unit-tests	UNKNOWN STEP	2026-02-15T21:14:17.7037312Z   [32mPASS[0m operator/pkg/preflight.TestNameChecker_ConfigConnector (4.37s)
unit-tests	UNKNOWN STEP	2026-02-15T21:14:17.7038107Z ##[group][32mPASS[0m operator/pkg/preflight.TestNameChecker_ConfigConnectorContext/valid_ConfigConnectorContext_name (0.00s)
unit-tests	UNKNOWN STEP	2026-02-15T21:14:17.7038912Z     --- PASS: TestNameChecker_ConfigConnectorContext/valid_ConfigConnectorContext_name (0.00s)
unit-tests	UNKNOWN STEP	2026-02-15T21:14:17.7039411Z 
unit-tests	UNKNOWN STEP	2026-02-15T21:14:17.7039589Z ##[endgroup]
unit-tests	UNKNOWN STEP	2026-02-15T21:14:18.0074293Z ##[group][32mPASS[0m operator/pkg/controllers/configconnectorcontext.TestApplyNamespacedCustomizations/customize_the_resources_for_cnrm-controller-manager (7.95s)
unit-tests	UNKNOWN STEP	2026-02-15T21:14:18.0076320Z     --- PASS: TestApplyNamespacedCustomizations/customize_the_resources_for_cnrm-controller-manager (7.95s)
unit-tests	UNKNOWN STEP	2026-02-15T21:14:18.0077100Z 
unit-tests	UNKNOWN STEP	2026-02-15T21:14:18.0077459Z ##[endgroup]
unit-tests	UNKNOWN STEP	2026-02-15T21:14:18.0078805Z ##[group][32mPASS[0m operator/pkg/controllers/configconnectorcontext.TestApplyNamespacedCustomizations/customization_from_a_different_namespace_has_no_effect (8.07s)
unit-tests	UNKNOWN STEP	2026-02-15T21:14:18.0080799Z     --- PASS: TestApplyNamespacedCustomizations/customization_from_a_different_namespace_has_no_effect (8.07s)
unit-tests	UNKNOWN STEP	2026-02-15T21:14:18.0081913Z 
unit-tests	UNKNOWN STEP	2026-02-15T21:14:18.0082266Z ##[endgroup]
unit-tests	UNKNOWN STEP	2026-02-15T21:14:18.0083729Z ##[group][32mPASS[0m operator/pkg/controllers/configconnectorcontext.TestApplyNamespacedCustomizations/observedGeneration_is_correctly_set_in_status (8.29s)
unit-tests	UNKNOWN STEP	2026-02-15T21:14:18.0085656Z     --- PASS: TestApplyNamespacedCustomizations/observedGeneration_is_correctly_set_in_status (8.29s)
unit-tests	UNKNOWN STEP	2026-02-15T21:14:18.0086308Z 
unit-tests	UNKNOWN STEP	2026-02-15T21:14:18.0086521Z ##[endgroup]
unit-tests	UNKNOWN STEP	2026-02-15T21:14:18.0087972Z ##[group][32mPASS[0m operator/pkg/controllers/configconnectorcontext.TestApplyNamespacedCustomizations/cluster-scoped_customization_CR_has_no_effect (10.16s)
unit-tests	UNKNOWN STEP	2026-02-15T21:14:18.0090132Z     --- PASS: TestApplyNamespacedCustomizations/cluster-scoped_customization_CR_has_no_effect (10.16s)
unit-tests	UNKNOWN STEP	2026-02-15T21:14:18.0090857Z 
unit-tests	UNKNOWN STEP	2026-02-15T21:14:18.0091351Z ##[endgroup]
unit-tests	UNKNOWN STEP	2026-02-15T21:14:18.0092825Z ##[group][32mPASS[0m operator/pkg/controllers/configconnectorcontext.TestApplyNamespacedCustomizations/customize_for_a_non-existing_controller_fails (6.95s)
unit-tests	UNKNOWN STEP	2026-02-15T21:14:18.0094719Z     --- PASS: TestApplyNamespacedCustomizations/customize_for_a_non-existing_controller_fails (6.95s)
unit-tests	UNKNOWN STEP	2026-02-15T21:14:18.0095457Z 
unit-tests	UNKNOWN STEP	2026-02-15T21:14:18.0095806Z ##[endgroup]
unit-tests	UNKNOWN STEP	2026-02-15T21:14:18.0097412Z ##[group][32mPASS[0m operator/pkg/controllers/configconnectorcontext.TestApplyNamespacedCustomizations/customize_for_a_non-existing_container_in_a_valid_controller_fails (7.64s)
unit-tests	UNKNOWN STEP	2026-02-15T21:14:18.0099559Z     --- PASS: TestApplyNamespacedCustomizations/customize_for_a_non-existing_container_in_a_valid_controller_fails (7.64s)
unit-tests	UNKNOWN STEP	2026-02-15T21:14:18.0100401Z 
unit-tests	UNKNOWN STEP	2026-02-15T21:14:18.0100748Z ##[endgroup]
unit-tests	UNKNOWN STEP	2026-02-15T21:14:18.0102127Z   [32mPASS[0m operator/pkg/controllers/configconnectorcontext.TestApplyNamespacedCustomizations (0.00s)
unit-tests	UNKNOWN STEP	2026-02-15T21:14:18.4915997Z ##[group][32mPASS[0m operator/pkg/preflight.TestNameChecker_ConfigConnectorContext/random_name (0.00s)
unit-tests	UNKNOWN STEP	2026-02-15T21:14:18.4921587Z     --- PASS: TestNameChecker_ConfigConnectorContext/random_name (0.00s)
unit-tests	UNKNOWN STEP	2026-02-15T21:14:18.4926266Z 
unit-tests	UNKNOWN STEP	2026-02-15T21:14:18.4926695Z ##[endgroup]
unit-tests	UNKNOWN STEP	2026-02-15T21:14:18.4931218Z   [32mPASS[0m operator/pkg/preflight.TestNameChecker_ConfigConnectorContext (5.23s)
unit-tests	UNKNOWN STEP	2026-02-15T21:14:18.4933059Z ##[group][32mPASS[0m operator/pkg/preflight.TestUpgradeChecker_Preflight/no_existing_instance,_can_upgrade/deploy_the_new_version (4.51s)
unit-tests	UNKNOWN STEP	2026-02-15T21:14:18.4934729Z     --- PASS: TestUpgradeChecker_Preflight/no_existing_instance,_can_upgrade/deploy_the_new_version (4.51s)
unit-tests	UNKNOWN STEP	2026-02-15T21:14:18.4935467Z 
unit-tests	UNKNOWN STEP	2026-02-15T21:14:18.4941420Z ##[endgroup]
unit-tests	UNKNOWN STEP	2026-02-15T21:14:18.4942656Z ##[group][32mPASS[0m operator/pkg/preflight.TestUpgradeChecker_Preflight/delete_will_always_pass_preflight_check (5.06s)
unit-tests	UNKNOWN STEP	2026-02-15T21:14:18.4944129Z     --- PASS: TestUpgradeChecker_Preflight/delete_will_always_pass_preflight_check (5.06s)
unit-tests	UNKNOWN STEP	2026-02-15T21:14:18.4944729Z 
unit-tests	UNKNOWN STEP	2026-02-15T21:14:18.4945066Z ##[endgroup]
unit-tests	UNKNOWN STEP	2026-02-15T21:14:18.4946036Z ##[group][32mPASS[0m operator/pkg/preflight.TestUpgradeChecker_Preflight/major_change,_no_upgrade (5.15s)
unit-tests	UNKNOWN STEP	2026-02-15T21:14:18.4947193Z     --- PASS: TestUpgradeChecker_Preflight/major_change,_no_upgrade (5.15s)
unit-tests	UNKNOWN STEP	2026-02-15T21:14:18.4947644Z 
unit-tests	UNKNOWN STEP	2026-02-15T21:14:18.4948250Z ##[endgroup]
unit-tests	UNKNOWN STEP	2026-02-15T21:14:18.4949174Z ##[group][32mPASS[0m operator/pkg/preflight.TestUpgradeChecker_Preflight/major_change,_no_downgrade (5.45s)
unit-tests	UNKNOWN STEP	2026-02-15T21:14:18.4950564Z     --- PASS: TestUpgradeChecker_Preflight/major_change,_no_downgrade (5.45s)
unit-tests	UNKNOWN STEP	2026-02-15T21:14:18.4951195Z 
unit-tests	UNKNOWN STEP	2026-02-15T21:14:18.4951510Z ##[endgroup]
unit-tests	UNKNOWN STEP	2026-02-15T21:14:18.4952495Z ##[group][32mPASS[0m operator/pkg/preflight.TestUpgradeChecker_Preflight/reconcile_on_the_same_version (5.20s)
unit-tests	UNKNOWN STEP	2026-02-15T21:14:18.4953713Z     --- PASS: TestUpgradeChecker_Preflight/reconcile_on_the_same_version (5.20s)
unit-tests	UNKNOWN STEP	2026-02-15T21:14:18.4954282Z 
unit-tests	UNKNOWN STEP	2026-02-15T21:14:18.4954598Z ##[endgroup]
unit-tests	UNKNOWN STEP	2026-02-15T21:14:18.4955683Z ##[group][32mPASS[0m operator/pkg/preflight.TestUpgradeChecker_Preflight/new_version_is_compatible,_can_upgrade_it (5.22s)
unit-tests	UNKNOWN STEP	2026-02-15T21:14:18.4957046Z     --- PASS: TestUpgradeChecker_Preflight/new_version_is_compatible,_can_upgrade_it (5.22s)
unit-tests	UNKNOWN STEP	2026-02-15T21:14:18.4957620Z 
unit-tests	UNKNOWN STEP	2026-02-15T21:14:18.4957932Z ##[endgroup]
unit-tests	UNKNOWN STEP	2026-02-15T21:14:18.4958613Z   [32mPASS[0m operator/pkg/preflight.TestUpgradeChecker_Preflight (0.00s)
unit-tests	UNKNOWN STEP	2026-02-15T21:14:18.4986757Z   [32mPASS[0m Package operator/pkg/preflight (10.488s) (coverage: 76.7% of statements)
unit-tests	UNKNOWN STEP	2026-02-15T21:14:18.4987531Z 
unit-tests	UNKNOWN STEP	2026-02-15T21:14:25.5545412Z ##[group][32mPASS[0m operator/pkg/controllers/configconnectorcontext.TestApplyNamespacedRateLimitCustomizations/customize_the_rate_limit_for_a_unsupported_controller_fails (6.20s)
unit-tests	UNKNOWN STEP	2026-02-15T21:14:25.5547091Z     --- PASS: TestApplyNamespacedRateLimitCustomizations/customize_the_rate_limit_for_a_unsupported_controller_fails (6.20s)
unit-tests	UNKNOWN STEP	2026-02-15T21:14:25.5547918Z 
unit-tests	UNKNOWN STEP	2026-02-15T21:14:25.5548204Z ##[endgroup]
unit-tests	UNKNOWN STEP	2026-02-15T21:14:25.5549318Z ##[group][32mPASS[0m operator/pkg/controllers/configconnectorcontext.TestApplyNamespacedRateLimitCustomizations/customize_the_rate_limit_for_cnrm-controller-manager (7.10s)
unit-tests	UNKNOWN STEP	2026-02-15T21:14:25.5550980Z     --- PASS: TestApplyNamespacedRateLimitCustomizations/customize_the_rate_limit_for_cnrm-controller-manager (7.10s)
unit-tests	UNKNOWN STEP	2026-02-15T21:14:25.5551937Z 
unit-tests	UNKNOWN STEP	2026-02-15T21:14:25.5552188Z ##[endgroup]
unit-tests	UNKNOWN STEP	2026-02-15T21:14:25.5553394Z ##[group][32mPASS[0m operator/pkg/controllers/configconnectorcontext.TestApplyNamespacedRateLimitCustomizations/customization_from_a_different_namespace_has_no_effect (7.55s)
unit-tests	UNKNOWN STEP	2026-02-15T21:14:25.5554568Z     --- PASS: TestApplyNamespacedRateLimitCustomizations/customization_from_a_different_namespace_has_no_effect (7.55s)
unit-tests	UNKNOWN STEP	2026-02-15T21:14:25.5555019Z 
unit-tests	UNKNOWN STEP	2026-02-15T21:14:25.5555209Z ##[endgroup]
unit-tests	UNKNOWN STEP	2026-02-15T21:14:25.5555850Z   [32mPASS[0m operator/pkg/controllers/configconnectorcontext.TestApplyNamespacedRateLimitCustomizations (0.00s)
unit-tests	UNKNOWN STEP	2026-02-15T21:14:31.7623944Z ##[group][32mPASS[0m operator/pkg/controllers/configconnector.TestHandleConfigConnectorDelete/cluster_mode_workload_identity_uninstall (8.93s)
unit-tests	UNKNOWN STEP	2026-02-15T21:14:31.7626069Z     --- PASS: TestHandleConfigConnectorDelete/cluster_mode_workload_identity_uninstall (8.93s)
unit-tests	UNKNOWN STEP	2026-02-15T21:14:31.7627070Z 
unit-tests	UNKNOWN STEP	2026-02-15T21:14:31.7627754Z ##[endgroup]
unit-tests	UNKNOWN STEP	2026-02-15T21:14:31.7629600Z ##[group][32mPASS[0m operator/pkg/controllers/configconnector.TestHandleConfigConnectorDelete/cluster_mode_gcp_identity_uninstall (9.08s)
unit-tests	UNKNOWN STEP	2026-02-15T21:14:31.7631500Z [controller-runtime] log.SetLogger(...) was never called; logs will not be displayed.
unit-tests	UNKNOWN STEP	2026-02-15T21:14:31.7632498Z Detected at:
unit-tests	UNKNOWN STEP	2026-02-15T21:14:31.7636102Z 	>  goroutine 33 [running]:
unit-tests	UNKNOWN STEP	2026-02-15T21:14:31.7636543Z 	>  runtime/debug.Stack()
unit-tests	UNKNOWN STEP	2026-02-15T21:14:31.7637223Z 	>  	/opt/hostedtoolcache/go/1.24.6/x64/src/runtime/debug/stack.go:26 +0x5e
unit-tests	UNKNOWN STEP	2026-02-15T21:14:31.7638135Z 	>  sigs.k8s.io/controller-runtime/pkg/log.eventuallyFulfillRoot()
unit-tests	UNKNOWN STEP	2026-02-15T21:14:31.7639114Z 	>  	/home/runner/go/pkg/mod/sigs.k8s.io/controller-runtime@v0.20.4/pkg/log/log.go:60 +0xcd
unit-tests	UNKNOWN STEP	2026-02-15T21:14:31.7640299Z 	>  sigs.k8s.io/controller-runtime/pkg/log.(*delegatingLogSink).WithValues(0xc000235500, {0x0, 0x0, 0x0})
unit-tests	UNKNOWN STEP	2026-02-15T21:14:31.7641664Z 	>  	/home/runner/go/pkg/mod/sigs.k8s.io/controller-runtime@v0.20.4/pkg/log/deleg.go:168 +0x49
unit-tests	UNKNOWN STEP	2026-02-15T21:14:31.7642788Z 	>  github.com/go-logr/logr.Logger.WithValues(...)
unit-tests	UNKNOWN STEP	2026-02-15T21:14:31.7643775Z 	>  	/home/runner/go/pkg/mod/github.com/go-logr/logr@v1.4.3/logr.go:332
unit-tests	UNKNOWN STEP	2026-02-15T21:14:31.7644882Z 	>  sigs.k8s.io/controller-runtime/pkg/log.FromContext({0x42a9d98?, 0x5ba0a00?}, {0x0?, 0x0?, 0x0?})
unit-tests	UNKNOWN STEP	2026-02-15T21:14:31.7646075Z 	>  	/home/runner/go/pkg/mod/sigs.k8s.io/controller-runtime@v0.20.4/pkg/log/log.go:98 +0xba
unit-tests	UNKNOWN STEP	2026-02-15T21:14:31.7647532Z 	>  sigs.k8s.io/kubebuilder-declarative-pattern/pkg/patterns/declarative/pkg/manifest.ParseObjects({0x42a9d98?, 0x5ba0a00?}, {0x0, 0x0})
unit-tests	UNKNOWN STEP	2026-02-15T21:14:31.7649605Z 	>  	/home/runner/go/pkg/mod/sigs.k8s.io/kubebuilder-declarative-pattern@v0.20.0-beta.1.0.20250514194322-871029137730/pkg/patterns/declarative/pkg/manifest/objects.go:386 +0x49
unit-tests	UNKNOWN STEP	2026-02-15T21:14:31.7660912Z 	>  github.com/GoogleCloudPlatform/k8s-config-connector/operator/pkg/test/controller.ParseObjects({0x42a9d98, 0x5ba0a00}, 0xc000103c00, {0x0?, 0xc000102e00?, 0xc000757dc0?})
unit-tests	UNKNOWN STEP	2026-02-15T21:14:31.7663145Z 	>  	/home/runner/work/k8s-config-connector/k8s-config-connector/operator/pkg/test/controller/manifest.go:579 +0x7c
unit-tests	UNKNOWN STEP	2026-02-15T21:14:31.7665170Z 	>  github.com/GoogleCloudPlatform/k8s-config-connector/operator/pkg/controllers/configconnector.TestHandleConfigConnectorDelete.func9(0xc000103c00)
unit-tests	UNKNOWN STEP	2026-02-15T21:14:31.7667440Z 	>  	/home/runner/work/k8s-config-connector/k8s-config-connector/operator/pkg/controllers/configconnector/configconnector_controller_test.go:556 +0xd45
unit-tests	UNKNOWN STEP	2026-02-15T21:14:31.7668795Z 	>  testing.tRunner(0xc000103c00, 0xc000110cc0)
unit-tests	UNKNOWN STEP	2026-02-15T21:14:31.7669546Z 	>  	/opt/hostedtoolcache/go/1.24.6/x64/src/testing/testing.go:1792 +0xf4
unit-tests	UNKNOWN STEP	2026-02-15T21:14:31.7670296Z 	>  created by testing.(*T).Run in goroutine 30
unit-tests	UNKNOWN STEP	2026-02-15T21:14:31.7671234Z 	>  	/opt/hostedtoolcache/go/1.24.6/x64/src/testing/testing.go:1851 +0x413
unit-tests	UNKNOWN STEP	2026-02-15T21:14:31.7672613Z     --- PASS: TestHandleConfigConnectorDelete/cluster_mode_gcp_identity_uninstall (9.08s)
unit-tests	UNKNOWN STEP	2026-02-15T21:14:31.7673318Z 
unit-tests	UNKNOWN STEP	2026-02-15T21:14:31.7673791Z ##[endgroup]
unit-tests	UNKNOWN STEP	2026-02-15T21:14:31.7675508Z ##[group][32mPASS[0m operator/pkg/controllers/configconnector.TestHandleConfigConnectorDelete/namespaced_mode_CC,_1_CCContext_per_namespace,_delete_CC (40.77s)
unit-tests	UNKNOWN STEP	2026-02-15T21:14:31.7677585Z     --- PASS: TestHandleConfigConnectorDelete/namespaced_mode_CC,_1_CCContext_per_namespace,_delete_CC (40.77s)
unit-tests	UNKNOWN STEP	2026-02-15T21:14:31.7678425Z 
unit-tests	UNKNOWN STEP	2026-02-15T21:14:31.7678808Z ##[endgroup]
unit-tests	UNKNOWN STEP	2026-02-15T21:14:31.7680178Z ##[group][32mPASS[0m operator/pkg/controllers/configconnector.TestHandleConfigConnectorDelete/namespaced_mode_CC,_1_CCContext,_delete_CC (40.78s)
unit-tests	UNKNOWN STEP	2026-02-15T21:14:31.7682403Z     --- PASS: TestHandleConfigConnectorDelete/namespaced_mode_CC,_1_CCContext,_delete_CC (40.78s)
unit-tests	UNKNOWN STEP	2026-02-15T21:14:31.7683051Z 
unit-tests	UNKNOWN STEP	2026-02-15T21:14:31.7683448Z ##[endgroup]
unit-tests	UNKNOWN STEP	2026-02-15T21:14:31.7684427Z   [32mPASS[0m operator/pkg/controllers/configconnector.TestHandleConfigConnectorDelete (0.00s)
unit-tests	UNKNOWN STEP	2026-02-15T21:14:32.2883518Z ##[group][32mPASS[0m operator/pkg/controllers/configconnectorcontext.TestGoldenConfigConnectorContext/simple (6.73s)
unit-tests	UNKNOWN STEP	2026-02-15T21:14:32.2912651Z [controller-runtime] log.SetLogger(...) was never called; logs will not be displayed.
unit-tests	UNKNOWN STEP	2026-02-15T21:14:32.2913705Z Detected at:
unit-tests	UNKNOWN STEP	2026-02-15T21:14:32.2914234Z 	>  goroutine 1790 [running]:
unit-tests	UNKNOWN STEP	2026-02-15T21:14:32.2914796Z 	>  runtime/debug.Stack()
unit-tests	UNKNOWN STEP	2026-02-15T21:14:32.2915599Z 	>  	/opt/hostedtoolcache/go/1.24.6/x64/src/runtime/debug/stack.go:26 +0x5e
unit-tests	UNKNOWN STEP	2026-02-15T21:14:32.2916611Z 	>  sigs.k8s.io/controller-runtime/pkg/log.eventuallyFulfillRoot()
unit-tests	UNKNOWN STEP	2026-02-15T21:14:32.2917721Z 	>  	/home/runner/go/pkg/mod/sigs.k8s.io/controller-runtime@v0.20.4/pkg/log/log.go:60 +0xcd
unit-tests	UNKNOWN STEP	2026-02-15T21:14:32.2922079Z 	>  sigs.k8s.io/controller-runtime/pkg/log.(*delegatingLogSink).WithName(0xc0002bd4c0, {0x3cee5a2, 0x14})
unit-tests	UNKNOWN STEP	2026-02-15T21:14:32.2923493Z 	>  	/home/runner/go/pkg/mod/sigs.k8s.io/controller-runtime@v0.20.4/pkg/log/deleg.go:147 +0x3e
unit-tests	UNKNOWN STEP	2026-02-15T21:14:32.2924855Z 	>  github.com/go-logr/logr.Logger.WithName({{0x42e8020, 0xc0002bd4c0}, 0x0}, {0x3cee5a2?, 0xc000d00eb8?})
unit-tests	UNKNOWN STEP	2026-02-15T21:14:32.2926548Z 	>  	/home/runner/go/pkg/mod/github.com/go-logr/logr@v1.4.3/logr.go:345 +0x36
unit-tests	UNKNOWN STEP	2026-02-15T21:14:32.2928171Z 	>  sigs.k8s.io/controller-runtime/pkg/client.newClient(0xc000d00fd8?, {0x0, 0x0, {0x0, 0x0}, 0x0, 0x0})
unit-tests	UNKNOWN STEP	2026-02-15T21:14:32.2929579Z 	>  	/home/runner/go/pkg/mod/sigs.k8s.io/controller-runtime@v0.20.4/pkg/client/client.go:118 +0xdb
unit-tests	UNKNOWN STEP	2026-02-15T21:14:32.2930851Z 	>  sigs.k8s.io/controller-runtime/pkg/client.New(0x0?, {0x0, 0x0, {0x0, 0x0}, 0x0, 0x0})
unit-tests	UNKNOWN STEP	2026-02-15T21:14:32.2932526Z 	>  	/home/runner/go/pkg/mod/sigs.k8s.io/controller-runtime@v0.20.4/pkg/client/client.go:98 +0x55
unit-tests	UNKNOWN STEP	2026-02-15T21:14:32.2933948Z 	>  sigs.k8s.io/controller-runtime/pkg/envtest.(*Environment).waitForDefaultNamespace(0xc000964980?, 0x3ccbf8b?)
unit-tests	UNKNOWN STEP	2026-02-15T21:14:32.2935433Z 	>  	/home/runner/go/pkg/mod/sigs.k8s.io/controller-runtime@v0.20.4/pkg/envtest/server.go:337 +0x28
unit-tests	UNKNOWN STEP	2026-02-15T21:14:32.2936799Z 	>  sigs.k8s.io/controller-runtime/pkg/envtest.(*Environment).Start(0xc000cf5188)
unit-tests	UNKNOWN STEP	2026-02-15T21:14:32.2938081Z 	>  	/home/runner/go/pkg/mod/sigs.k8s.io/controller-runtime@v0.20.4/pkg/envtest/server.go:275 +0x705
unit-tests	UNKNOWN STEP	2026-02-15T21:14:32.2962465Z 	>  sigs.k8s.io/kubebuilder-declarative-pattern/pkg/test/golden.(*kubeInstance).startKube(_, {_, _}, {0xc000cf4008, {0xc000e0e660, 0x5, 0x6}, {0x0, 0x0, {0x0, ...}, ...}, ...})
unit-tests	UNKNOWN STEP	2026-02-15T21:14:32.2964827Z 	>  	/home/runner/go/pkg/mod/sigs.k8s.io/kubebuilder-declarative-pattern@v0.20.0-beta.1.0.20250514194322-871029137730/pkg/test/golden/validator.go:129 +0x5b
unit-tests	UNKNOWN STEP	2026-02-15T21:14:32.2966851Z 	>  sigs.k8s.io/kubebuilder-declarative-pattern/pkg/test/golden.(*validator).Validate.func2({0xc000738300, 0x16}, {0x42ea970, 0xc000e03180})
unit-tests	UNKNOWN STEP	2026-02-15T21:14:32.2969046Z 	>  	/home/runner/go/pkg/mod/sigs.k8s.io/kubebuilder-declarative-pattern@v0.20.0-beta.1.0.20250514194322-871029137730/pkg/test/golden/validator.go:301 +0x134
unit-tests	UNKNOWN STEP	2026-02-15T21:14:32.2971501Z 	>  sigs.k8s.io/kubebuilder-declarative-pattern/pkg/test/golden.(*validator).Validate.func3(0xc000e03180)
unit-tests	UNKNOWN STEP	2026-02-15T21:14:32.2973395Z 	>  	/home/runner/go/pkg/mod/sigs.k8s.io/kubebuilder-declarative-pattern@v0.20.0-beta.1.0.20250514194322-871029137730/pkg/test/golden/validator.go:459 +0x74
unit-tests	UNKNOWN STEP	2026-02-15T21:14:32.2974949Z 	>  testing.tRunner(0xc000e03180, 0xc000780ae0)
unit-tests	UNKNOWN STEP	2026-02-15T21:14:32.2976016Z 	>  	/opt/hostedtoolcache/go/1.24.6/x64/src/testing/testing.go:1792 +0xf4
unit-tests	UNKNOWN STEP	2026-02-15T21:14:32.2976791Z 	>  created by testing.(*T).Run in goroutine 1789
unit-tests	UNKNOWN STEP	2026-02-15T21:14:32.2977578Z 	>  	/opt/hostedtoolcache/go/1.24.6/x64/src/testing/testing.go:1851 +0x413
unit-tests	UNKNOWN STEP	2026-02-15T21:14:32.2978648Z     validator.go:334: created object  /configconnector.core.cnrm.cloud.google.com
unit-tests	UNKNOWN STEP	2026-02-15T21:14:32.2979829Z     validator.go:334: created object  /testns1
unit-tests	UNKNOWN STEP	2026-02-15T21:14:32.2980747Z     validator.go:334: created object  /configconnector-operator-system
unit-tests	UNKNOWN STEP	2026-02-15T21:14:32.2981669Z     validator.go:334: created object  /cnrm-system
unit-tests	UNKNOWN STEP	2026-02-15T21:14:32.2982581Z     validator.go:334: created object  configconnector-operator-system/namespace-id
unit-tests	UNKNOWN STEP	2026-02-15T21:14:32.2983869Z     validator.go:370: created object  testns1/configconnectorcontext.core.cnrm.cloud.google.com
unit-tests	UNKNOWN STEP	2026-02-15T21:14:32.2984908Z     --- PASS: TestGoldenConfigConnectorContext/simple (6.73s)
unit-tests	UNKNOWN STEP	2026-02-15T21:14:32.2985354Z 
unit-tests	UNKNOWN STEP	2026-02-15T21:14:32.2985927Z ##[endgroup]
unit-tests	UNKNOWN STEP	2026-02-15T21:14:32.2987160Z ##[group][32mPASS[0m operator/pkg/controllers/configconnectorcontext.TestGoldenConfigConnectorContext (6.73s)
unit-tests	UNKNOWN STEP	2026-02-15T21:14:32.2988860Z     harness.go:85: cwd = /home/runner/work/k8s-config-connector/k8s-config-connector/operator/pkg/controllers/configconnectorcontext
unit-tests	UNKNOWN STEP	2026-02-15T21:14:32.2990471Z     harness.go:85: found channels in /home/runner/work/k8s-config-connector/k8s-config-connector/operator/channels
unit-tests	UNKNOWN STEP	2026-02-15T21:14:32.3052522Z     harness.go:85: flagChannel = /home/runner/work/k8s-config-connector/k8s-config-connector/operator/channels
unit-tests	UNKNOWN STEP	2026-02-15T21:14:32.3053242Z 
unit-tests	UNKNOWN STEP	2026-02-15T21:14:32.3053613Z ##[endgroup]
unit-tests	UNKNOWN STEP	2026-02-15T21:14:38.9273212Z ##[group][32mPASS[0m operator/pkg/controllers/configconnector.TestSelectingCRDsByVersion/select_v1alpha1_CRD_from_v1alpha1_and_v1beta1_CRDs (4.50s)
unit-tests	UNKNOWN STEP	2026-02-15T21:14:38.9275049Z     --- PASS: TestSelectingCRDsByVersion/select_v1alpha1_CRD_from_v1alpha1_and_v1beta1_CRDs (4.50s)
unit-tests	UNKNOWN STEP	2026-02-15T21:14:38.9275520Z 
unit-tests	UNKNOWN STEP	2026-02-15T21:14:38.9275751Z ##[endgroup]
unit-tests	UNKNOWN STEP	2026-02-15T21:14:38.9276631Z ##[group][32mPASS[0m operator/pkg/controllers/configconnector.TestSelectingCRDsByVersion/select_v1alpha1_CRD_from_defective_CRD (5.16s)
unit-tests	UNKNOWN STEP	2026-02-15T21:14:38.9277745Z     --- PASS: TestSelectingCRDsByVersion/select_v1alpha1_CRD_from_defective_CRD (5.16s)
unit-tests	UNKNOWN STEP	2026-02-15T21:14:38.9278089Z 
unit-tests	UNKNOWN STEP	2026-02-15T21:14:38.9278371Z ##[endgroup]
unit-tests	UNKNOWN STEP	2026-02-15T21:14:38.9279243Z ##[group][32mPASS[0m operator/pkg/controllers/configconnector.TestSelectingCRDsByVersion/select_v1alpha1_CRD_from_non-KCC_CRD (5.66s)
unit-tests	UNKNOWN STEP	2026-02-15T21:14:38.9280432Z     --- PASS: TestSelectingCRDsByVersion/select_v1alpha1_CRD_from_non-KCC_CRD (5.66s)
unit-tests	UNKNOWN STEP	2026-02-15T21:14:38.9280783Z 
unit-tests	UNKNOWN STEP	2026-02-15T21:14:38.9280982Z ##[endgroup]
unit-tests	UNKNOWN STEP	2026-02-15T21:14:38.9282254Z ##[group][32mPASS[0m operator/pkg/controllers/configconnector.TestSelectingCRDsByVersion/select_v1alpha1_CRD_from_v1beta1_CRDs (7.16s)
unit-tests	UNKNOWN STEP	2026-02-15T21:14:38.9283109Z     --- PASS: TestSelectingCRDsByVersion/select_v1alpha1_CRD_from_v1beta1_CRDs (7.16s)
unit-tests	UNKNOWN STEP	2026-02-15T21:14:38.9283443Z 
unit-tests	UNKNOWN STEP	2026-02-15T21:14:38.9283631Z ##[endgroup]
unit-tests	UNKNOWN STEP	2026-02-15T21:14:38.9284118Z   [32mPASS[0m operator/pkg/controllers/configconnector.TestSelectingCRDsByVersion (0.00s)
unit-tests	UNKNOWN STEP	2026-02-15T21:14:40.1544139Z   [32mPASS[0m operator/pkg/controllers/configconnectorcontext.TestHandleReconcileFailed (7.87s)
unit-tests	UNKNOWN STEP	2026-02-15T21:14:41.0748078Z   [32mPASS[0m operator/pkg/controllers/configconnectorcontext.TestHandleReconcileSucceeded (8.79s)
unit-tests	UNKNOWN STEP	2026-02-15T21:14:44.7405337Z   [32mPASS[0m operator/pkg/controllers/configconnector.TestConfigConnectorControllerWatchCustomizationCR (5.81s)
unit-tests	UNKNOWN STEP	2026-02-15T21:14:45.3116127Z ##[group][32mPASS[0m operator/pkg/controllers/configconnectorcontext.TestRemovingStaleComponents/namespaced_mode (6.74s)
unit-tests	UNKNOWN STEP	2026-02-15T21:14:45.3117507Z     --- PASS: TestRemovingStaleComponents/namespaced_mode (6.74s)
unit-tests	UNKNOWN STEP	2026-02-15T21:14:45.3118003Z 
unit-tests	UNKNOWN STEP	2026-02-15T21:14:45.3118374Z ##[endgroup]
unit-tests	UNKNOWN STEP	2026-02-15T21:14:45.3119636Z ##[group][32mPASS[0m operator/pkg/controllers/configconnectorcontext.TestRemovingStaleComponents/per_namespace_mode (4.32s)
unit-tests	UNKNOWN STEP	2026-02-15T21:14:45.3121004Z     --- PASS: TestRemovingStaleComponents/per_namespace_mode (4.32s)
unit-tests	UNKNOWN STEP	2026-02-15T21:14:45.3121749Z 
unit-tests	UNKNOWN STEP	2026-02-15T21:14:45.3122221Z ##[endgroup]
unit-tests	UNKNOWN STEP	2026-02-15T21:14:45.3123275Z   [32mPASS[0m operator/pkg/controllers/configconnectorcontext.TestRemovingStaleComponents (0.00s)
unit-tests	UNKNOWN STEP	2026-02-15T21:14:45.3128229Z   [32mPASS[0m operator/pkg/controllers/configconnectorcontext.TestControllerOverridesField (0.00s)
unit-tests	UNKNOWN STEP	2026-02-15T21:14:47.6386933Z   [32mPASS[0m operator/pkg/controllers/configconnectorcontext.TestVPAIntegration (7.49s)
unit-tests	UNKNOWN STEP	2026-02-15T21:14:51.5570285Z ##[group][32mPASS[0m operator/pkg/controllers/configconnector.TestApplyFailsForDuplicatedWebhook/customize_for_the_same_webhook_multiple_times_in_MutatingWebhookCRForDuplicatedWebhook_fails (6.31s)
unit-tests	UNKNOWN STEP	2026-02-15T21:14:51.5573075Z     --- PASS: TestApplyFailsForDuplicatedWebhook/customize_for_the_same_webhook_multiple_times_in_MutatingWebhookCRForDuplicatedWebhook_fails (6.31s)
unit-tests	UNKNOWN STEP	2026-02-15T21:14:51.5574072Z 
unit-tests	UNKNOWN STEP	2026-02-15T21:14:51.5574436Z ##[endgroup]
unit-tests	UNKNOWN STEP	2026-02-15T21:14:51.5576145Z ##[group][32mPASS[0m operator/pkg/controllers/configconnector.TestApplyFailsForDuplicatedWebhook/customize_for_the_same_webhook_multiple_times_in_ValidatingWebhookCRForDuplicatedWebhook_fails (6.82s)
unit-tests	UNKNOWN STEP	2026-02-15T21:14:51.5578616Z     --- PASS: TestApplyFailsForDuplicatedWebhook/customize_for_the_same_webhook_multiple_times_in_ValidatingWebhookCRForDuplicatedWebhook_fails (6.82s)
unit-tests	UNKNOWN STEP	2026-02-15T21:14:51.5579609Z 
unit-tests	UNKNOWN STEP	2026-02-15T21:14:51.5579933Z ##[endgroup]
unit-tests	UNKNOWN STEP	2026-02-15T21:14:51.5580892Z   [32mPASS[0m operator/pkg/controllers/configconnector.TestApplyFailsForDuplicatedWebhook (0.00s)
unit-tests	UNKNOWN STEP	2026-02-15T21:14:59.8603800Z ##[group][32mPASS[0m operator/pkg/controllers/configconnectorcontext.TestHandlePerNamespaceComponentsDelete/Delete_the_CCC_object (8.71s)
unit-tests	UNKNOWN STEP	2026-02-15T21:14:59.8607029Z     --- PASS: TestHandlePerNamespaceComponentsDelete/Delete_the_CCC_object (8.71s)
unit-tests	UNKNOWN STEP	2026-02-15T21:14:59.8608077Z 
unit-tests	UNKNOWN STEP	2026-02-15T21:14:59.8608760Z ##[endgroup]
unit-tests	UNKNOWN STEP	2026-02-15T21:14:59.8610532Z ##[group][32mPASS[0m operator/pkg/controllers/configconnectorcontext.TestHandlePerNamespaceComponentsDelete/CC_is_pending_deletion (6.72s)
unit-tests	UNKNOWN STEP	2026-02-15T21:14:59.8613017Z     --- PASS: TestHandlePerNamespaceComponentsDelete/CC_is_pending_deletion (6.72s)
unit-tests	UNKNOWN STEP	2026-02-15T21:14:59.8613609Z 
unit-tests	UNKNOWN STEP	2026-02-15T21:14:59.8613956Z ##[endgroup]
unit-tests	UNKNOWN STEP	2026-02-15T21:14:59.8615505Z ##[group][32mPASS[0m operator/pkg/controllers/configconnectorcontext.TestHandlePerNamespaceComponentsDelete/CC_is_not_found_per_namepace_mode (6.36s)
unit-tests	UNKNOWN STEP	2026-02-15T21:14:59.8617097Z serviceaccount/cnrm-controller-manager-foo-ns created
unit-tests	UNKNOWN STEP	2026-02-15T21:14:59.8618060Z clusterrolebinding.rbac.authorization.k8s.io/cnrm-manager-cluster-binding-foo-ns created
unit-tests	UNKNOWN STEP	2026-02-15T21:14:59.8619061Z statefulset.apps/cnrm-controller-manager-yaeserys745k6ua created
unit-tests	UNKNOWN STEP	2026-02-15T21:14:59.8619966Z rolebinding.rbac.authorization.k8s.io/cnrm-admin-binding-foo-ns created
unit-tests	UNKNOWN STEP	2026-02-15T21:14:59.8620935Z rolebinding.rbac.authorization.k8s.io/cnrm-manager-ns-binding-foo-ns created
unit-tests	UNKNOWN STEP	2026-02-15T21:14:59.8622098Z rolebinding.rbac.authorization.k8s.io/cnrm-manager-ns-binding-foo-ns created
unit-tests	UNKNOWN STEP	2026-02-15T21:14:59.8622874Z service/cnrm-manager-yaeserys745k6ua created
unit-tests	UNKNOWN STEP	2026-02-15T21:14:59.8623483Z serviceaccount/cnrm-controller-manager-foo-ns unchanged
unit-tests	UNKNOWN STEP	2026-02-15T21:14:59.8624396Z clusterrolebinding.rbac.authorization.k8s.io/cnrm-manager-cluster-binding-foo-ns unchanged
unit-tests	UNKNOWN STEP	2026-02-15T21:14:59.8625437Z statefulset.apps/cnrm-controller-manager-yaeserys745k6ua unchanged
unit-tests	UNKNOWN STEP	2026-02-15T21:14:59.8626330Z rolebinding.rbac.authorization.k8s.io/cnrm-admin-binding-foo-ns unchanged
unit-tests	UNKNOWN STEP	2026-02-15T21:14:59.8627311Z rolebinding.rbac.authorization.k8s.io/cnrm-manager-ns-binding-foo-ns unchanged
unit-tests	UNKNOWN STEP	2026-02-15T21:14:59.8628313Z rolebinding.rbac.authorization.k8s.io/cnrm-manager-ns-binding-foo-ns unchanged
unit-tests	UNKNOWN STEP	2026-02-15T21:14:59.8629090Z service/cnrm-manager-yaeserys745k6ua unchanged
unit-tests	UNKNOWN STEP	2026-02-15T21:14:59.8629840Z     --- PASS: TestHandlePerNamespaceComponentsDelete/CC_is_not_found_per_namepace_mode (6.36s)
unit-tests	UNKNOWN STEP	2026-02-15T21:14:59.8630208Z 
unit-tests	UNKNOWN STEP	2026-02-15T21:14:59.8630426Z ##[endgroup]
unit-tests	UNKNOWN STEP	2026-02-15T21:14:59.8631694Z ##[group][32mPASS[0m operator/pkg/controllers/configconnectorcontext.TestHandlePerNamespaceComponentsDelete/CC_is_pending_deletion_per_namespace_mode (5.61s)
unit-tests	UNKNOWN STEP	2026-02-15T21:14:59.8633459Z     --- PASS: TestHandlePerNamespaceComponentsDelete/CC_is_pending_deletion_per_namespace_mode (5.61s)
unit-tests	UNKNOWN STEP	2026-02-15T21:14:59.8634168Z 
unit-tests	UNKNOWN STEP	2026-02-15T21:14:59.8634525Z ##[endgroup]
unit-tests	UNKNOWN STEP	2026-02-15T21:14:59.8635818Z ##[group][32mPASS[0m operator/pkg/controllers/configconnectorcontext.TestHandlePerNamespaceComponentsDelete/CC_is_not_found (6.41s)
unit-tests	UNKNOWN STEP	2026-02-15T21:14:59.8637311Z     --- PASS: TestHandlePerNamespaceComponentsDelete/CC_is_not_found (6.41s)
unit-tests	UNKNOWN STEP	2026-02-15T21:14:59.8649893Z 
unit-tests	UNKNOWN STEP	2026-02-15T21:14:59.8650229Z ##[endgroup]
unit-tests	UNKNOWN STEP	2026-02-15T21:14:59.8651771Z ##[group][32mPASS[0m operator/pkg/controllers/configconnectorcontext.TestHandlePerNamespaceComponentsDelete/CC_is_switched_to_cluster_mode (6.69s)
unit-tests	UNKNOWN STEP	2026-02-15T21:14:59.8653476Z     --- PASS: TestHandlePerNamespaceComponentsDelete/CC_is_switched_to_cluster_mode (6.69s)
unit-tests	UNKNOWN STEP	2026-02-15T21:14:59.8654111Z 
unit-tests	UNKNOWN STEP	2026-02-15T21:14:59.8654448Z ##[endgroup]
unit-tests	UNKNOWN STEP	2026-02-15T21:14:59.8656011Z ##[group][32mPASS[0m operator/pkg/controllers/configconnectorcontext.TestHandlePerNamespaceComponentsDelete/CC_is_switched_to_cluster_mode_from_per_namespace_mode (5.56s)
unit-tests	UNKNOWN STEP	2026-02-15T21:14:59.8658019Z     --- PASS: TestHandlePerNamespaceComponentsDelete/CC_is_switched_to_cluster_mode_from_per_namespace_mode (5.56s)
unit-tests	UNKNOWN STEP	2026-02-15T21:14:59.8658786Z 
unit-tests	UNKNOWN STEP	2026-02-15T21:14:59.8659111Z ##[endgroup]
unit-tests	UNKNOWN STEP	2026-02-15T21:14:59.8660525Z ##[group][32mPASS[0m operator/pkg/controllers/configconnectorcontext.TestHandlePerNamespaceComponentsDelete/Delete_the_CCC_object_per_namespace_mode (5.81s)
unit-tests	UNKNOWN STEP	2026-02-15T21:14:59.8662574Z     --- PASS: TestHandlePerNamespaceComponentsDelete/Delete_the_CCC_object_per_namespace_mode (5.81s)
unit-tests	UNKNOWN STEP	2026-02-15T21:14:59.8663594Z 
unit-tests	UNKNOWN STEP	2026-02-15T21:14:59.8663931Z ##[endgroup]
unit-tests	UNKNOWN STEP	2026-02-15T21:14:59.8665258Z   [32mPASS[0m operator/pkg/controllers/configconnectorcontext.TestHandlePerNamespaceComponentsDelete (0.00s)
unit-tests	UNKNOWN STEP	2026-02-15T21:15:00.4873949Z   [32mPASS[0m operator/pkg/controllers/configconnectorcontext.TestConfigConnectorContextE2E (21.46s)
unit-tests	UNKNOWN STEP	2026-02-15T21:15:02.0989337Z ##[group][32mPASS[0m operator/pkg/controllers/configconnector.TestNamespaceScopedApplyCustomizations/namespaced_customization_CR_has_no_effect (10.54s)
unit-tests	UNKNOWN STEP	2026-02-15T21:15:02.0992805Z     --- PASS: TestNamespaceScopedApplyCustomizations/namespaced_customization_CR_has_no_effect (10.54s)
unit-tests	UNKNOWN STEP	2026-02-15T21:15:02.0994087Z 
unit-tests	UNKNOWN STEP	2026-02-15T21:15:02.0994470Z ##[endgroup]
unit-tests	UNKNOWN STEP	2026-02-15T21:15:02.0999326Z   [32mPASS[0m operator/pkg/controllers/configconnector.TestNamespaceScopedApplyCustomizations (0.00s)
unit-tests	UNKNOWN STEP	2026-02-15T21:15:13.0057914Z ##[group][32mPASS[0m operator/pkg/controllers/configconnectorcontext.TestHandlePerNamespaceComponentsCreate/CC_is_in_cluster_mode,_CCC_surfaces_errors (6.43s)
unit-tests	UNKNOWN STEP	2026-02-15T21:15:13.0062581Z     --- PASS: TestHandlePerNamespaceComponentsCreate/CC_is_in_cluster_mode,_CCC_surfaces_errors (6.43s)
unit-tests	UNKNOWN STEP	2026-02-15T21:15:13.0064292Z 
unit-tests	UNKNOWN STEP	2026-02-15T21:15:13.0065321Z ##[endgroup]
unit-tests	UNKNOWN STEP	2026-02-15T21:15:13.0067492Z ##[group][32mPASS[0m operator/pkg/controllers/configconnectorcontext.TestHandlePerNamespaceComponentsCreate/CC_is_in_per_namespaced_mode,_CCC_has_error_spec.managerNamespace_omitted (6.34s)
unit-tests	UNKNOWN STEP	2026-02-15T21:15:13.0070625Z     --- PASS: TestHandlePerNamespaceComponentsCreate/CC_is_in_per_namespaced_mode,_CCC_has_error_spec.managerNamespace_omitted (6.34s)
unit-tests	UNKNOWN STEP	2026-02-15T21:15:13.0071889Z 
unit-tests	UNKNOWN STEP	2026-02-15T21:15:13.0072474Z ##[endgroup]
unit-tests	UNKNOWN STEP	2026-02-15T21:15:13.0074448Z ##[group][32mPASS[0m operator/pkg/controllers/configconnectorcontext.TestHandlePerNamespaceComponentsCreate/CC_is_in_per_namespaced_mode,_CCC_has_spec.managerNamespace (6.67s)
unit-tests	UNKNOWN STEP	2026-02-15T21:15:13.0077376Z     --- PASS: TestHandlePerNamespaceComponentsCreate/CC_is_in_per_namespaced_mode,_CCC_has_spec.managerNamespace (6.67s)
unit-tests	UNKNOWN STEP	2026-02-15T21:15:13.0078451Z 
unit-tests	UNKNOWN STEP	2026-02-15T21:15:13.0079054Z ##[endgroup]
unit-tests	UNKNOWN STEP	2026-02-15T21:15:13.0082684Z ##[group][32mPASS[0m operator/pkg/controllers/configconnectorcontext.TestHandlePerNamespaceComponentsCreate/CC_is_in_namespaced_mode,_CCC_has_error_spec.managerNamespace_specified (6.61s)
unit-tests	UNKNOWN STEP	2026-02-15T21:15:13.0086631Z     --- PASS: TestHandlePerNamespaceComponentsCreate/CC_is_in_namespaced_mode,_CCC_has_error_spec.managerNamespace_specified (6.61s)
unit-tests	UNKNOWN STEP	2026-02-15T21:15:13.0087541Z 
unit-tests	UNKNOWN STEP	2026-02-15T21:15:13.0087920Z ##[endgroup]
unit-tests	UNKNOWN STEP	2026-02-15T21:15:13.0089649Z ##[group][32mPASS[0m operator/pkg/controllers/configconnectorcontext.TestHandlePerNamespaceComponentsCreate/CC_is_in_namespaced_mode,_CCC_has_spec.requestProjectPolicy_set_to_RESOURCE_PROJECT (6.19s)
unit-tests	UNKNOWN STEP	2026-02-15T21:15:13.0092385Z     --- PASS: TestHandlePerNamespaceComponentsCreate/CC_is_in_namespaced_mode,_CCC_has_spec.requestProjectPolicy_set_to_RESOURCE_PROJECT (6.19s)
unit-tests	UNKNOWN STEP	2026-02-15T21:15:13.0093391Z 
unit-tests	UNKNOWN STEP	2026-02-15T21:15:13.0093740Z ##[endgroup]
unit-tests	UNKNOWN STEP	2026-02-15T21:15:13.0095612Z ##[group][32mPASS[0m operator/pkg/controllers/configconnectorcontext.TestHandlePerNamespaceComponentsCreate/CC_is_in_namespaced_mode,_CCC_has_spec.billingProject_set_and_spec.requestProjectPolicy_set_to_BILLING_PROJECT (6.42s)
unit-tests	UNKNOWN STEP	2026-02-15T21:15:13.0098358Z     --- PASS: TestHandlePerNamespaceComponentsCreate/CC_is_in_namespaced_mode,_CCC_has_spec.billingProject_set_and_spec.requestProjectPolicy_set_to_BILLING_PROJECT (6.42s)
unit-tests	UNKNOWN STEP	2026-02-15T21:15:13.0099457Z 
unit-tests	UNKNOWN STEP	2026-02-15T21:15:13.0099914Z ##[endgroup]
unit-tests	UNKNOWN STEP	2026-02-15T21:15:13.0101643Z ##[group][32mPASS[0m operator/pkg/controllers/configconnectorcontext.TestHandlePerNamespaceComponentsCreate/CC_is_in_namespaced_mode,_CCC_has_spec.requestProjectPolicy_omitted (6.48s)
unit-tests	UNKNOWN STEP	2026-02-15T21:15:13.0103789Z     --- PASS: TestHandlePerNamespaceComponentsCreate/CC_is_in_namespaced_mode,_CCC_has_spec.requestProjectPolicy_omitted (6.48s)
unit-tests	UNKNOWN STEP	2026-02-15T21:15:13.0104914Z 
unit-tests	UNKNOWN STEP	2026-02-15T21:15:13.0105236Z ##[endgroup]
unit-tests	UNKNOWN STEP	2026-02-15T21:15:13.0106497Z   [32mPASS[0m operator/pkg/controllers/configconnectorcontext.TestHandlePerNamespaceComponentsCreate (0.00s)
unit-tests	UNKNOWN STEP	2026-02-15T21:15:13.0133724Z   [32mPASS[0m Package operator/pkg/controllers/configconnectorcontext (1m17.281s) (coverage: 68.7% of statements)
unit-tests	UNKNOWN STEP	2026-02-15T21:15:13.0135353Z 
unit-tests	UNKNOWN STEP	2026-02-15T21:15:22.4073954Z ##[group][32mPASS[0m operator/pkg/controllers/configconnector.TestClusterScopedApplyCustomizations/customize_the_resources_for_cnrm-controller-manager (9.85s)
unit-tests	UNKNOWN STEP	2026-02-15T21:15:22.4078114Z     --- PASS: TestClusterScopedApplyCustomizations/customize_the_resources_for_cnrm-controller-manager (9.85s)
unit-tests	UNKNOWN STEP	2026-02-15T21:15:22.4079231Z 
unit-tests	UNKNOWN STEP	2026-02-15T21:15:22.4079792Z ##[endgroup]
unit-tests	UNKNOWN STEP	2026-02-15T21:15:22.4087655Z ##[group][32mPASS[0m operator/pkg/controllers/configconnector.TestClusterScopedApplyCustomizations/customize_for_the_same_container_multiple_times_in_the_CR_fails (9.85s)
unit-tests	UNKNOWN STEP	2026-02-15T21:15:22.4090275Z     --- PASS: TestClusterScopedApplyCustomizations/customize_for_the_same_container_multiple_times_in_the_CR_fails (9.85s)
unit-tests	UNKNOWN STEP	2026-02-15T21:15:22.4093427Z 
unit-tests	UNKNOWN STEP	2026-02-15T21:15:22.4094007Z ##[endgroup]
unit-tests	UNKNOWN STEP	2026-02-15T21:15:22.4095926Z ##[group][32mPASS[0m operator/pkg/controllers/configconnector.TestClusterScopedApplyCustomizations/customize_the_resources_and_replica_for_cnrm-webhook-manager (10.33s)
unit-tests	UNKNOWN STEP	2026-02-15T21:15:22.4098498Z     --- PASS: TestClusterScopedApplyCustomizations/customize_the_resources_and_replica_for_cnrm-webhook-manager (10.33s)
unit-tests	UNKNOWN STEP	2026-02-15T21:15:22.4100080Z 
unit-tests	UNKNOWN STEP	2026-02-15T21:15:22.4100620Z ##[endgroup]
unit-tests	UNKNOWN STEP	2026-02-15T21:15:22.4102387Z ##[group][32mPASS[0m operator/pkg/controllers/configconnector.TestClusterScopedApplyCustomizations/customize_for_a_non-existing_container_in_a_valid_controller_fails (10.57s)
unit-tests	UNKNOWN STEP	2026-02-15T21:15:22.4104552Z     --- PASS: TestClusterScopedApplyCustomizations/customize_for_a_non-existing_container_in_a_valid_controller_fails (10.57s)
unit-tests	UNKNOWN STEP	2026-02-15T21:15:22.4105454Z 
unit-tests	UNKNOWN STEP	2026-02-15T21:15:22.4105823Z ##[endgroup]
unit-tests	UNKNOWN STEP	2026-02-15T21:15:22.4107597Z ##[group][32mPASS[0m operator/pkg/controllers/configconnector.TestClusterScopedApplyCustomizations/customize_the_replicas_for_cnrm-webhook-manager_to_a_value_large_than_the_maxReplicas_of_HPA (8.83s)
unit-tests	UNKNOWN STEP	2026-02-15T21:15:22.4110089Z     --- PASS: TestClusterScopedApplyCustomizations/customize_the_replicas_for_cnrm-webhook-manager_to_a_value_large_than_the_maxReplicas_of_HPA (8.83s)
unit-tests	UNKNOWN STEP	2026-02-15T21:15:22.4112402Z 
unit-tests	UNKNOWN STEP	2026-02-15T21:15:22.4112780Z ##[endgroup]
unit-tests	UNKNOWN STEP	2026-02-15T21:15:22.4114919Z ##[group][32mPASS[0m operator/pkg/controllers/configconnector.TestClusterScopedApplyCustomizations/customize_for_a_non-existing_controller_fails (9.50s)
unit-tests	UNKNOWN STEP	2026-02-15T21:15:22.4118248Z     --- PASS: TestClusterScopedApplyCustomizations/customize_for_a_non-existing_controller_fails (9.50s)
unit-tests	UNKNOWN STEP	2026-02-15T21:15:22.4119337Z 
unit-tests	UNKNOWN STEP	2026-02-15T21:15:22.4120001Z ##[endgroup]
unit-tests	UNKNOWN STEP	2026-02-15T21:15:22.4122625Z ##[group][32mPASS[0m operator/pkg/controllers/configconnector.TestClusterScopedApplyCustomizations/customize_the_resources_for_cnrm-controller-manager_and_check_observedGeneration (9.35s)
unit-tests	UNKNOWN STEP	2026-02-15T21:15:22.4125786Z     --- PASS: TestClusterScopedApplyCustomizations/customize_the_resources_for_cnrm-controller-manager_and_check_observedGeneration (9.35s)
unit-tests	UNKNOWN STEP	2026-02-15T21:15:22.4127277Z 
unit-tests	UNKNOWN STEP	2026-02-15T21:15:22.4127667Z ##[endgroup]
unit-tests	UNKNOWN STEP	2026-02-15T21:15:22.4130141Z ##[group][32mPASS[0m operator/pkg/controllers/configconnector.TestClusterScopedApplyCustomizations/customize_the_replicas_for_cnrm-controller-manager_has_no_effect (9.74s)
unit-tests	UNKNOWN STEP	2026-02-15T21:15:22.4133405Z     --- PASS: TestClusterScopedApplyCustomizations/customize_the_replicas_for_cnrm-controller-manager_has_no_effect (9.74s)
unit-tests	UNKNOWN STEP	2026-02-15T21:15:22.4134771Z 
unit-tests	UNKNOWN STEP	2026-02-15T21:15:22.4135206Z ##[endgroup]
unit-tests	UNKNOWN STEP	2026-02-15T21:15:22.4136662Z   [32mPASS[0m operator/pkg/controllers/configconnector.TestClusterScopedApplyCustomizations (0.00s)
unit-tests	UNKNOWN STEP	2026-02-15T21:15:32.4257284Z ##[group][32mPASS[0m operator/pkg/controllers/configconnector.TestApplyRateLimitCustomizations/customize_the_rate_limit_for_a_unsupported_controller_fails (6.06s)
unit-tests	UNKNOWN STEP	2026-02-15T21:15:32.4259946Z     --- PASS: TestApplyRateLimitCustomizations/customize_the_rate_limit_for_a_unsupported_controller_fails (6.06s)
unit-tests	UNKNOWN STEP	2026-02-15T21:15:32.4260757Z 
unit-tests	UNKNOWN STEP	2026-02-15T21:15:32.4261346Z ##[endgroup]
unit-tests	UNKNOWN STEP	2026-02-15T21:15:32.4262814Z ##[group][32mPASS[0m operator/pkg/controllers/configconnector.TestApplyRateLimitCustomizations/customize_the_rate_limit_for_cnrm-controller-manager (9.37s)
unit-tests	UNKNOWN STEP	2026-02-15T21:15:32.4264716Z     --- PASS: TestApplyRateLimitCustomizations/customize_the_rate_limit_for_cnrm-controller-manager (9.37s)
unit-tests	UNKNOWN STEP	2026-02-15T21:15:32.4265462Z 
unit-tests	UNKNOWN STEP	2026-02-15T21:15:32.4265795Z ##[endgroup]
unit-tests	UNKNOWN STEP	2026-02-15T21:15:32.4267234Z ##[group][32mPASS[0m operator/pkg/controllers/configconnector.TestApplyRateLimitCustomizations/namespaced_rate_limit_CR_has_no_effect_in_cluster_mode (10.02s)
unit-tests	UNKNOWN STEP	2026-02-15T21:15:32.4269119Z     --- PASS: TestApplyRateLimitCustomizations/namespaced_rate_limit_CR_has_no_effect_in_cluster_mode (10.02s)
unit-tests	UNKNOWN STEP	2026-02-15T21:15:32.4269865Z 
unit-tests	UNKNOWN STEP	2026-02-15T21:15:32.4270214Z ##[endgroup]
unit-tests	UNKNOWN STEP	2026-02-15T21:15:32.4271358Z   [32mPASS[0m operator/pkg/controllers/configconnector.TestApplyRateLimitCustomizations (0.00s)
unit-tests	UNKNOWN STEP	2026-02-15T21:15:32.4279620Z ##[group][32mPASS[0m operator/pkg/controllers/configconnector.TestApplyMultiClusterLeaderElection/experiments_nil (0.00s)
unit-tests	UNKNOWN STEP	2026-02-15T21:15:32.4282579Z     experiments_test.go:139: StatefulSet Annotations: map[]
unit-tests	UNKNOWN STEP	2026-02-15T21:15:32.4283432Z     experiments_test.go:140: Pod Template Annotations: map[]
unit-tests	UNKNOWN STEP	2026-02-15T21:15:32.4284357Z     --- PASS: TestApplyMultiClusterLeaderElection/experiments_nil (0.00s)
unit-tests	UNKNOWN STEP	2026-02-15T21:15:32.4284863Z 
unit-tests	UNKNOWN STEP	2026-02-15T21:15:32.4285246Z ##[endgroup]
unit-tests	UNKNOWN STEP	2026-02-15T21:15:32.4286617Z ##[group][32mPASS[0m operator/pkg/controllers/configconnector.TestApplyMultiClusterLeaderElection/multicluster_lease_nil (0.00s)
unit-tests	UNKNOWN STEP	2026-02-15T21:15:32.4287878Z     experiments_test.go:139: StatefulSet Annotations: map[]
unit-tests	UNKNOWN STEP	2026-02-15T21:15:32.4288695Z     experiments_test.go:140: Pod Template Annotations: map[]
unit-tests	UNKNOWN STEP	2026-02-15T21:15:32.4289665Z     --- PASS: TestApplyMultiClusterLeaderElection/multicluster_lease_nil (0.00s)
unit-tests	UNKNOWN STEP	2026-02-15T21:15:32.4290229Z 
unit-tests	UNKNOWN STEP	2026-02-15T21:15:32.4290571Z ##[endgroup]
unit-tests	UNKNOWN STEP	2026-02-15T21:15:32.4292045Z ##[group][32mPASS[0m operator/pkg/controllers/configconnector.TestApplyMultiClusterLeaderElection/multicluster_lease_set (0.00s)
unit-tests	UNKNOWN STEP	2026-02-15T21:15:32.4293353Z     experiments_test.go:139: StatefulSet Annotations: map[]
unit-tests	UNKNOWN STEP	2026-02-15T21:15:32.4295111Z     experiments_test.go:140: Pod Template Annotations: map[cnrm.cloud.google.com/lease-identity:baz cnrm.cloud.google.com/lease-name:foo cnrm.cloud.google.com/lease-namespace:bar]
unit-tests	UNKNOWN STEP	2026-02-15T21:15:32.4296759Z     --- PASS: TestApplyMultiClusterLeaderElection/multicluster_lease_set (0.00s)
unit-tests	UNKNOWN STEP	2026-02-15T21:15:32.4297307Z 
unit-tests	UNKNOWN STEP	2026-02-15T21:15:32.4297647Z ##[endgroup]
unit-tests	UNKNOWN STEP	2026-02-15T21:15:32.4298628Z   [32mPASS[0m operator/pkg/controllers/configconnector.TestApplyMultiClusterLeaderElection (0.00s)
unit-tests	UNKNOWN STEP	2026-02-15T21:15:39.1218075Z ##[group][32mPASS[0m operator/pkg/controllers/configconnector.TestGoldenConfigConnector/simple (6.69s)
unit-tests	UNKNOWN STEP	2026-02-15T21:15:39.1219656Z     validator.go:370: created object  /configconnector.core.cnrm.cloud.google.com
unit-tests	UNKNOWN STEP	2026-02-15T21:15:39.1229639Z I0215 21:15:38.036964   82969 reflector.go:556] "Warning: watch ended with error" reflector="pkg/mod/k8s.io/client-go@v0.33.0/tools/cache/reflector.go:285" type="*v1beta1.ControllerResource" err="an error on the server (\"unable to decode an event from the watch stream: context canceled\") has prevented the request from succeeding"
unit-tests	UNKNOWN STEP	2026-02-15T21:15:39.1231859Z     --- PASS: TestGoldenConfigConnector/simple (6.69s)
unit-tests	UNKNOWN STEP	2026-02-15T21:15:39.1232274Z 
unit-tests	UNKNOWN STEP	2026-02-15T21:15:39.1232652Z ##[endgroup]
unit-tests	UNKNOWN STEP	2026-02-15T21:15:39.1233631Z ##[group][32mPASS[0m operator/pkg/controllers/configconnector.TestGoldenConfigConnector (6.69s)
unit-tests	UNKNOWN STEP	2026-02-15T21:15:39.1235205Z     harness.go:85: cwd = /home/runner/work/k8s-config-connector/k8s-config-connector/operator/pkg/controllers/configconnector
unit-tests	UNKNOWN STEP	2026-02-15T21:15:39.1236818Z     harness.go:85: found channels in /home/runner/work/k8s-config-connector/k8s-config-connector/operator/channels
unit-tests	UNKNOWN STEP	2026-02-15T21:15:39.1238869Z     harness.go:85: flagChannel = /home/runner/work/k8s-config-connector/k8s-config-connector/operator/channels
unit-tests	UNKNOWN STEP	2026-02-15T21:15:39.1239603Z 
unit-tests	UNKNOWN STEP	2026-02-15T21:15:39.1239943Z ##[endgroup]
unit-tests	UNKNOWN STEP	2026-02-15T21:15:45.3140707Z   [32mPASS[0m operator/pkg/controllers/configconnector.TestHandleReconcileFailed (6.19s)
unit-tests	UNKNOWN STEP	2026-02-15T21:15:48.0836204Z   [32mPASS[0m operator/pkg/controllers/configconnector.TestVPAIntegration (8.96s)
unit-tests	UNKNOWN STEP	2026-02-15T21:15:59.1526168Z ##[group][32mPASS[0m operator/pkg/controllers/configconnector.TestHandleReconcileSucceeded (7.19s)
unit-tests	UNKNOWN STEP	2026-02-15T21:15:59.1527986Z customresourcedefinition.apiextensions.k8s.io/dlpdeidentifytemplates.dlp.cnrm.cloud.google.com created
unit-tests	UNKNOWN STEP	2026-02-15T21:15:59.1533033Z customresourcedefinition.apiextensions.k8s.io/dlpinspecttemplates.dlp.cnrm.cloud.google.com created
unit-tests	UNKNOWN STEP	2026-02-15T21:15:59.1534413Z customresourcedefinition.apiextensions.k8s.io/dlpjobtriggers.dlp.cnrm.cloud.google.com created
unit-tests	UNKNOWN STEP	2026-02-15T21:15:59.1535694Z customresourcedefinition.apiextensions.k8s.io/dlpstoredinfotypes.dlp.cnrm.cloud.google.com created
unit-tests	UNKNOWN STEP	2026-02-15T21:15:59.1536965Z customresourcedefinition.apiextensions.k8s.io/dnsmanagedzones.dns.cnrm.cloud.google.com created
unit-tests	UNKNOWN STEP	2026-02-15T21:15:59.1538159Z customresourcedefinition.apiextensions.k8s.io/dnspolicies.dns.cnrm.cloud.google.com created
unit-tests	UNKNOWN STEP	2026-02-15T21:15:59.1539323Z customresourcedefinition.apiextensions.k8s.io/dnsrecordsets.dns.cnrm.cloud.google.com created
unit-tests	UNKNOWN STEP	2026-02-15T21:15:59.1540635Z customresourcedefinition.apiextensions.k8s.io/documentaiprocessorversions.documentai.cnrm.cloud.google.com created
unit-tests	UNKNOWN STEP	2026-02-15T21:15:59.1585059Z customresourcedefinition.apiextensions.k8s.io/edgecontainerclusters.edgecontainer.cnrm.cloud.google.com created
unit-tests	UNKNOWN STEP	2026-02-15T21:15:59.1586587Z customresourcedefinition.apiextensions.k8s.io/edgecontainernodepools.edgecontainer.cnrm.cloud.google.com created
unit-tests	UNKNOWN STEP	2026-02-15T21:15:59.1588165Z customresourcedefinition.apiextensions.k8s.io/edgecontainervpnconnections.edgecontainer.cnrm.cloud.google.com created
unit-tests	UNKNOWN STEP	2026-02-15T21:15:59.1589750Z customresourcedefinition.apiextensions.k8s.io/edgenetworknetworks.edgenetwork.cnrm.cloud.google.com created
unit-tests	UNKNOWN STEP	2026-02-15T21:15:59.1591433Z customresourcedefinition.apiextensions.k8s.io/edgenetworksubnets.edgenetwork.cnrm.cloud.google.com created
unit-tests	UNKNOWN STEP	2026-02-15T21:15:59.1592974Z customresourcedefinition.apiextensions.k8s.io/essentialcontactscontacts.essentialcontacts.cnrm.cloud.google.com created
unit-tests	UNKNOWN STEP	2026-02-15T21:15:59.1594491Z customresourcedefinition.apiextensions.k8s.io/eventarctriggers.eventarc.cnrm.cloud.google.com created
unit-tests	UNKNOWN STEP	2026-02-15T21:15:59.1595805Z customresourcedefinition.apiextensions.k8s.io/filestorebackups.filestore.cnrm.cloud.google.com created
unit-tests	UNKNOWN STEP	2026-02-15T21:15:59.1597472Z customresourcedefinition.apiextensions.k8s.io/filestoreinstances.filestore.cnrm.cloud.google.com created
unit-tests	UNKNOWN STEP	2026-02-15T21:15:59.1602866Z customresourcedefinition.apiextensions.k8s.io/firestoredatabases.firestore.cnrm.cloud.google.com created
unit-tests	UNKNOWN STEP	2026-02-15T21:15:59.1614085Z customresourcedefinition.apiextensions.k8s.io/firestoreindexes.firestore.cnrm.cloud.google.com created
unit-tests	UNKNOWN STEP	2026-02-15T21:15:59.1615753Z customresourcedefinition.apiextensions.k8s.io/folders.resourcemanager.cnrm.cloud.google.com created
unit-tests	UNKNOWN STEP	2026-02-15T21:15:59.1617487Z customresourcedefinition.apiextensions.k8s.io/gkehubfeaturememberships.gkehub.cnrm.cloud.google.com created
unit-tests	UNKNOWN STEP	2026-02-15T21:15:59.1619003Z customresourcedefinition.apiextensions.k8s.io/gkehubfeatures.gkehub.cnrm.cloud.google.com created
unit-tests	UNKNOWN STEP	2026-02-15T21:15:59.1620341Z customresourcedefinition.apiextensions.k8s.io/gkehubmemberships.gkehub.cnrm.cloud.google.com created
unit-tests	UNKNOWN STEP	2026-02-15T21:15:59.1621749Z customresourcedefinition.apiextensions.k8s.io/iamaccessboundarypolicies.iam.cnrm.cloud.google.com created
unit-tests	UNKNOWN STEP	2026-02-15T21:15:59.1623256Z customresourcedefinition.apiextensions.k8s.io/iamauditconfigs.iam.cnrm.cloud.google.com created
unit-tests	UNKNOWN STEP	2026-02-15T21:15:59.1624486Z customresourcedefinition.apiextensions.k8s.io/iamcustomroles.iam.cnrm.cloud.google.com created
unit-tests	UNKNOWN STEP	2026-02-15T21:15:59.1626089Z customresourcedefinition.apiextensions.k8s.io/iampartialpolicies.iam.cnrm.cloud.google.com created
unit-tests	UNKNOWN STEP	2026-02-15T21:15:59.1627497Z customresourcedefinition.apiextensions.k8s.io/iampolicies.iam.cnrm.cloud.google.com created
unit-tests	UNKNOWN STEP	2026-02-15T21:15:59.1628745Z customresourcedefinition.apiextensions.k8s.io/iampolicymembers.iam.cnrm.cloud.google.com created
unit-tests	UNKNOWN STEP	2026-02-15T21:15:59.1630012Z customresourcedefinition.apiextensions.k8s.io/iamserviceaccountkeys.iam.cnrm.cloud.google.com created
unit-tests	UNKNOWN STEP	2026-02-15T21:15:59.1631487Z customresourcedefinition.apiextensions.k8s.io/iamserviceaccounts.iam.cnrm.cloud.google.com created
unit-tests	UNKNOWN STEP	2026-02-15T21:15:59.1632781Z customresourcedefinition.apiextensions.k8s.io/iamworkforcepoolproviders.iam.cnrm.cloud.google.com created
unit-tests	UNKNOWN STEP	2026-02-15T21:15:59.1634495Z customresourcedefinition.apiextensions.k8s.io/iamworkforcepools.iam.cnrm.cloud.google.com created
unit-tests	UNKNOWN STEP	2026-02-15T21:15:59.1636351Z customresourcedefinition.apiextensions.k8s.io/iamworkloadidentitypoolproviders.iam.cnrm.cloud.google.com created
unit-tests	UNKNOWN STEP	2026-02-15T21:15:59.1637890Z customresourcedefinition.apiextensions.k8s.io/iamworkloadidentitypools.iam.cnrm.cloud.google.com created
unit-tests	UNKNOWN STEP	2026-02-15T21:15:59.1639213Z customresourcedefinition.apiextensions.k8s.io/iapbrands.iap.cnrm.cloud.google.com created
unit-tests	UNKNOWN STEP	2026-02-15T21:15:59.1640566Z customresourcedefinition.apiextensions.k8s.io/iapidentityawareproxyclients.iap.cnrm.cloud.google.com created
unit-tests	UNKNOWN STEP	2026-02-15T21:15:59.1642252Z customresourcedefinition.apiextensions.k8s.io/iapsettings.iap.cnrm.cloud.google.com created
unit-tests	UNKNOWN STEP	2026-02-15T21:15:59.1644114Z customresourcedefinition.apiextensions.k8s.io/identityplatformconfigs.identityplatform.cnrm.cloud.google.com created
unit-tests	UNKNOWN STEP	2026-02-15T21:15:59.1646182Z customresourcedefinition.apiextensions.k8s.io/identityplatformoauthidpconfigs.identityplatform.cnrm.cloud.google.com created
unit-tests	UNKNOWN STEP	2026-02-15T21:15:59.1650899Z customresourcedefinition.apiextensions.k8s.io/identityplatformtenantoauthidpconfigs.identityplatform.cnrm.cloud.google.com created
unit-tests	UNKNOWN STEP	2026-02-15T21:15:59.1656107Z customresourcedefinition.apiextensions.k8s.io/identityplatformtenants.identityplatform.cnrm.cloud.google.com created
unit-tests	UNKNOWN STEP	2026-02-15T21:15:59.1661031Z customresourcedefinition.apiextensions.k8s.io/kmsautokeyconfigs.kms.cnrm.cloud.google.com created
unit-tests	UNKNOWN STEP	2026-02-15T21:15:59.1665931Z customresourcedefinition.apiextensions.k8s.io/kmscryptokeys.kms.cnrm.cloud.google.com created
unit-tests	UNKNOWN STEP	2026-02-15T21:15:59.1669529Z customresourcedefinition.apiextensions.k8s.io/kmsimportjobs.kms.cnrm.cloud.google.com created
unit-tests	UNKNOWN STEP	2026-02-15T21:15:59.1674156Z customresourcedefinition.apiextensions.k8s.io/kmskeyhandles.kms.cnrm.cloud.google.com created
unit-tests	UNKNOWN STEP	2026-02-15T21:15:59.1677398Z customresourcedefinition.apiextensions.k8s.io/kmskeyrings.kms.cnrm.cloud.google.com created
unit-tests	UNKNOWN STEP	2026-02-15T21:15:59.1680716Z customresourcedefinition.apiextensions.k8s.io/logginglinks.logging.cnrm.cloud.google.com created
unit-tests	UNKNOWN STEP	2026-02-15T21:15:59.1684152Z customresourcedefinition.apiextensions.k8s.io/logginglogbuckets.logging.cnrm.cloud.google.com created
unit-tests	UNKNOWN STEP	2026-02-15T21:15:59.1685620Z customresourcedefinition.apiextensions.k8s.io/logginglogexclusions.logging.cnrm.cloud.google.com created
unit-tests	UNKNOWN STEP	2026-02-15T21:15:59.1686994Z customresourcedefinition.apiextensions.k8s.io/logginglogmetrics.logging.cnrm.cloud.google.com created
unit-tests	UNKNOWN STEP	2026-02-15T21:15:59.1688310Z customresourcedefinition.apiextensions.k8s.io/logginglogsinks.logging.cnrm.cloud.google.com created
unit-tests	UNKNOWN STEP	2026-02-15T21:15:59.1689600Z customresourcedefinition.apiextensions.k8s.io/logginglogviews.logging.cnrm.cloud.google.com created
unit-tests	UNKNOWN STEP	2026-02-15T21:15:59.1690989Z customresourcedefinition.apiextensions.k8s.io/managedkafkaclusters.managedkafka.cnrm.cloud.google.com created
unit-tests	UNKNOWN STEP	2026-02-15T21:15:59.1692567Z customresourcedefinition.apiextensions.k8s.io/managedkafkatopics.managedkafka.cnrm.cloud.google.com created
unit-tests	UNKNOWN STEP	2026-02-15T21:15:59.1693939Z customresourcedefinition.apiextensions.k8s.io/memcacheinstances.memcache.cnrm.cloud.google.com created
unit-tests	UNKNOWN STEP	2026-02-15T21:15:59.1695256Z customresourcedefinition.apiextensions.k8s.io/metastorebackups.metastore.cnrm.cloud.google.com created
unit-tests	UNKNOWN STEP	2026-02-15T21:15:59.1697060Z customresourcedefinition.apiextensions.k8s.io/monitoringalertpolicies.monitoring.cnrm.cloud.google.com created
unit-tests	UNKNOWN STEP	2026-02-15T21:15:59.1698696Z customresourcedefinition.apiextensions.k8s.io/monitoringdashboards.monitoring.cnrm.cloud.google.com created
unit-tests	UNKNOWN STEP	2026-02-15T21:15:59.1700098Z customresourcedefinition.apiextensions.k8s.io/monitoringgroups.monitoring.cnrm.cloud.google.com created
unit-tests	UNKNOWN STEP	2026-02-15T21:15:59.1721960Z customresourcedefinition.apiextensions.k8s.io/monitoringmetricdescriptors.monitoring.cnrm.cloud.google.com created
unit-tests	UNKNOWN STEP	2026-02-15T21:15:59.1727362Z customresourcedefinition.apiextensions.k8s.io/monitoringmonitoredprojects.monitoring.cnrm.cloud.google.com created
unit-tests	UNKNOWN STEP	2026-02-15T21:15:59.1729093Z customresourcedefinition.apiextensions.k8s.io/monitoringnotificationchannels.monitoring.cnrm.cloud.google.com created
unit-tests	UNKNOWN STEP	2026-02-15T21:15:59.1730856Z customresourcedefinition.apiextensions.k8s.io/monitoringservicelevelobjectives.monitoring.cnrm.cloud.google.com created
unit-tests	UNKNOWN STEP	2026-02-15T21:15:59.1732633Z customresourcedefinition.apiextensions.k8s.io/monitoringservices.monitoring.cnrm.cloud.google.com created
unit-tests	UNKNOWN STEP	2026-02-15T21:15:59.1741830Z customresourcedefinition.apiextensions.k8s.io/monitoringuptimecheckconfigs.monitoring.cnrm.cloud.google.com created
unit-tests	UNKNOWN STEP	2026-02-15T21:15:59.1747927Z customresourcedefinition.apiextensions.k8s.io/networkconnectivityhubs.networkconnectivity.cnrm.cloud.google.com created
unit-tests	UNKNOWN STEP	2026-02-15T21:15:59.1749672Z customresourcedefinition.apiextensions.k8s.io/networkconnectivityspokes.networkconnectivity.cnrm.cloud.google.com created
unit-tests	UNKNOWN STEP	2026-02-15T21:15:59.1753315Z customresourcedefinition.apiextensions.k8s.io/networksecurityauthorizationpolicies.networksecurity.cnrm.cloud.google.com created
unit-tests	UNKNOWN STEP	2026-02-15T21:15:59.1756640Z customresourcedefinition.apiextensions.k8s.io/networksecurityclienttlspolicies.networksecurity.cnrm.cloud.google.com created
unit-tests	UNKNOWN STEP	2026-02-15T21:15:59.1758452Z customresourcedefinition.apiextensions.k8s.io/networksecurityservertlspolicies.networksecurity.cnrm.cloud.google.com created
unit-tests	UNKNOWN STEP	2026-02-15T21:15:59.1760322Z customresourcedefinition.apiextensions.k8s.io/networkservicesendpointpolicies.networkservices.cnrm.cloud.google.com created
unit-tests	UNKNOWN STEP	2026-02-15T21:15:59.1775971Z customresourcedefinition.apiextensions.k8s.io/networkservicesgateways.networkservices.cnrm.cloud.google.com created
unit-tests	UNKNOWN STEP	2026-02-15T21:15:59.1777725Z customresourcedefinition.apiextensions.k8s.io/networkservicesgrpcroutes.networkservices.cnrm.cloud.google.com created
unit-tests	UNKNOWN STEP	2026-02-15T21:15:59.1779405Z customresourcedefinition.apiextensions.k8s.io/networkserviceshttproutes.networkservices.cnrm.cloud.google.com created
unit-tests	UNKNOWN STEP	2026-02-15T21:15:59.1781019Z customresourcedefinition.apiextensions.k8s.io/networkservicesmeshes.networkservices.cnrm.cloud.google.com created
unit-tests	UNKNOWN STEP	2026-02-15T21:15:59.1782816Z customresourcedefinition.apiextensions.k8s.io/networkservicestcproutes.networkservices.cnrm.cloud.google.com created
unit-tests	UNKNOWN STEP	2026-02-15T21:15:59.1784437Z customresourcedefinition.apiextensions.k8s.io/networkservicestlsroutes.networkservices.cnrm.cloud.google.com created
unit-tests	UNKNOWN STEP	2026-02-15T21:15:59.1785944Z customresourcedefinition.apiextensions.k8s.io/notebookinstances.notebooks.cnrm.cloud.google.com created
unit-tests	UNKNOWN STEP	2026-02-15T21:15:59.1787423Z customresourcedefinition.apiextensions.k8s.io/orgpolicycustomconstraints.orgpolicy.cnrm.cloud.google.com created
unit-tests	UNKNOWN STEP	2026-02-15T21:15:59.1788913Z customresourcedefinition.apiextensions.k8s.io/osconfigguestpolicies.osconfig.cnrm.cloud.google.com created
unit-tests	UNKNOWN STEP	2026-02-15T21:15:59.1790411Z customresourcedefinition.apiextensions.k8s.io/osconfigospolicyassignments.osconfig.cnrm.cloud.google.com created
unit-tests	UNKNOWN STEP	2026-02-15T21:15:59.1792326Z customresourcedefinition.apiextensions.k8s.io/privatecacapools.privateca.cnrm.cloud.google.com created
unit-tests	UNKNOWN STEP	2026-02-15T21:15:59.1793899Z customresourcedefinition.apiextensions.k8s.io/privatecacertificateauthorities.privateca.cnrm.cloud.google.com created
unit-tests	UNKNOWN STEP	2026-02-15T21:15:59.1795453Z customresourcedefinition.apiextensions.k8s.io/privatecacertificates.privateca.cnrm.cloud.google.com created
unit-tests	UNKNOWN STEP	2026-02-15T21:15:59.1796996Z customresourcedefinition.apiextensions.k8s.io/privatecacertificatetemplates.privateca.cnrm.cloud.google.com created
unit-tests	UNKNOWN STEP	2026-02-15T21:15:59.1798259Z 
unit-tests	UNKNOWN STEP	2026-02-15T21:15:59.1798691Z ##[endgroup]
unit-tests	UNKNOWN STEP	2026-02-15T21:16:00.6028239Z ##[group][32mPASS[0m operator/pkg/controllers/configconnector.TestHandleConfigConnectorCreate/1_CC_and_1_CCContext,_namespaced_mode (6.76s)
unit-tests	UNKNOWN STEP	2026-02-15T21:16:00.6029980Z     --- PASS: TestHandleConfigConnectorCreate/1_CC_and_1_CCContext,_namespaced_mode (6.76s)
unit-tests	UNKNOWN STEP	2026-02-15T21:16:00.6030611Z 
unit-tests	UNKNOWN STEP	2026-02-15T21:16:00.6030994Z ##[endgroup]
unit-tests	UNKNOWN STEP	2026-02-15T21:16:00.6032452Z ##[group][32mPASS[0m operator/pkg/controllers/configconnector.TestHandleConfigConnectorCreate/1_CC_with_1_CCC_(ignored),_cluster_mode (6.06s)
unit-tests	UNKNOWN STEP	2026-02-15T21:16:00.6034043Z     --- PASS: TestHandleConfigConnectorCreate/1_CC_with_1_CCC_(ignored),_cluster_mode (6.06s)
unit-tests	UNKNOWN STEP	2026-02-15T21:16:00.6034674Z 
unit-tests	UNKNOWN STEP	2026-02-15T21:16:00.6035001Z ##[endgroup]
unit-tests	UNKNOWN STEP	2026-02-15T21:16:00.6036287Z ##[group][32mPASS[0m operator/pkg/controllers/configconnector.TestHandleConfigConnectorCreate/1_CC_and_1_CCContext,_per_namespace_mode (6.07s)
unit-tests	UNKNOWN STEP	2026-02-15T21:16:00.6037974Z     --- PASS: TestHandleConfigConnectorCreate/1_CC_and_1_CCContext,_per_namespace_mode (6.07s)
unit-tests	UNKNOWN STEP	2026-02-15T21:16:00.6038673Z 
unit-tests	UNKNOWN STEP	2026-02-15T21:16:00.6039081Z ##[endgroup]
unit-tests	UNKNOWN STEP	2026-02-15T21:16:00.6040580Z ##[group][32mPASS[0m operator/pkg/controllers/configconnector.TestHandleConfigConnectorCreate/1_CC_in_cluster-mode_with_workload_identity_and_no_CCContext (6.02s)
unit-tests	UNKNOWN STEP	2026-02-15T21:16:00.6042829Z customresourcedefinition.apiextensions.k8s.io/accesscontextmanageraccesslevels.accesscontextmanager.cnrm.cloud.google.com created
unit-tests	UNKNOWN STEP	2026-02-15T21:16:00.6044791Z customresourcedefinition.apiextensions.k8s.io/accesscontextmanageraccesspolicies.accesscontextmanager.cnrm.cloud.google.com created
unit-tests	UNKNOWN STEP	2026-02-15T21:16:00.6046865Z customresourcedefinition.apiextensions.k8s.io/accesscontextmanagerserviceperimeterresources.accesscontextmanager.cnrm.cloud.google.com created
unit-tests	UNKNOWN STEP	2026-02-15T21:16:00.6048969Z customresourcedefinition.apiextensions.k8s.io/accesscontextmanagerserviceperimeters.accesscontextmanager.cnrm.cloud.google.com created
unit-tests	UNKNOWN STEP	2026-02-15T21:16:00.6050671Z customresourcedefinition.apiextensions.k8s.io/alloydbbackups.alloydb.cnrm.cloud.google.com created
unit-tests	UNKNOWN STEP	2026-02-15T21:16:00.6086090Z customresourcedefinition.apiextensions.k8s.io/alloydbclusters.alloydb.cnrm.cloud.google.com created
unit-tests	UNKNOWN STEP	2026-02-15T21:16:00.6089619Z customresourcedefinition.apiextensions.k8s.io/alloydbinstances.alloydb.cnrm.cloud.google.com created
unit-tests	UNKNOWN STEP	2026-02-15T21:16:00.6091430Z customresourcedefinition.apiextensions.k8s.io/alloydbusers.alloydb.cnrm.cloud.google.com created
unit-tests	UNKNOWN STEP	2026-02-15T21:16:00.6093084Z customresourcedefinition.apiextensions.k8s.io/apigatewayapis.apigateway.cnrm.cloud.google.com created
unit-tests	UNKNOWN STEP	2026-02-15T21:16:00.6095048Z customresourcedefinition.apiextensions.k8s.io/apigeeendpointattachments.apigee.cnrm.cloud.google.com created
unit-tests	UNKNOWN STEP	2026-02-15T21:16:00.6096842Z customresourcedefinition.apiextensions.k8s.io/apigeeenvgroupattachments.apigee.cnrm.cloud.google.com created
unit-tests	UNKNOWN STEP	2026-02-15T21:16:00.6098538Z customresourcedefinition.apiextensions.k8s.io/apigeeenvgroups.apigee.cnrm.cloud.google.com created
unit-tests	UNKNOWN STEP	2026-02-15T21:16:00.6100101Z customresourcedefinition.apiextensions.k8s.io/apigeeenvironments.apigee.cnrm.cloud.google.com created
unit-tests	UNKNOWN STEP	2026-02-15T21:16:00.6101685Z customresourcedefinition.apiextensions.k8s.io/apigeeinstanceattachments.apigee.cnrm.cloud.google.com created
unit-tests	UNKNOWN STEP	2026-02-15T21:16:00.6103298Z customresourcedefinition.apiextensions.k8s.io/apigeeinstances.apigee.cnrm.cloud.google.com created
unit-tests	UNKNOWN STEP	2026-02-15T21:16:00.6104645Z customresourcedefinition.apiextensions.k8s.io/apigeeorganizations.apigee.cnrm.cloud.google.com created
unit-tests	UNKNOWN STEP	2026-02-15T21:16:00.6106268Z customresourcedefinition.apiextensions.k8s.io/apiquotaadjustersettings.cloudquota.cnrm.cloud.google.com created
unit-tests	UNKNOWN STEP	2026-02-15T21:16:00.6107791Z customresourcedefinition.apiextensions.k8s.io/apiquotapreferences.cloudquota.cnrm.cloud.google.com created
unit-tests	UNKNOWN STEP	2026-02-15T21:16:00.6109198Z customresourcedefinition.apiextensions.k8s.io/apphubapplications.apphub.cnrm.cloud.google.com created
unit-tests	UNKNOWN STEP	2026-02-15T21:16:00.6111045Z customresourcedefinition.apiextensions.k8s.io/artifactregistryrepositories.artifactregistry.cnrm.cloud.google.com created
unit-tests	UNKNOWN STEP	2026-02-15T21:16:00.6113109Z customresourcedefinition.apiextensions.k8s.io/assetfeeds.asset.cnrm.cloud.google.com created
unit-tests	UNKNOWN STEP	2026-02-15T21:16:00.6114413Z customresourcedefinition.apiextensions.k8s.io/assetsavedqueries.asset.cnrm.cloud.google.com created
unit-tests	UNKNOWN STEP	2026-02-15T21:16:00.6115902Z customresourcedefinition.apiextensions.k8s.io/backupdrbackupplanassociations.backupdr.cnrm.cloud.google.com created
unit-tests	UNKNOWN STEP	2026-02-15T21:16:00.6117418Z customresourcedefinition.apiextensions.k8s.io/backupdrbackupplans.backupdr.cnrm.cloud.google.com created
unit-tests	UNKNOWN STEP	2026-02-15T21:16:00.6118843Z customresourcedefinition.apiextensions.k8s.io/backupdrbackupvaults.backupdr.cnrm.cloud.google.com created
unit-tests	UNKNOWN STEP	2026-02-15T21:16:00.6120316Z customresourcedefinition.apiextensions.k8s.io/biglaketables.bigquerybiglake.cnrm.cloud.google.com created
unit-tests	UNKNOWN STEP	2026-02-15T21:16:00.6122229Z customresourcedefinition.apiextensions.k8s.io/bigqueryanalyticshubdataexchanges.bigqueryanalyticshub.cnrm.cloud.google.com created
unit-tests	UNKNOWN STEP	2026-02-15T21:16:00.6124114Z customresourcedefinition.apiextensions.k8s.io/bigqueryanalyticshublistings.bigqueryanalyticshub.cnrm.cloud.google.com created
unit-tests	UNKNOWN STEP	2026-02-15T21:16:00.6125912Z customresourcedefinition.apiextensions.k8s.io/bigqueryconnectionconnections.bigqueryconnection.cnrm.cloud.google.com created
unit-tests	UNKNOWN STEP	2026-02-15T21:16:00.6127652Z customresourcedefinition.apiextensions.k8s.io/bigquerydatasets.bigquery.cnrm.cloud.google.com created
unit-tests	UNKNOWN STEP	2026-02-15T21:16:00.6129229Z customresourcedefinition.apiextensions.k8s.io/bigquerydatatransferconfigs.bigquerydatatransfer.cnrm.cloud.google.com created
unit-tests	UNKNOWN STEP	2026-02-15T21:16:00.6130783Z customresourcedefinition.apiextensions.k8s.io/bigqueryjobs.bigquery.cnrm.cloud.google.com created
unit-tests	UNKNOWN STEP	2026-02-15T21:16:00.6132479Z customresourcedefinition.apiextensions.k8s.io/bigqueryreservationassignments.bigqueryreservation.cnrm.cloud.google.com created
unit-tests	UNKNOWN STEP	2026-02-15T21:16:00.6134321Z customresourcedefinition.apiextensions.k8s.io/bigqueryreservationreservations.bigqueryreservation.cnrm.cloud.google.com created
unit-tests	UNKNOWN STEP	2026-02-15T21:16:00.6135960Z customresourcedefinition.apiextensions.k8s.io/bigqueryroutines.bigquery.cnrm.cloud.google.com created
unit-tests	UNKNOWN STEP	2026-02-15T21:16:00.6137302Z customresourcedefinition.apiextensions.k8s.io/bigquerytables.bigquery.cnrm.cloud.google.com created
unit-tests	UNKNOWN STEP	2026-02-15T21:16:00.6138676Z customresourcedefinition.apiextensions.k8s.io/bigtableappprofiles.bigtable.cnrm.cloud.google.com created
unit-tests	UNKNOWN STEP	2026-02-15T21:16:00.6140083Z customresourcedefinition.apiextensions.k8s.io/bigtablegcpolicies.bigtable.cnrm.cloud.google.com created
unit-tests	UNKNOWN STEP	2026-02-15T21:16:00.6141594Z customresourcedefinition.apiextensions.k8s.io/bigtableinstances.bigtable.cnrm.cloud.google.com created
unit-tests	UNKNOWN STEP	2026-02-15T21:16:00.6143185Z customresourcedefinition.apiextensions.k8s.io/bigtabletables.bigtable.cnrm.cloud.google.com created
unit-tests	UNKNOWN STEP	2026-02-15T21:16:00.6144903Z customresourcedefinition.apiextensions.k8s.io/billingbudgetsbudgets.billingbudgets.cnrm.cloud.google.com created
unit-tests	UNKNOWN STEP	2026-02-15T21:16:00.6146587Z customresourcedefinition.apiextensions.k8s.io/binaryauthorizationattestors.binaryauthorization.cnrm.cloud.google.com created
unit-tests	UNKNOWN STEP	2026-02-15T21:16:00.6148405Z customresourcedefinition.apiextensions.k8s.io/binaryauthorizationpolicies.binaryauthorization.cnrm.cloud.google.com created
unit-tests	UNKNOWN STEP	2026-02-15T21:16:00.6150358Z customresourcedefinition.apiextensions.k8s.io/certificatemanagercertificatemapentries.certificatemanager.cnrm.cloud.google.com created
unit-tests	UNKNOWN STEP	2026-02-15T21:16:00.6152969Z customresourcedefinition.apiextensions.k8s.io/certificatemanagercertificatemaps.certificatemanager.cnrm.cloud.google.com created
unit-tests	UNKNOWN STEP	2026-02-15T21:16:00.6155368Z customresourcedefinition.apiextensions.k8s.io/certificatemanagercertificates.certificatemanager.cnrm.cloud.google.com created
unit-tests	UNKNOWN STEP	2026-02-15T21:16:00.6157750Z customresourcedefinition.apiextensions.k8s.io/certificatemanagerdnsauthorizations.certificatemanager.cnrm.cloud.google.com created
unit-tests	UNKNOWN STEP	2026-02-15T21:16:00.6159745Z customresourcedefinition.apiextensions.k8s.io/cloudbuildtriggers.cloudbuild.cnrm.cloud.google.com created
unit-tests	UNKNOWN STEP	2026-02-15T21:16:00.6162369Z customresourcedefinition.apiextensions.k8s.io/cloudbuildworkerpools.cloudbuild.cnrm.cloud.google.com created
unit-tests	UNKNOWN STEP	2026-02-15T21:16:00.6164271Z customresourcedefinition.apiextensions.k8s.io/clouddeploydeliverypipelines.clouddeploy.cnrm.cloud.google.com created
unit-tests	UNKNOWN STEP	2026-02-15T21:16:00.6166366Z customresourcedefinition.apiextensions.k8s.io/cloudfunctionsfunctions.cloudfunctions.cnrm.cloud.google.com created
unit-tests	UNKNOWN STEP	2026-02-15T21:16:00.6168220Z customresourcedefinition.apiextensions.k8s.io/cloudidentitygroups.cloudidentity.cnrm.cloud.google.com created
unit-tests	UNKNOWN STEP	2026-02-15T21:16:00.6170190Z customresourcedefinition.apiextensions.k8s.io/cloudidentitymemberships.cloudidentity.cnrm.cloud.google.com created
unit-tests	UNKNOWN STEP	2026-02-15T21:16:00.6202376Z customresourcedefinition.apiextensions.k8s.io/cloudidsendpoints.cloudids.cnrm.cloud.google.com created
unit-tests	UNKNOWN STEP	2026-02-15T21:16:00.6203917Z customresourcedefinition.apiextensions.k8s.io/cloudschedulerjobs.cloudscheduler.cnrm.cloud.google.com created
unit-tests	UNKNOWN STEP	2026-02-15T21:16:00.6206056Z customresourcedefinition.apiextensions.k8s.io/composerenvironments.composer.cnrm.cloud.google.com created
unit-tests	UNKNOWN STEP	2026-02-15T21:16:00.6207746Z customresourcedefinition.apiextensions.k8s.io/computeaddresses.compute.cnrm.cloud.google.com created
unit-tests	UNKNOWN STEP	2026-02-15T21:16:00.6209426Z customresourcedefinition.apiextensions.k8s.io/computebackendbuckets.compute.cnrm.cloud.google.com created
unit-tests	UNKNOWN STEP	2026-02-15T21:16:00.6211368Z customresourcedefinition.apiextensions.k8s.io/computebackendservices.compute.cnrm.cloud.google.com created
unit-tests	UNKNOWN STEP	2026-02-15T21:16:00.6213166Z customresourcedefinition.apiextensions.k8s.io/computedisks.compute.cnrm.cloud.google.com created
unit-tests	UNKNOWN STEP	2026-02-15T21:16:00.6215050Z customresourcedefinition.apiextensions.k8s.io/computeexternalvpngateways.compute.cnrm.cloud.google.com created
unit-tests	UNKNOWN STEP	2026-02-15T21:16:00.6217185Z customresourcedefinition.apiextensions.k8s.io/computefirewallpolicies.compute.cnrm.cloud.google.com created
unit-tests	UNKNOWN STEP	2026-02-15T21:16:00.6220702Z customresourcedefinition.apiextensions.k8s.io/computefirewallpolicyassociations.compute.cnrm.cloud.google.com created
unit-tests	UNKNOWN STEP	2026-02-15T21:16:00.6224428Z customresourcedefinition.apiextensions.k8s.io/computefirewallpolicyrules.compute.cnrm.cloud.google.com created
unit-tests	UNKNOWN STEP	2026-02-15T21:16:00.6228226Z customresourcedefinition.apiextensions.k8s.io/computefirewalls.compute.cnrm.cloud.google.com created
unit-tests	UNKNOWN STEP	2026-02-15T21:16:00.6229595Z customresourcedefinition.apiextensions.k8s.io/computeforwardingrules.compute.cnrm.cloud.google.com created
unit-tests	UNKNOWN STEP	2026-02-15T21:16:00.6238414Z customresourcedefinition.apiextensions.k8s.io/computehealthchecks.compute.cnrm.cloud.google.com created
unit-tests	UNKNOWN STEP	2026-02-15T21:16:00.6239915Z customresourcedefinition.apiextensions.k8s.io/computehttphealthchecks.compute.cnrm.cloud.google.com created
unit-tests	UNKNOWN STEP	2026-02-15T21:16:00.6241668Z customresourcedefinition.apiextensions.k8s.io/computehttpshealthchecks.compute.cnrm.cloud.google.com created
unit-tests	UNKNOWN STEP	2026-02-15T21:16:00.6243124Z customresourcedefinition.apiextensions.k8s.io/computeimages.compute.cnrm.cloud.google.com created
unit-tests	UNKNOWN STEP	2026-02-15T21:16:00.6244700Z customresourcedefinition.apiextensions.k8s.io/computeinstancegroupmanagers.compute.cnrm.cloud.google.com created
unit-tests	UNKNOWN STEP	2026-02-15T21:16:00.6246300Z customresourcedefinition.apiextensions.k8s.io/computeinstancegroups.compute.cnrm.cloud.google.com created
unit-tests	UNKNOWN STEP	2026-02-15T21:16:00.6247665Z customresourcedefinition.apiextensions.k8s.io/computeinstances.compute.cnrm.cloud.google.com created
unit-tests	UNKNOWN STEP	2026-02-15T21:16:00.6249093Z customresourcedefinition.apiextensions.k8s.io/computeinstancetemplates.compute.cnrm.cloud.google.com created
unit-tests	UNKNOWN STEP	2026-02-15T21:16:00.6250635Z customresourcedefinition.apiextensions.k8s.io/computeinterconnectattachments.compute.cnrm.cloud.google.com created
unit-tests	UNKNOWN STEP	2026-02-15T21:16:00.6262663Z customresourcedefinition.apiextensions.k8s.io/computemanagedsslcertificates.compute.cnrm.cloud.google.com created
unit-tests	UNKNOWN STEP	2026-02-15T21:16:00.6264323Z customresourcedefinition.apiextensions.k8s.io/computenetworkendpointgroups.compute.cnrm.cloud.google.com created
unit-tests	UNKNOWN STEP	2026-02-15T21:16:00.6265962Z customresourcedefinition.apiextensions.k8s.io/computenetworkfirewallpolicies.compute.cnrm.cloud.google.com created
unit-tests	UNKNOWN STEP	2026-02-15T21:16:00.6268290Z customresourcedefinition.apiextensions.k8s.io/computenetworkfirewallpolicyassociations.compute.cnrm.cloud.google.com created
unit-tests	UNKNOWN STEP	2026-02-15T21:16:00.6269975Z customresourcedefinition.apiextensions.k8s.io/computenetworkpeerings.compute.cnrm.cloud.google.com created
unit-tests	UNKNOWN STEP	2026-02-15T21:16:00.6301753Z customresourcedefinition.apiextensions.k8s.io/computenetworks.compute.cnrm.cloud.google.com created
unit-tests	UNKNOWN STEP	2026-02-15T21:16:00.6303318Z customresourcedefinition.apiextensions.k8s.io/computenodegroups.compute.cnrm.cloud.google.com created
unit-tests	UNKNOWN STEP	2026-02-15T21:16:00.6304845Z customresourcedefinition.apiextensions.k8s.io/computenodetemplates.compute.cnrm.cloud.google.com created
unit-tests	UNKNOWN STEP	2026-02-15T21:16:00.6306336Z customresourcedefinition.apiextensions.k8s.io/computepacketmirrorings.compute.cnrm.cloud.google.com created
unit-tests	UNKNOWN STEP	2026-02-15T21:16:00.6307840Z customresourcedefinition.apiextensions.k8s.io/computeprojectmetadatas.compute.cnrm.cloud.google.com created
unit-tests	UNKNOWN STEP	2026-02-15T21:16:00.6309493Z customresourcedefinition.apiextensions.k8s.io/computeregionnetworkendpointgroups.compute.cnrm.cloud.google.com created
unit-tests	UNKNOWN STEP	2026-02-15T21:16:00.6311209Z customresourcedefinition.apiextensions.k8s.io/computereservations.compute.cnrm.cloud.google.com created
unit-tests	UNKNOWN STEP	2026-02-15T21:16:00.6312700Z customresourcedefinition.apiextensions.k8s.io/computeresourcepolicies.compute.cnrm.cloud.google.com created
unit-tests	UNKNOWN STEP	2026-02-15T21:16:00.6314157Z customresourcedefinition.apiextensions.k8s.io/computerouterinterfaces.compute.cnrm.cloud.google.com created
unit-tests	UNKNOWN STEP	2026-02-15T21:16:00.6315567Z customresourcedefinition.apiextensions.k8s.io/computerouternats.compute.cnrm.cloud.google.com created
unit-tests	UNKNOWN STEP	2026-02-15T21:16:00.6316955Z customresourcedefinition.apiextensions.k8s.io/computerouterpeers.compute.cnrm.cloud.google.com created
unit-tests	UNKNOWN STEP	2026-02-15T21:16:00.6318300Z customresourcedefinition.apiextensions.k8s.io/computerouters.compute.cnrm.cloud.google.com created
unit-tests	UNKNOWN STEP	2026-02-15T21:16:00.6319603Z customresourcedefinition.apiextensions.k8s.io/computeroutes.compute.cnrm.cloud.google.com created
unit-tests	UNKNOWN STEP	2026-02-15T21:16:00.6321301Z     --- PASS: TestHandleConfigConnectorCreate/1_CC_in_cluster-mode_with_workload_identity_and_no_CCContext (6.02s)
unit-tests	UNKNOWN STEP	2026-02-15T21:16:00.6322052Z 
unit-tests	UNKNOWN STEP	2026-02-15T21:16:00.6322495Z ##[endgroup]
unit-tests	UNKNOWN STEP	2026-02-15T21:16:00.6324083Z ##[group][32mPASS[0m operator/pkg/controllers/configconnector.TestHandleConfigConnectorCreate/1_CC_in_cluster-mode_with_gcp_identity_and_no_CCContext (6.67s)
unit-tests	UNKNOWN STEP	2026-02-15T21:16:00.6325801Z customresourcedefinition.apiextensions.k8s.io/computesecuritypolicies.compute.cnrm.cloud.google.com created
unit-tests	UNKNOWN STEP	2026-02-15T21:16:00.6327289Z customresourcedefinition.apiextensions.k8s.io/computeserviceattachments.compute.cnrm.cloud.google.com created
unit-tests	UNKNOWN STEP	2026-02-15T21:16:00.6328833Z customresourcedefinition.apiextensions.k8s.io/computesharedvpchostprojects.compute.cnrm.cloud.google.com created
unit-tests	UNKNOWN STEP	2026-02-15T21:16:00.6372686Z customresourcedefinition.apiextensions.k8s.io/computesharedvpcserviceprojects.compute.cnrm.cloud.google.com created
unit-tests	UNKNOWN STEP	2026-02-15T21:16:00.6374214Z customresourcedefinition.apiextensions.k8s.io/computesnapshots.compute.cnrm.cloud.google.com created
unit-tests	UNKNOWN STEP	2026-02-15T21:16:00.6375619Z customresourcedefinition.apiextensions.k8s.io/computesslcertificates.compute.cnrm.cloud.google.com created
unit-tests	UNKNOWN STEP	2026-02-15T21:16:00.6377076Z customresourcedefinition.apiextensions.k8s.io/computesslpolicies.compute.cnrm.cloud.google.com created
unit-tests	UNKNOWN STEP	2026-02-15T21:16:00.6378466Z customresourcedefinition.apiextensions.k8s.io/computesubnetworks.compute.cnrm.cloud.google.com created
unit-tests	UNKNOWN STEP	2026-02-15T21:16:00.6379935Z customresourcedefinition.apiextensions.k8s.io/computetargetgrpcproxies.compute.cnrm.cloud.google.com created
unit-tests	UNKNOWN STEP	2026-02-15T21:16:00.6381590Z customresourcedefinition.apiextensions.k8s.io/computetargethttpproxies.compute.cnrm.cloud.google.com created
unit-tests	UNKNOWN STEP	2026-02-15T21:16:00.6383119Z customresourcedefinition.apiextensions.k8s.io/computetargethttpsproxies.compute.cnrm.cloud.google.com created
unit-tests	UNKNOWN STEP	2026-02-15T21:16:00.6384598Z customresourcedefinition.apiextensions.k8s.io/computetargetinstances.compute.cnrm.cloud.google.com created
unit-tests	UNKNOWN STEP	2026-02-15T21:16:00.6386650Z customresourcedefinition.apiextensions.k8s.io/computetargetpools.compute.cnrm.cloud.google.com created
unit-tests	UNKNOWN STEP	2026-02-15T21:16:00.6388141Z customresourcedefinition.apiextensions.k8s.io/computetargetsslproxies.compute.cnrm.cloud.google.com created
unit-tests	UNKNOWN STEP	2026-02-15T21:16:00.6389628Z customresourcedefinition.apiextensions.k8s.io/computetargettcpproxies.compute.cnrm.cloud.google.com created
unit-tests	UNKNOWN STEP	2026-02-15T21:16:00.6391304Z customresourcedefinition.apiextensions.k8s.io/computetargetvpngateways.compute.cnrm.cloud.google.com created
unit-tests	UNKNOWN STEP	2026-02-15T21:16:00.6392734Z customresourcedefinition.apiextensions.k8s.io/computeurlmaps.compute.cnrm.cloud.google.com created
unit-tests	UNKNOWN STEP	2026-02-15T21:16:00.6394110Z customresourcedefinition.apiextensions.k8s.io/computevpngateways.compute.cnrm.cloud.google.com created
unit-tests	UNKNOWN STEP	2026-02-15T21:16:00.6395485Z customresourcedefinition.apiextensions.k8s.io/computevpntunnels.compute.cnrm.cloud.google.com created
unit-tests	UNKNOWN STEP	2026-02-15T21:16:00.6397013Z customresourcedefinition.apiextensions.k8s.io/configcontrollerinstances.configcontroller.cnrm.cloud.google.com created
unit-tests	UNKNOWN STEP	2026-02-15T21:16:00.6398661Z customresourcedefinition.apiextensions.k8s.io/containeranalysisnotes.containeranalysis.cnrm.cloud.google.com created
unit-tests	UNKNOWN STEP	2026-02-15T21:16:00.6400325Z customresourcedefinition.apiextensions.k8s.io/containerattachedclusters.containerattached.cnrm.cloud.google.com created
unit-tests	UNKNOWN STEP	2026-02-15T21:16:00.6449475Z customresourcedefinition.apiextensions.k8s.io/containerclusters.container.cnrm.cloud.google.com created
unit-tests	UNKNOWN STEP	2026-02-15T21:16:00.6450893Z customresourcedefinition.apiextensions.k8s.io/containernodepools.container.cnrm.cloud.google.com created
unit-tests	UNKNOWN STEP	2026-02-15T21:16:00.6452566Z customresourcedefinition.apiextensions.k8s.io/datacatalogpolicytags.datacatalog.cnrm.cloud.google.com created
unit-tests	UNKNOWN STEP	2026-02-15T21:16:00.6454149Z customresourcedefinition.apiextensions.k8s.io/datacatalogtaxonomies.datacatalog.cnrm.cloud.google.com created
unit-tests	UNKNOWN STEP	2026-02-15T21:16:00.6455662Z customresourcedefinition.apiextensions.k8s.io/dataflowflextemplatejobs.dataflow.cnrm.cloud.google.com created
unit-tests	UNKNOWN STEP	2026-02-15T21:16:00.6457087Z customresourcedefinition.apiextensions.k8s.io/dataflowjobs.dataflow.cnrm.cloud.google.com created
unit-tests	UNKNOWN STEP	2026-02-15T21:16:00.6458472Z customresourcedefinition.apiextensions.k8s.io/dataformrepositories.dataform.cnrm.cloud.google.com created
unit-tests	UNKNOWN STEP	2026-02-15T21:16:00.6459929Z customresourcedefinition.apiextensions.k8s.io/datafusioninstances.datafusion.cnrm.cloud.google.com created
unit-tests	UNKNOWN STEP	2026-02-15T21:16:00.6461596Z customresourcedefinition.apiextensions.k8s.io/dataprocautoscalingpolicies.dataproc.cnrm.cloud.google.com created
unit-tests	UNKNOWN STEP	2026-02-15T21:16:00.6463059Z customresourcedefinition.apiextensions.k8s.io/dataprocclusters.dataproc.cnrm.cloud.google.com created
unit-tests	UNKNOWN STEP	2026-02-15T21:16:00.6464518Z customresourcedefinition.apiextensions.k8s.io/dataprocworkflowtemplates.dataproc.cnrm.cloud.google.com created
unit-tests	UNKNOWN STEP	2026-02-15T21:16:00.6466106Z     --- PASS: TestHandleConfigConnectorCreate/1_CC_in_cluster-mode_with_gcp_identity_and_no_CCContext (6.67s)
unit-tests	UNKNOWN STEP	2026-02-15T21:16:00.6466835Z 
unit-tests	UNKNOWN STEP	2026-02-15T21:16:00.6467277Z ##[endgroup]
unit-tests	UNKNOWN STEP	2026-02-15T21:16:00.6484613Z ##[group][32mPASS[0m operator/pkg/controllers/configconnector.TestHandleConfigConnectorCreate/1_CC_and_no_CCContext,_namespaced_mode (6.50s)
unit-tests	UNKNOWN STEP	2026-02-15T21:16:00.6487018Z customresourcedefinition.apiextensions.k8s.io/privilegedaccessmanagerentitlements.privilegedaccessmanager.cnrm.cloud.google.com created
unit-tests	UNKNOWN STEP	2026-02-15T21:16:00.6489147Z customresourcedefinition.apiextensions.k8s.io/projects.resourcemanager.cnrm.cloud.google.com created
unit-tests	UNKNOWN STEP	2026-02-15T21:16:00.6490837Z customresourcedefinition.apiextensions.k8s.io/pubsublitereservations.pubsublite.cnrm.cloud.google.com created
unit-tests	UNKNOWN STEP	2026-02-15T21:16:00.6492637Z customresourcedefinition.apiextensions.k8s.io/pubsubschemas.pubsub.cnrm.cloud.google.com created
unit-tests	UNKNOWN STEP	2026-02-15T21:16:00.6494245Z customresourcedefinition.apiextensions.k8s.io/pubsubsnapshots.pubsub.cnrm.cloud.google.com created
unit-tests	UNKNOWN STEP	2026-02-15T21:16:00.6495853Z customresourcedefinition.apiextensions.k8s.io/pubsubsubscriptions.pubsub.cnrm.cloud.google.com created
unit-tests	UNKNOWN STEP	2026-02-15T21:16:00.6498194Z customresourcedefinition.apiextensions.k8s.io/pubsubtopics.pubsub.cnrm.cloud.google.com created
unit-tests	UNKNOWN STEP	2026-02-15T21:16:00.6500522Z customresourcedefinition.apiextensions.k8s.io/recaptchaenterprisekeys.recaptchaenterprise.cnrm.cloud.google.com created
unit-tests	UNKNOWN STEP	2026-02-15T21:16:00.6502796Z customresourcedefinition.apiextensions.k8s.io/redisclusters.redis.cnrm.cloud.google.com created
unit-tests	UNKNOWN STEP	2026-02-15T21:16:00.6504501Z customresourcedefinition.apiextensions.k8s.io/redisinstances.redis.cnrm.cloud.google.com created
unit-tests	UNKNOWN STEP	2026-02-15T21:16:00.6506305Z customresourcedefinition.apiextensions.k8s.io/resourcemanagerliens.resourcemanager.cnrm.cloud.google.com created
unit-tests	UNKNOWN STEP	2026-02-15T21:16:00.6508511Z customresourcedefinition.apiextensions.k8s.io/resourcemanagerpolicies.resourcemanager.cnrm.cloud.google.com created
unit-tests	UNKNOWN STEP	2026-02-15T21:16:00.6510332Z customresourcedefinition.apiextensions.k8s.io/runjobs.run.cnrm.cloud.google.com created
unit-tests	UNKNOWN STEP	2026-02-15T21:16:00.6512143Z customresourcedefinition.apiextensions.k8s.io/runservices.run.cnrm.cloud.google.com created
unit-tests	UNKNOWN STEP	2026-02-15T21:16:00.6513918Z customresourcedefinition.apiextensions.k8s.io/secretmanagersecrets.secretmanager.cnrm.cloud.google.com created
unit-tests	UNKNOWN STEP	2026-02-15T21:16:00.6515903Z customresourcedefinition.apiextensions.k8s.io/secretmanagersecretversions.secretmanager.cnrm.cloud.google.com created
unit-tests	UNKNOWN STEP	2026-02-15T21:16:00.6518169Z customresourcedefinition.apiextensions.k8s.io/securesourcemanagerinstances.securesourcemanager.cnrm.cloud.google.com created
unit-tests	UNKNOWN STEP	2026-02-15T21:16:00.6520576Z customresourcedefinition.apiextensions.k8s.io/securesourcemanagerrepositories.securesourcemanager.cnrm.cloud.google.com created
unit-tests	UNKNOWN STEP	2026-02-15T21:16:00.6523012Z customresourcedefinition.apiextensions.k8s.io/servicedirectoryendpoints.servicedirectory.cnrm.cloud.google.com created
unit-tests	UNKNOWN STEP	2026-02-15T21:16:00.6524958Z customresourcedefinition.apiextensions.k8s.io/servicedirectorynamespaces.servicedirectory.cnrm.cloud.google.com created
unit-tests	UNKNOWN STEP	2026-02-15T21:16:00.6526938Z customresourcedefinition.apiextensions.k8s.io/servicedirectoryservices.servicedirectory.cnrm.cloud.google.com created
unit-tests	UNKNOWN STEP	2026-02-15T21:16:00.6528735Z customresourcedefinition.apiextensions.k8s.io/serviceidentities.serviceusage.cnrm.cloud.google.com created
unit-tests	UNKNOWN STEP	2026-02-15T21:16:00.6530377Z customresourcedefinition.apiextensions.k8s.io/servicenetworkingconnections.servicenetworking.cnrm.cloud.google.com created
unit-tests	UNKNOWN STEP	2026-02-15T21:16:00.6532219Z customresourcedefinition.apiextensions.k8s.io/services.serviceusage.cnrm.cloud.google.com created
unit-tests	UNKNOWN STEP	2026-02-15T21:16:00.6533610Z customresourcedefinition.apiextensions.k8s.io/sourcereporepositories.sourcerepo.cnrm.cloud.google.com created
unit-tests	UNKNOWN STEP	2026-02-15T21:16:00.6535031Z customresourcedefinition.apiextensions.k8s.io/spannerbackupschedules.spanner.cnrm.cloud.google.com created
unit-tests	UNKNOWN STEP	2026-02-15T21:16:00.6567959Z customresourcedefinition.apiextensions.k8s.io/spannerdatabases.spanner.cnrm.cloud.google.com created
unit-tests	UNKNOWN STEP	2026-02-15T21:16:00.6582786Z customresourcedefinition.apiextensions.k8s.io/spannerinstances.spanner.cnrm.cloud.google.com created
unit-tests	UNKNOWN STEP	2026-02-15T21:16:00.6586451Z customresourcedefinition.apiextensions.k8s.io/speechcustomclasses.speech.cnrm.cloud.google.com created
unit-tests	UNKNOWN STEP	2026-02-15T21:16:00.6591430Z customresourcedefinition.apiextensions.k8s.io/speechphrasesets.speech.cnrm.cloud.google.com created
unit-tests	UNKNOWN STEP	2026-02-15T21:16:00.6595745Z customresourcedefinition.apiextensions.k8s.io/speechrecognizers.speech.cnrm.cloud.google.com created
unit-tests	UNKNOWN STEP	2026-02-15T21:16:00.6599085Z customresourcedefinition.apiextensions.k8s.io/sqldatabases.sql.cnrm.cloud.google.com created
unit-tests	UNKNOWN STEP	2026-02-15T21:16:00.6602501Z customresourcedefinition.apiextensions.k8s.io/sqlinstances.sql.cnrm.cloud.google.com created
unit-tests	UNKNOWN STEP	2026-02-15T21:16:00.6606161Z customresourcedefinition.apiextensions.k8s.io/sqlsslcerts.sql.cnrm.cloud.google.com created
unit-tests	UNKNOWN STEP	2026-02-15T21:16:00.6607347Z customresourcedefinition.apiextensions.k8s.io/sqlusers.sql.cnrm.cloud.google.com created
unit-tests	UNKNOWN STEP	2026-02-15T21:16:00.6608610Z customresourcedefinition.apiextensions.k8s.io/storageanywherecaches.storage.cnrm.cloud.google.com created
unit-tests	UNKNOWN STEP	2026-02-15T21:16:00.6613712Z customresourcedefinition.apiextensions.k8s.io/storagebucketaccesscontrols.storage.cnrm.cloud.google.com created
unit-tests	UNKNOWN STEP	2026-02-15T21:16:00.6615457Z customresourcedefinition.apiextensions.k8s.io/storagebuckets.storage.cnrm.cloud.google.com created
unit-tests	UNKNOWN STEP	2026-02-15T21:16:00.6618650Z customresourcedefinition.apiextensions.k8s.io/storagedefaultobjectaccesscontrols.storage.cnrm.cloud.google.com created
unit-tests	UNKNOWN STEP	2026-02-15T21:16:00.6620799Z customresourcedefinition.apiextensions.k8s.io/storagenotifications.storage.cnrm.cloud.google.com created
unit-tests	UNKNOWN STEP	2026-02-15T21:16:00.6622990Z customresourcedefinition.apiextensions.k8s.io/storagetransferjobs.storagetransfer.cnrm.cloud.google.com created
unit-tests	UNKNOWN STEP	2026-02-15T21:16:00.6624802Z customresourcedefinition.apiextensions.k8s.io/tagstagbindings.tags.cnrm.cloud.google.com created
unit-tests	UNKNOWN STEP	2026-02-15T21:16:00.6626452Z customresourcedefinition.apiextensions.k8s.io/tagstagkeys.tags.cnrm.cloud.google.com created
unit-tests	UNKNOWN STEP	2026-02-15T21:16:00.6628048Z customresourcedefinition.apiextensions.k8s.io/tagstagvalues.tags.cnrm.cloud.google.com created
unit-tests	UNKNOWN STEP	2026-02-15T21:16:00.6629829Z customresourcedefinition.apiextensions.k8s.io/vertexaidatasets.vertexai.cnrm.cloud.google.com created
unit-tests	UNKNOWN STEP	2026-02-15T21:16:00.6631839Z customresourcedefinition.apiextensions.k8s.io/vertexaiendpoints.vertexai.cnrm.cloud.google.com created
unit-tests	UNKNOWN STEP	2026-02-15T21:16:00.6633806Z customresourcedefinition.apiextensions.k8s.io/vertexaiindexes.vertexai.cnrm.cloud.google.com created
unit-tests	UNKNOWN STEP	2026-02-15T21:16:00.6635630Z customresourcedefinition.apiextensions.k8s.io/vertexaimetadatastores.vertexai.cnrm.cloud.google.com created
unit-tests	UNKNOWN STEP	2026-02-15T21:16:00.6637615Z customresourcedefinition.apiextensions.k8s.io/vmwareengineexternaladdresses.vmwareengine.cnrm.cloud.google.com created
unit-tests	UNKNOWN STEP	2026-02-15T21:16:00.6639690Z customresourcedefinition.apiextensions.k8s.io/vpcaccessconnectors.vpcaccess.cnrm.cloud.google.com created
unit-tests	UNKNOWN STEP	2026-02-15T21:16:00.6671758Z customresourcedefinition.apiextensions.k8s.io/workstationclusters.workstations.cnrm.cloud.google.com created
unit-tests	UNKNOWN STEP	2026-02-15T21:16:00.6673371Z customresourcedefinition.apiextensions.k8s.io/workstationconfigs.workstations.cnrm.cloud.google.com created
unit-tests	UNKNOWN STEP	2026-02-15T21:16:00.6674883Z customresourcedefinition.apiextensions.k8s.io/workstations.workstations.cnrm.cloud.google.com created
unit-tests	UNKNOWN STEP	2026-02-15T21:16:00.6677506Z Warning: resource namespaces/cnrm-system is missing the kubectl.kubernetes.io/last-applied-configuration annotation which is required by  apply.  apply should only be used on resources created declaratively by either  create --save-config or  apply. The missing annotation will be patched automatically.
unit-tests	UNKNOWN STEP	2026-02-15T21:16:00.6679579Z namespace/cnrm-system configured
unit-tests	UNKNOWN STEP	2026-02-15T21:16:00.6680063Z serviceaccount/cnrm-deletiondefender created
unit-tests	UNKNOWN STEP	2026-02-15T21:16:00.6680647Z serviceaccount/cnrm-resource-stats-recorder created
unit-tests	UNKNOWN STEP	2026-02-15T21:16:00.6681658Z serviceaccount/cnrm-unmanaged-detector created
unit-tests	UNKNOWN STEP	2026-02-15T21:16:00.6682496Z serviceaccount/cnrm-webhook-manager created
unit-tests	UNKNOWN STEP	2026-02-15T21:16:00.6683228Z clusterrole.rbac.authorization.k8s.io/cnrm-admin created
unit-tests	UNKNOWN STEP	2026-02-15T21:16:00.6684077Z clusterrole.rbac.authorization.k8s.io/cnrm-deletiondefender-role created
unit-tests	UNKNOWN STEP	2026-02-15T21:16:00.6685012Z clusterrole.rbac.authorization.k8s.io/cnrm-manager-cluster-role created
unit-tests	UNKNOWN STEP	2026-02-15T21:16:00.6685828Z clusterrole.rbac.authorization.k8s.io/cnrm-manager-ns-role created
unit-tests	UNKNOWN STEP	2026-02-15T21:16:00.6686621Z clusterrole.rbac.authorization.k8s.io/cnrm-recorder-role created
unit-tests	UNKNOWN STEP	2026-02-15T21:16:00.6687625Z clusterrole.rbac.authorization.k8s.io/cnrm-unmanaged-detector-cluster-role created
unit-tests	UNKNOWN STEP	2026-02-15T21:16:00.6688552Z clusterrole.rbac.authorization.k8s.io/cnrm-viewer created
unit-tests	UNKNOWN STEP	2026-02-15T21:16:00.6689287Z clusterrole.rbac.authorization.k8s.io/cnrm-webhook-role created
unit-tests	UNKNOWN STEP	2026-02-15T21:16:00.6690155Z clusterrolebinding.rbac.authorization.k8s.io/cnrm-admin-binding created
unit-tests	UNKNOWN STEP	2026-02-15T21:16:00.6710829Z clusterrolebinding.rbac.authorization.k8s.io/cnrm-deletiondefender-binding created
unit-tests	UNKNOWN STEP	2026-02-15T21:16:00.6712598Z clusterrolebinding.rbac.authorization.k8s.io/cnrm-recorder-binding created
unit-tests	UNKNOWN STEP	2026-02-15T21:16:00.6714920Z clusterrolebinding.rbac.authorization.k8s.io/cnrm-unmanaged-detector-binding created
unit-tests	UNKNOWN STEP	2026-02-15T21:16:00.6716597Z clusterrolebinding.rbac.authorization.k8s.io/cnrm-webhook-binding created
unit-tests	UNKNOWN STEP	2026-02-15T21:16:00.6717624Z deployment.apps/cnrm-resource-stats-recorder created
unit-tests	UNKNOWN STEP	2026-02-15T21:16:00.6718409Z deployment.apps/cnrm-webhook-manager created
unit-tests	UNKNOWN STEP	2026-02-15T21:16:00.6719190Z statefulset.apps/cnrm-deletiondefender created
unit-tests	UNKNOWN STEP	2026-02-15T21:16:00.6719995Z statefulset.apps/cnrm-unmanaged-detector created
unit-tests	UNKNOWN STEP	2026-02-15T21:16:00.6721011Z role.rbac.authorization.k8s.io/cnrm-deletiondefender-cnrm-system-role created
unit-tests	UNKNOWN STEP	2026-02-15T21:16:00.6725941Z role.rbac.authorization.k8s.io/cnrm-webhook-cnrm-system-role created
unit-tests	UNKNOWN STEP	2026-02-15T21:16:00.6728839Z rolebinding.rbac.authorization.k8s.io/cnrm-deletiondefender-role-binding created
unit-tests	UNKNOWN STEP	2026-02-15T21:16:00.6731639Z rolebinding.rbac.authorization.k8s.io/cnrm-webhook-role-binding created
unit-tests	UNKNOWN STEP	2026-02-15T21:16:00.6734772Z horizontalpodautoscaler.autoscaling/cnrm-webhook created
unit-tests	UNKNOWN STEP	2026-02-15T21:16:00.6736595Z service/cnrm-deletiondefender created
unit-tests	UNKNOWN STEP	2026-02-15T21:16:00.6759280Z service/cnrm-resource-stats-recorder-service created
unit-tests	UNKNOWN STEP	2026-02-15T21:16:00.6763754Z customresourcedefinition.apiextensions.k8s.io/accesscontextmanageraccesslevels.accesscontextmanager.cnrm.cloud.google.com configured
unit-tests	UNKNOWN STEP	2026-02-15T21:16:00.6768856Z customresourcedefinition.apiextensions.k8s.io/accesscontextmanageraccesspolicies.accesscontextmanager.cnrm.cloud.google.com configured
unit-tests	UNKNOWN STEP	2026-02-15T21:16:00.6774037Z customresourcedefinition.apiextensions.k8s.io/accesscontextmanagerserviceperimeterresources.accesscontextmanager.cnrm.cloud.google.com configured
unit-tests	UNKNOWN STEP	2026-02-15T21:16:00.6780270Z customresourcedefinition.apiextensions.k8s.io/accesscontextmanagerserviceperimeters.accesscontextmanager.cnrm.cloud.google.com configured
unit-tests	UNKNOWN STEP	2026-02-15T21:16:00.6783973Z customresourcedefinition.apiextensions.k8s.io/alloydbbackups.alloydb.cnrm.cloud.google.com configured
unit-tests	UNKNOWN STEP	2026-02-15T21:16:00.6785813Z customresourcedefinition.apiextensions.k8s.io/alloydbclusters.alloydb.cnrm.cloud.google.com configured
unit-tests	UNKNOWN STEP	2026-02-15T21:16:00.6787622Z customresourcedefinition.apiextensions.k8s.io/alloydbinstances.alloydb.cnrm.cloud.google.com configured
unit-tests	UNKNOWN STEP	2026-02-15T21:16:00.6789548Z customresourcedefinition.apiextensions.k8s.io/alloydbusers.alloydb.cnrm.cloud.google.com configured
unit-tests	UNKNOWN STEP	2026-02-15T21:16:00.6791414Z customresourcedefinition.apiextensions.k8s.io/apigatewayapis.apigateway.cnrm.cloud.google.com configured
unit-tests	UNKNOWN STEP	2026-02-15T21:16:00.6793262Z customresourcedefinition.apiextensions.k8s.io/apigeeendpointattachments.apigee.cnrm.cloud.google.com configured
unit-tests	UNKNOWN STEP	2026-02-15T21:16:00.6795412Z customresourcedefinition.apiextensions.k8s.io/apigeeenvgroupattachments.apigee.cnrm.cloud.google.com configured
unit-tests	UNKNOWN STEP	2026-02-15T21:16:00.6797221Z customresourcedefinition.apiextensions.k8s.io/apigeeenvgroups.apigee.cnrm.cloud.google.com configured
unit-tests	UNKNOWN STEP	2026-02-15T21:16:00.6801011Z customresourcedefinition.apiextensions.k8s.io/apigeeenvironments.apigee.cnrm.cloud.google.com configured
unit-tests	UNKNOWN STEP	2026-02-15T21:16:00.6803587Z customresourcedefinition.apiextensions.k8s.io/apigeeinstanceattachments.apigee.cnrm.cloud.google.com configured
unit-tests	UNKNOWN STEP	2026-02-15T21:16:00.6808407Z customresourcedefinition.apiextensions.k8s.io/apigeeinstances.apigee.cnrm.cloud.google.com configured
unit-tests	UNKNOWN STEP	2026-02-15T21:16:00.6809860Z customresourcedefinition.apiextensions.k8s.io/apigeeorganizations.apigee.cnrm.cloud.google.com configured
unit-tests	UNKNOWN STEP	2026-02-15T21:16:00.6811597Z customresourcedefinition.apiextensions.k8s.io/apiquotaadjustersettings.cloudquota.cnrm.cloud.google.com configured
unit-tests	UNKNOWN STEP	2026-02-15T21:16:00.6813206Z customresourcedefinition.apiextensions.k8s.io/apiquotapreferences.cloudquota.cnrm.cloud.google.com configured
unit-tests	UNKNOWN STEP	2026-02-15T21:16:00.6814729Z customresourcedefinition.apiextensions.k8s.io/apphubapplications.apphub.cnrm.cloud.google.com configured
unit-tests	UNKNOWN STEP	2026-02-15T21:16:00.6821951Z     --- PASS: TestHandleConfigConnectorCreate/1_CC_and_no_CCContext,_namespaced_mode (6.50s)
unit-tests	UNKNOWN STEP	2026-02-15T21:16:00.6822568Z 
unit-tests	UNKNOWN STEP	2026-02-15T21:16:00.6823016Z ##[endgroup]
unit-tests	UNKNOWN STEP	2026-02-15T21:16:00.6824121Z   [32mPASS[0m operator/pkg/controllers/configconnector.TestHandleConfigConnectorCreate (0.00s)
unit-tests	UNKNOWN STEP	2026-02-15T21:16:04.3930816Z   [32mPASS[0m operator/pkg/controllers/configconnector.TestConfigConnectorE2E (25.27s)
unit-tests	UNKNOWN STEP	2026-02-15T21:16:12.9894462Z ##[group][32mPASS[0m operator/pkg/controllers/configconnector.TestApplyControllerResourceCR_MetadataHost/cnrm-controller-manager_with_metadataHost (0.00s)
unit-tests	UNKNOWN STEP	2026-02-15T21:16:12.9897168Z     --- PASS: TestApplyControllerResourceCR_MetadataHost/cnrm-controller-manager_with_metadataHost (0.00s)
unit-tests	UNKNOWN STEP	2026-02-15T21:16:12.9897931Z 
unit-tests	UNKNOWN STEP	2026-02-15T21:16:12.9898303Z ##[endgroup]
unit-tests	UNKNOWN STEP	2026-02-15T21:16:12.9899679Z ##[group][32mPASS[0m operator/pkg/controllers/configconnector.TestApplyControllerResourceCR_MetadataHost/non-existent_controller_returns_error (0.00s)
unit-tests	UNKNOWN STEP	2026-02-15T21:16:12.9901727Z     --- PASS: TestApplyControllerResourceCR_MetadataHost/non-existent_controller_returns_error (0.00s)
unit-tests	UNKNOWN STEP	2026-02-15T21:16:12.9902434Z 
unit-tests	UNKNOWN STEP	2026-02-15T21:16:12.9902799Z ##[endgroup]
unit-tests	UNKNOWN STEP	2026-02-15T21:16:12.9904241Z ##[group][32mPASS[0m operator/pkg/controllers/configconnector.TestApplyControllerResourceCR_MetadataHost/cnrm-controller-manager_without_metadataHost (0.00s)
unit-tests	UNKNOWN STEP	2026-02-15T21:16:12.9906210Z     --- PASS: TestApplyControllerResourceCR_MetadataHost/cnrm-controller-manager_without_metadataHost (0.00s)
unit-tests	UNKNOWN STEP	2026-02-15T21:16:12.9907020Z 
unit-tests	UNKNOWN STEP	2026-02-15T21:16:12.9907417Z ##[endgroup]
unit-tests	UNKNOWN STEP	2026-02-15T21:16:12.9908536Z   [32mPASS[0m operator/pkg/controllers/configconnector.TestApplyControllerResourceCR_MetadataHost (0.00s)
unit-tests	UNKNOWN STEP	2026-02-15T21:16:12.9911571Z ##[group][32mPASS[0m operator/pkg/controllers/configconnector.TestApplyMetadataHost/metadataHost_not_set_-_no_changes (0.00s)
unit-tests	UNKNOWN STEP	2026-02-15T21:16:12.9913055Z     --- PASS: TestApplyMetadataHost/metadataHost_not_set_-_no_changes (0.00s)
unit-tests	UNKNOWN STEP	2026-02-15T21:16:12.9913589Z 
unit-tests	UNKNOWN STEP	2026-02-15T21:16:12.9913968Z ##[endgroup]
unit-tests	UNKNOWN STEP	2026-02-15T21:16:12.9915220Z ##[group][32mPASS[0m operator/pkg/controllers/configconnector.TestApplyMetadataHost/controller_not_found_-_error (0.00s)
unit-tests	UNKNOWN STEP	2026-02-15T21:16:12.9916429Z     --- PASS: TestApplyMetadataHost/controller_not_found_-_error (0.00s)
unit-tests	UNKNOWN STEP	2026-02-15T21:16:12.9916738Z 
unit-tests	UNKNOWN STEP	2026-02-15T21:16:12.9917103Z ##[endgroup]
unit-tests	UNKNOWN STEP	2026-02-15T21:16:12.9918096Z ##[group][32mPASS[0m operator/pkg/controllers/configconnector.TestApplyMetadataHost/non-existent_controller_-_error (0.00s)
unit-tests	UNKNOWN STEP	2026-02-15T21:16:12.9919518Z     --- PASS: TestApplyMetadataHost/non-existent_controller_-_error (0.00s)
unit-tests	UNKNOWN STEP	2026-02-15T21:16:12.9920056Z 
unit-tests	UNKNOWN STEP	2026-02-15T21:16:12.9920440Z ##[endgroup]
unit-tests	UNKNOWN STEP	2026-02-15T21:16:12.9921646Z ##[group][32mPASS[0m operator/pkg/controllers/configconnector.TestApplyMetadataHost/IPv6_address_format (0.00s)
unit-tests	UNKNOWN STEP	2026-02-15T21:16:12.9922718Z     --- PASS: TestApplyMetadataHost/IPv6_address_format (0.00s)
unit-tests	UNKNOWN STEP	2026-02-15T21:16:12.9922975Z 
unit-tests	UNKNOWN STEP	2026-02-15T21:16:12.9923188Z ##[endgroup]
unit-tests	UNKNOWN STEP	2026-02-15T21:16:18.4122895Z ##[group][32mPASS[0m operator/pkg/controllers/configconnector.TestApplyMetadataHost/metadataHost_set_on_StatefulSet_-_inject_env_var (0.00s)
unit-tests	UNKNOWN STEP	2026-02-15T21:16:18.4124664Z     --- PASS: TestApplyMetadataHost/metadataHost_set_on_StatefulSet_-_inject_env_var (0.00s)
unit-tests	UNKNOWN STEP	2026-02-15T21:16:18.4125323Z 
unit-tests	UNKNOWN STEP	2026-02-15T21:16:18.4125686Z ##[endgroup]
unit-tests	UNKNOWN STEP	2026-02-15T21:16:18.4126558Z   [32mPASS[0m operator/pkg/controllers/configconnector.TestApplyMetadataHost (0.00s)
unit-tests	UNKNOWN STEP	2026-02-15T21:16:18.4128266Z ##[group][32mPASS[0m operator/pkg/controllers/configconnector.TestConfigConnectorUpdate/workload_identity_cluster_mode_to_namespaced_mode (6.45s)
unit-tests	UNKNOWN STEP	2026-02-15T21:16:18.4130115Z customresourcedefinition.apiextensions.k8s.io/artifactregistryrepositories.artifactregistry.cnrm.cloud.google.com configured
unit-tests	UNKNOWN STEP	2026-02-15T21:16:18.4131803Z customresourcedefinition.apiextensions.k8s.io/assetfeeds.asset.cnrm.cloud.google.com configured
unit-tests	UNKNOWN STEP	2026-02-15T21:16:18.4133136Z customresourcedefinition.apiextensions.k8s.io/assetsavedqueries.asset.cnrm.cloud.google.com configured
unit-tests	UNKNOWN STEP	2026-02-15T21:16:18.4134679Z customresourcedefinition.apiextensions.k8s.io/backupdrbackupplanassociations.backupdr.cnrm.cloud.google.com configured
unit-tests	UNKNOWN STEP	2026-02-15T21:16:18.4136246Z customresourcedefinition.apiextensions.k8s.io/backupdrbackupplans.backupdr.cnrm.cloud.google.com configured
unit-tests	UNKNOWN STEP	2026-02-15T21:16:18.4138280Z customresourcedefinition.apiextensions.k8s.io/backupdrbackupvaults.backupdr.cnrm.cloud.google.com configured
unit-tests	UNKNOWN STEP	2026-02-15T21:16:18.4139808Z customresourcedefinition.apiextensions.k8s.io/biglaketables.bigquerybiglake.cnrm.cloud.google.com configured
unit-tests	UNKNOWN STEP	2026-02-15T21:16:18.4141782Z customresourcedefinition.apiextensions.k8s.io/bigqueryanalyticshubdataexchanges.bigqueryanalyticshub.cnrm.cloud.google.com configured
unit-tests	UNKNOWN STEP	2026-02-15T21:16:18.4143741Z customresourcedefinition.apiextensions.k8s.io/bigqueryanalyticshublistings.bigqueryanalyticshub.cnrm.cloud.google.com configured
unit-tests	UNKNOWN STEP	2026-02-15T21:16:18.4145619Z customresourcedefinition.apiextensions.k8s.io/bigqueryconnectionconnections.bigqueryconnection.cnrm.cloud.google.com configured
unit-tests	UNKNOWN STEP	2026-02-15T21:16:18.4147264Z customresourcedefinition.apiextensions.k8s.io/bigquerydatasets.bigquery.cnrm.cloud.google.com configured
unit-tests	UNKNOWN STEP	2026-02-15T21:16:18.4148924Z customresourcedefinition.apiextensions.k8s.io/bigquerydatatransferconfigs.bigquerydatatransfer.cnrm.cloud.google.com configured
unit-tests	UNKNOWN STEP	2026-02-15T21:16:18.4150555Z customresourcedefinition.apiextensions.k8s.io/bigqueryjobs.bigquery.cnrm.cloud.google.com configured
unit-tests	UNKNOWN STEP	2026-02-15T21:16:18.4152408Z customresourcedefinition.apiextensions.k8s.io/bigqueryreservationassignments.bigqueryreservation.cnrm.cloud.google.com configured
unit-tests	UNKNOWN STEP	2026-02-15T21:16:18.4154499Z customresourcedefinition.apiextensions.k8s.io/bigqueryreservationreservations.bigqueryreservation.cnrm.cloud.google.com configured
unit-tests	UNKNOWN STEP	2026-02-15T21:16:18.4155412Z customresourcedefinition.apiextensions.k8s.io/bigqueryroutines.bigquery.cnrm.cloud.google.com configured
unit-tests	UNKNOWN STEP	2026-02-15T21:16:18.4156172Z customresourcedefinition.apiextensions.k8s.io/bigquerytables.bigquery.cnrm.cloud.google.com configured
unit-tests	UNKNOWN STEP	2026-02-15T21:16:18.4156944Z customresourcedefinition.apiextensions.k8s.io/bigtableappprofiles.bigtable.cnrm.cloud.google.com configured
unit-tests	UNKNOWN STEP	2026-02-15T21:16:18.4157733Z customresourcedefinition.apiextensions.k8s.io/bigtablegcpolicies.bigtable.cnrm.cloud.google.com configured
unit-tests	UNKNOWN STEP	2026-02-15T21:16:18.4158519Z customresourcedefinition.apiextensions.k8s.io/bigtableinstances.bigtable.cnrm.cloud.google.com configured
unit-tests	UNKNOWN STEP	2026-02-15T21:16:18.4159273Z customresourcedefinition.apiextensions.k8s.io/bigtabletables.bigtable.cnrm.cloud.google.com configured
unit-tests	UNKNOWN STEP	2026-02-15T21:16:18.4160076Z customresourcedefinition.apiextensions.k8s.io/billingbudgetsbudgets.billingbudgets.cnrm.cloud.google.com configured
unit-tests	UNKNOWN STEP	2026-02-15T21:16:18.4161013Z customresourcedefinition.apiextensions.k8s.io/binaryauthorizationattestors.binaryauthorization.cnrm.cloud.google.com configured
unit-tests	UNKNOWN STEP	2026-02-15T21:16:18.4162419Z customresourcedefinition.apiextensions.k8s.io/binaryauthorizationpolicies.binaryauthorization.cnrm.cloud.google.com configured
unit-tests	UNKNOWN STEP	2026-02-15T21:16:18.4163473Z customresourcedefinition.apiextensions.k8s.io/certificatemanagercertificatemapentries.certificatemanager.cnrm.cloud.google.com configured
unit-tests	UNKNOWN STEP	2026-02-15T21:16:18.4164538Z customresourcedefinition.apiextensions.k8s.io/certificatemanagercertificatemaps.certificatemanager.cnrm.cloud.google.com configured
unit-tests	UNKNOWN STEP	2026-02-15T21:16:18.4165567Z customresourcedefinition.apiextensions.k8s.io/certificatemanagercertificates.certificatemanager.cnrm.cloud.google.com configured
unit-tests	UNKNOWN STEP	2026-02-15T21:16:18.4166591Z customresourcedefinition.apiextensions.k8s.io/certificatemanagerdnsauthorizations.certificatemanager.cnrm.cloud.google.com configured
unit-tests	UNKNOWN STEP	2026-02-15T21:16:18.4167565Z customresourcedefinition.apiextensions.k8s.io/cloudbuildtriggers.cloudbuild.cnrm.cloud.google.com configured
unit-tests	UNKNOWN STEP	2026-02-15T21:16:18.4168382Z customresourcedefinition.apiextensions.k8s.io/cloudbuildworkerpools.cloudbuild.cnrm.cloud.google.com configured
unit-tests	UNKNOWN STEP	2026-02-15T21:16:18.4169262Z customresourcedefinition.apiextensions.k8s.io/clouddeploydeliverypipelines.clouddeploy.cnrm.cloud.google.com configured
unit-tests	UNKNOWN STEP	2026-02-15T21:16:18.4170169Z customresourcedefinition.apiextensions.k8s.io/cloudfunctionsfunctions.cloudfunctions.cnrm.cloud.google.com configured
unit-tests	UNKNOWN STEP	2026-02-15T21:16:18.4171044Z customresourcedefinition.apiextensions.k8s.io/cloudidentitygroups.cloudidentity.cnrm.cloud.google.com configured
unit-tests	UNKNOWN STEP	2026-02-15T21:16:18.4172585Z customresourcedefinition.apiextensions.k8s.io/cloudidentitymemberships.cloudidentity.cnrm.cloud.google.com configured
unit-tests	UNKNOWN STEP	2026-02-15T21:16:18.4173435Z customresourcedefinition.apiextensions.k8s.io/cloudidsendpoints.cloudids.cnrm.cloud.google.com configured
unit-tests	UNKNOWN STEP	2026-02-15T21:16:18.4174247Z customresourcedefinition.apiextensions.k8s.io/cloudschedulerjobs.cloudscheduler.cnrm.cloud.google.com configured
unit-tests	UNKNOWN STEP	2026-02-15T21:16:18.4175073Z customresourcedefinition.apiextensions.k8s.io/composerenvironments.composer.cnrm.cloud.google.com configured
unit-tests	UNKNOWN STEP	2026-02-15T21:16:18.4175851Z customresourcedefinition.apiextensions.k8s.io/computeaddresses.compute.cnrm.cloud.google.com configured
unit-tests	UNKNOWN STEP	2026-02-15T21:16:18.4176631Z customresourcedefinition.apiextensions.k8s.io/computebackendbuckets.compute.cnrm.cloud.google.com configured
unit-tests	UNKNOWN STEP	2026-02-15T21:16:18.4177440Z customresourcedefinition.apiextensions.k8s.io/computebackendservices.compute.cnrm.cloud.google.com configured
unit-tests	UNKNOWN STEP	2026-02-15T21:16:18.4178228Z customresourcedefinition.apiextensions.k8s.io/computedisks.compute.cnrm.cloud.google.com configured
unit-tests	UNKNOWN STEP	2026-02-15T21:16:18.4179015Z customresourcedefinition.apiextensions.k8s.io/computeexternalvpngateways.compute.cnrm.cloud.google.com configured
unit-tests	UNKNOWN STEP	2026-02-15T21:16:18.4179856Z customresourcedefinition.apiextensions.k8s.io/computefirewallpolicies.compute.cnrm.cloud.google.com configured
unit-tests	UNKNOWN STEP	2026-02-15T21:16:18.4180733Z customresourcedefinition.apiextensions.k8s.io/computefirewallpolicyassociations.compute.cnrm.cloud.google.com configured
unit-tests	UNKNOWN STEP	2026-02-15T21:16:18.4181945Z customresourcedefinition.apiextensions.k8s.io/computefirewallpolicyrules.compute.cnrm.cloud.google.com configured
unit-tests	UNKNOWN STEP	2026-02-15T21:16:18.4182772Z customresourcedefinition.apiextensions.k8s.io/computefirewalls.compute.cnrm.cloud.google.com configured
unit-tests	UNKNOWN STEP	2026-02-15T21:16:18.4183555Z customresourcedefinition.apiextensions.k8s.io/computeforwardingrules.compute.cnrm.cloud.google.com configured
unit-tests	UNKNOWN STEP	2026-02-15T21:16:18.4184360Z customresourcedefinition.apiextensions.k8s.io/computehealthchecks.compute.cnrm.cloud.google.com configured
unit-tests	UNKNOWN STEP	2026-02-15T21:16:18.4185166Z customresourcedefinition.apiextensions.k8s.io/computehttphealthchecks.compute.cnrm.cloud.google.com configured
unit-tests	UNKNOWN STEP	2026-02-15T21:16:18.4185983Z customresourcedefinition.apiextensions.k8s.io/computehttpshealthchecks.compute.cnrm.cloud.google.com configured
unit-tests	UNKNOWN STEP	2026-02-15T21:16:18.4186762Z customresourcedefinition.apiextensions.k8s.io/computeimages.compute.cnrm.cloud.google.com configured
unit-tests	UNKNOWN STEP	2026-02-15T21:16:18.4187572Z customresourcedefinition.apiextensions.k8s.io/computeinstancegroupmanagers.compute.cnrm.cloud.google.com configured
unit-tests	UNKNOWN STEP	2026-02-15T21:16:18.4188419Z customresourcedefinition.apiextensions.k8s.io/computeinstancegroups.compute.cnrm.cloud.google.com configured
unit-tests	UNKNOWN STEP	2026-02-15T21:16:18.4189191Z customresourcedefinition.apiextensions.k8s.io/computeinstances.compute.cnrm.cloud.google.com configured
unit-tests	UNKNOWN STEP	2026-02-15T21:16:18.4189996Z customresourcedefinition.apiextensions.k8s.io/computeinstancetemplates.compute.cnrm.cloud.google.com configured
unit-tests	UNKNOWN STEP	2026-02-15T21:16:18.4190876Z customresourcedefinition.apiextensions.k8s.io/computeinterconnectattachments.compute.cnrm.cloud.google.com configured
unit-tests	UNKNOWN STEP	2026-02-15T21:16:18.4191961Z customresourcedefinition.apiextensions.k8s.io/computemanagedsslcertificates.compute.cnrm.cloud.google.com configured
unit-tests	UNKNOWN STEP	2026-02-15T21:16:18.4192833Z customresourcedefinition.apiextensions.k8s.io/computenetworkendpointgroups.compute.cnrm.cloud.google.com configured
unit-tests	UNKNOWN STEP	2026-02-15T21:16:18.4193712Z customresourcedefinition.apiextensions.k8s.io/computenetworkfirewallpolicies.compute.cnrm.cloud.google.com configured
unit-tests	UNKNOWN STEP	2026-02-15T21:16:18.4194559Z     --- PASS: TestConfigConnectorUpdate/workload_identity_cluster_mode_to_namespaced_mode (6.45s)
unit-tests	UNKNOWN STEP	2026-02-15T21:16:18.4194922Z 
unit-tests	UNKNOWN STEP	2026-02-15T21:16:18.4195152Z ##[endgroup]
unit-tests	UNKNOWN STEP	2026-02-15T21:16:18.4195960Z ##[group][32mPASS[0m operator/pkg/controllers/configconnector.TestConfigConnectorUpdate/gcp_identity_cluster_mode_to_workload_identity_cluster_mode (6.51s)
unit-tests	UNKNOWN STEP	2026-02-15T21:16:18.4197261Z customresourcedefinition.apiextensions.k8s.io/computenetworkfirewallpolicyassociations.compute.cnrm.cloud.google.com configured
unit-tests	UNKNOWN STEP	2026-02-15T21:16:18.4198180Z customresourcedefinition.apiextensions.k8s.io/computenetworkpeerings.compute.cnrm.cloud.google.com configured
unit-tests	UNKNOWN STEP	2026-02-15T21:16:18.4198959Z customresourcedefinition.apiextensions.k8s.io/computenetworks.compute.cnrm.cloud.google.com configured
unit-tests	UNKNOWN STEP	2026-02-15T21:16:18.4199718Z customresourcedefinition.apiextensions.k8s.io/computenodegroups.compute.cnrm.cloud.google.com configured
unit-tests	UNKNOWN STEP	2026-02-15T21:16:18.4200499Z customresourcedefinition.apiextensions.k8s.io/computenodetemplates.compute.cnrm.cloud.google.com configured
unit-tests	UNKNOWN STEP	2026-02-15T21:16:18.4201502Z customresourcedefinition.apiextensions.k8s.io/computepacketmirrorings.compute.cnrm.cloud.google.com configured
unit-tests	UNKNOWN STEP	2026-02-15T21:16:18.4202350Z customresourcedefinition.apiextensions.k8s.io/computeprojectmetadatas.compute.cnrm.cloud.google.com configured
unit-tests	UNKNOWN STEP	2026-02-15T21:16:18.4203242Z customresourcedefinition.apiextensions.k8s.io/computeregionnetworkendpointgroups.compute.cnrm.cloud.google.com configured
unit-tests	UNKNOWN STEP	2026-02-15T21:16:18.4204107Z customresourcedefinition.apiextensions.k8s.io/computereservations.compute.cnrm.cloud.google.com configured
unit-tests	UNKNOWN STEP	2026-02-15T21:16:18.4204907Z customresourcedefinition.apiextensions.k8s.io/computeresourcepolicies.compute.cnrm.cloud.google.com configured
unit-tests	UNKNOWN STEP	2026-02-15T21:16:18.4205713Z customresourcedefinition.apiextensions.k8s.io/computerouterinterfaces.compute.cnrm.cloud.google.com configured
unit-tests	UNKNOWN STEP	2026-02-15T21:16:18.4206501Z customresourcedefinition.apiextensions.k8s.io/computerouternats.compute.cnrm.cloud.google.com configured
unit-tests	UNKNOWN STEP	2026-02-15T21:16:18.4207269Z customresourcedefinition.apiextensions.k8s.io/computerouterpeers.compute.cnrm.cloud.google.com configured
unit-tests	UNKNOWN STEP	2026-02-15T21:16:18.4208023Z customresourcedefinition.apiextensions.k8s.io/computerouters.compute.cnrm.cloud.google.com configured
unit-tests	UNKNOWN STEP	2026-02-15T21:16:18.4208748Z customresourcedefinition.apiextensions.k8s.io/computeroutes.compute.cnrm.cloud.google.com configured
unit-tests	UNKNOWN STEP	2026-02-15T21:16:18.4209538Z customresourcedefinition.apiextensions.k8s.io/computesecuritypolicies.compute.cnrm.cloud.google.com configured
unit-tests	UNKNOWN STEP	2026-02-15T21:16:18.4210369Z customresourcedefinition.apiextensions.k8s.io/computeserviceattachments.compute.cnrm.cloud.google.com configured
unit-tests	UNKNOWN STEP	2026-02-15T21:16:18.4211448Z customresourcedefinition.apiextensions.k8s.io/computesharedvpchostprojects.compute.cnrm.cloud.google.com configured
unit-tests	UNKNOWN STEP	2026-02-15T21:16:18.4212673Z customresourcedefinition.apiextensions.k8s.io/computesharedvpcserviceprojects.compute.cnrm.cloud.google.com configured
unit-tests	UNKNOWN STEP	2026-02-15T21:16:18.4213548Z customresourcedefinition.apiextensions.k8s.io/computesnapshots.compute.cnrm.cloud.google.com configured
unit-tests	UNKNOWN STEP	2026-02-15T21:16:18.4214337Z customresourcedefinition.apiextensions.k8s.io/computesslcertificates.compute.cnrm.cloud.google.com configured
unit-tests	UNKNOWN STEP	2026-02-15T21:16:18.4215278Z customresourcedefinition.apiextensions.k8s.io/computesslpolicies.compute.cnrm.cloud.google.com configured
unit-tests	UNKNOWN STEP	2026-02-15T21:16:18.4216719Z customresourcedefinition.apiextensions.k8s.io/computesubnetworks.compute.cnrm.cloud.google.com configured
unit-tests	UNKNOWN STEP	2026-02-15T21:16:18.4217733Z customresourcedefinition.apiextensions.k8s.io/computetargetgrpcproxies.compute.cnrm.cloud.google.com configured
unit-tests	UNKNOWN STEP	2026-02-15T21:16:18.4218565Z customresourcedefinition.apiextensions.k8s.io/computetargethttpproxies.compute.cnrm.cloud.google.com configured
unit-tests	UNKNOWN STEP	2026-02-15T21:16:18.4219411Z customresourcedefinition.apiextensions.k8s.io/computetargethttpsproxies.compute.cnrm.cloud.google.com configured
unit-tests	UNKNOWN STEP	2026-02-15T21:16:18.4220233Z customresourcedefinition.apiextensions.k8s.io/computetargetinstances.compute.cnrm.cloud.google.com configured
unit-tests	UNKNOWN STEP	2026-02-15T21:16:18.4221020Z customresourcedefinition.apiextensions.k8s.io/computetargetpools.compute.cnrm.cloud.google.com configured
unit-tests	UNKNOWN STEP	2026-02-15T21:16:18.4222130Z customresourcedefinition.apiextensions.k8s.io/computetargetsslproxies.compute.cnrm.cloud.google.com configured
unit-tests	UNKNOWN STEP	2026-02-15T21:16:18.4222949Z customresourcedefinition.apiextensions.k8s.io/computetargettcpproxies.compute.cnrm.cloud.google.com configured
unit-tests	UNKNOWN STEP	2026-02-15T21:16:18.4224048Z customresourcedefinition.apiextensions.k8s.io/computetargetvpngateways.compute.cnrm.cloud.google.com configured
unit-tests	UNKNOWN STEP	2026-02-15T21:16:18.4224837Z customresourcedefinition.apiextensions.k8s.io/computeurlmaps.compute.cnrm.cloud.google.com configured
unit-tests	UNKNOWN STEP	2026-02-15T21:16:18.4225595Z customresourcedefinition.apiextensions.k8s.io/computevpngateways.compute.cnrm.cloud.google.com configured
unit-tests	UNKNOWN STEP	2026-02-15T21:16:18.4226352Z customresourcedefinition.apiextensions.k8s.io/computevpntunnels.compute.cnrm.cloud.google.com configured
unit-tests	UNKNOWN STEP	2026-02-15T21:16:18.4227207Z customresourcedefinition.apiextensions.k8s.io/configcontrollerinstances.configcontroller.cnrm.cloud.google.com configured
unit-tests	UNKNOWN STEP	2026-02-15T21:16:18.4228130Z customresourcedefinition.apiextensions.k8s.io/containeranalysisnotes.containeranalysis.cnrm.cloud.google.com configured
unit-tests	UNKNOWN STEP	2026-02-15T21:16:18.4229052Z customresourcedefinition.apiextensions.k8s.io/containerattachedclusters.containerattached.cnrm.cloud.google.com configured
unit-tests	UNKNOWN STEP	2026-02-15T21:16:18.4229919Z customresourcedefinition.apiextensions.k8s.io/containerclusters.container.cnrm.cloud.google.com configured
unit-tests	UNKNOWN STEP	2026-02-15T21:16:18.4230705Z customresourcedefinition.apiextensions.k8s.io/containernodepools.container.cnrm.cloud.google.com configured
unit-tests	UNKNOWN STEP	2026-02-15T21:16:18.4231934Z customresourcedefinition.apiextensions.k8s.io/datacatalogpolicytags.datacatalog.cnrm.cloud.google.com configured
unit-tests	UNKNOWN STEP	2026-02-15T21:16:18.4232781Z customresourcedefinition.apiextensions.k8s.io/datacatalogtaxonomies.datacatalog.cnrm.cloud.google.com configured
unit-tests	UNKNOWN STEP	2026-02-15T21:16:18.4233612Z customresourcedefinition.apiextensions.k8s.io/dataflowflextemplatejobs.dataflow.cnrm.cloud.google.com configured
unit-tests	UNKNOWN STEP	2026-02-15T21:16:18.4234392Z customresourcedefinition.apiextensions.k8s.io/dataflowjobs.dataflow.cnrm.cloud.google.com configured
unit-tests	UNKNOWN STEP	2026-02-15T21:16:18.4235161Z customresourcedefinition.apiextensions.k8s.io/dataformrepositories.dataform.cnrm.cloud.google.com configured
unit-tests	UNKNOWN STEP	2026-02-15T21:16:18.4235976Z customresourcedefinition.apiextensions.k8s.io/datafusioninstances.datafusion.cnrm.cloud.google.com configured
unit-tests	UNKNOWN STEP	2026-02-15T21:16:18.4236819Z customresourcedefinition.apiextensions.k8s.io/dataprocautoscalingpolicies.dataproc.cnrm.cloud.google.com configured
unit-tests	UNKNOWN STEP	2026-02-15T21:16:18.4237639Z customresourcedefinition.apiextensions.k8s.io/dataprocclusters.dataproc.cnrm.cloud.google.com configured
unit-tests	UNKNOWN STEP	2026-02-15T21:16:18.4238448Z customresourcedefinition.apiextensions.k8s.io/dataprocworkflowtemplates.dataproc.cnrm.cloud.google.com configured
unit-tests	UNKNOWN STEP	2026-02-15T21:16:18.4239262Z customresourcedefinition.apiextensions.k8s.io/dlpdeidentifytemplates.dlp.cnrm.cloud.google.com configured
unit-tests	UNKNOWN STEP	2026-02-15T21:16:18.4240017Z customresourcedefinition.apiextensions.k8s.io/dlpinspecttemplates.dlp.cnrm.cloud.google.com configured
unit-tests	UNKNOWN STEP	2026-02-15T21:16:18.4240745Z customresourcedefinition.apiextensions.k8s.io/dlpjobtriggers.dlp.cnrm.cloud.google.com configured
unit-tests	UNKNOWN STEP	2026-02-15T21:16:18.4241816Z customresourcedefinition.apiextensions.k8s.io/dlpstoredinfotypes.dlp.cnrm.cloud.google.com configured
unit-tests	UNKNOWN STEP	2026-02-15T21:16:18.4242569Z customresourcedefinition.apiextensions.k8s.io/dnsmanagedzones.dns.cnrm.cloud.google.com configured
unit-tests	UNKNOWN STEP	2026-02-15T21:16:18.4243260Z customresourcedefinition.apiextensions.k8s.io/dnspolicies.dns.cnrm.cloud.google.com configured
unit-tests	UNKNOWN STEP	2026-02-15T21:16:18.4243943Z customresourcedefinition.apiextensions.k8s.io/dnsrecordsets.dns.cnrm.cloud.google.com configured
unit-tests	UNKNOWN STEP	2026-02-15T21:16:18.4244741Z customresourcedefinition.apiextensions.k8s.io/documentaiprocessorversions.documentai.cnrm.cloud.google.com configured
unit-tests	UNKNOWN STEP	2026-02-15T21:16:18.4245620Z customresourcedefinition.apiextensions.k8s.io/edgecontainerclusters.edgecontainer.cnrm.cloud.google.com configured
unit-tests	UNKNOWN STEP	2026-02-15T21:16:18.4246479Z customresourcedefinition.apiextensions.k8s.io/edgecontainernodepools.edgecontainer.cnrm.cloud.google.com configured
unit-tests	UNKNOWN STEP	2026-02-15T21:16:18.4247381Z customresourcedefinition.apiextensions.k8s.io/edgecontainervpnconnections.edgecontainer.cnrm.cloud.google.com configured
unit-tests	UNKNOWN STEP	2026-02-15T21:16:18.4248419Z customresourcedefinition.apiextensions.k8s.io/edgenetworknetworks.edgenetwork.cnrm.cloud.google.com configured
unit-tests	UNKNOWN STEP	2026-02-15T21:16:18.4249336Z customresourcedefinition.apiextensions.k8s.io/edgenetworksubnets.edgenetwork.cnrm.cloud.google.com configured
unit-tests	UNKNOWN STEP	2026-02-15T21:16:18.4250182Z     --- PASS: TestConfigConnectorUpdate/gcp_identity_cluster_mode_to_workload_identity_cluster_mode (6.51s)
unit-tests	UNKNOWN STEP	2026-02-15T21:16:18.4250570Z 
unit-tests	UNKNOWN STEP	2026-02-15T21:16:18.4250784Z ##[endgroup]
unit-tests	UNKNOWN STEP	2026-02-15T21:16:18.4251823Z ##[group][32mPASS[0m operator/pkg/controllers/configconnector.TestConfigConnectorUpdate/per_namespace_mode_to_gcp_identity_cluster_mode (6.43s)
unit-tests	UNKNOWN STEP	2026-02-15T21:16:18.4252808Z customresourcedefinition.apiextensions.k8s.io/essentialcontactscontacts.essentialcontacts.cnrm.cloud.google.com configured
unit-tests	UNKNOWN STEP	2026-02-15T21:16:18.4253692Z customresourcedefinition.apiextensions.k8s.io/eventarctriggers.eventarc.cnrm.cloud.google.com configured
unit-tests	UNKNOWN STEP	2026-02-15T21:16:18.4254463Z customresourcedefinition.apiextensions.k8s.io/filestorebackups.filestore.cnrm.cloud.google.com configured
unit-tests	UNKNOWN STEP	2026-02-15T21:16:18.4255253Z customresourcedefinition.apiextensions.k8s.io/filestoreinstances.filestore.cnrm.cloud.google.com configured
unit-tests	UNKNOWN STEP	2026-02-15T21:16:18.4256038Z customresourcedefinition.apiextensions.k8s.io/firestoredatabases.firestore.cnrm.cloud.google.com configured
unit-tests	UNKNOWN STEP	2026-02-15T21:16:18.4256810Z customresourcedefinition.apiextensions.k8s.io/firestoreindexes.firestore.cnrm.cloud.google.com configured
unit-tests	UNKNOWN STEP	2026-02-15T21:16:18.4257562Z customresourcedefinition.apiextensions.k8s.io/folders.resourcemanager.cnrm.cloud.google.com configured
unit-tests	UNKNOWN STEP	2026-02-15T21:16:18.4258351Z customresourcedefinition.apiextensions.k8s.io/gkehubfeaturememberships.gkehub.cnrm.cloud.google.com configured
unit-tests	UNKNOWN STEP	2026-02-15T21:16:18.4259127Z customresourcedefinition.apiextensions.k8s.io/gkehubfeatures.gkehub.cnrm.cloud.google.com configured
unit-tests	UNKNOWN STEP	2026-02-15T21:16:18.4259882Z customresourcedefinition.apiextensions.k8s.io/gkehubmemberships.gkehub.cnrm.cloud.google.com configured
unit-tests	UNKNOWN STEP	2026-02-15T21:16:18.4260674Z customresourcedefinition.apiextensions.k8s.io/iamaccessboundarypolicies.iam.cnrm.cloud.google.com configured
unit-tests	UNKNOWN STEP	2026-02-15T21:16:18.4261664Z customresourcedefinition.apiextensions.k8s.io/iamauditconfigs.iam.cnrm.cloud.google.com configured
unit-tests	UNKNOWN STEP	2026-02-15T21:16:18.4262377Z customresourcedefinition.apiextensions.k8s.io/iamcustomroles.iam.cnrm.cloud.google.com configured
unit-tests	UNKNOWN STEP	2026-02-15T21:16:18.4263102Z customresourcedefinition.apiextensions.k8s.io/iampartialpolicies.iam.cnrm.cloud.google.com configured
unit-tests	UNKNOWN STEP	2026-02-15T21:16:18.4263811Z customresourcedefinition.apiextensions.k8s.io/iampolicies.iam.cnrm.cloud.google.com configured
unit-tests	UNKNOWN STEP	2026-02-15T21:16:18.4264512Z customresourcedefinition.apiextensions.k8s.io/iampolicymembers.iam.cnrm.cloud.google.com configured
unit-tests	UNKNOWN STEP	2026-02-15T21:16:18.4265258Z customresourcedefinition.apiextensions.k8s.io/iamserviceaccountkeys.iam.cnrm.cloud.google.com configured
unit-tests	UNKNOWN STEP	2026-02-15T21:16:18.4266006Z customresourcedefinition.apiextensions.k8s.io/iamserviceaccounts.iam.cnrm.cloud.google.com configured
unit-tests	UNKNOWN STEP	2026-02-15T21:16:18.4266782Z customresourcedefinition.apiextensions.k8s.io/iamworkforcepoolproviders.iam.cnrm.cloud.google.com configured
unit-tests	UNKNOWN STEP	2026-02-15T21:16:18.4267544Z customresourcedefinition.apiextensions.k8s.io/iamworkforcepools.iam.cnrm.cloud.google.com configured
unit-tests	UNKNOWN STEP	2026-02-15T21:16:18.4268350Z customresourcedefinition.apiextensions.k8s.io/iamworkloadidentitypoolproviders.iam.cnrm.cloud.google.com configured
unit-tests	UNKNOWN STEP	2026-02-15T21:16:18.4269190Z customresourcedefinition.apiextensions.k8s.io/iamworkloadidentitypools.iam.cnrm.cloud.google.com configured
unit-tests	UNKNOWN STEP	2026-02-15T21:16:18.4269923Z customresourcedefinition.apiextensions.k8s.io/iapbrands.iap.cnrm.cloud.google.com configured
unit-tests	UNKNOWN STEP	2026-02-15T21:16:18.4270672Z customresourcedefinition.apiextensions.k8s.io/iapidentityawareproxyclients.iap.cnrm.cloud.google.com configured
unit-tests	UNKNOWN STEP	2026-02-15T21:16:18.4271737Z customresourcedefinition.apiextensions.k8s.io/iapsettings.iap.cnrm.cloud.google.com configured
unit-tests	UNKNOWN STEP	2026-02-15T21:16:18.4272540Z customresourcedefinition.apiextensions.k8s.io/identityplatformconfigs.identityplatform.cnrm.cloud.google.com configured
unit-tests	UNKNOWN STEP	2026-02-15T21:16:18.4273763Z customresourcedefinition.apiextensions.k8s.io/identityplatformoauthidpconfigs.identityplatform.cnrm.cloud.google.com configured
unit-tests	UNKNOWN STEP	2026-02-15T21:16:18.4274793Z customresourcedefinition.apiextensions.k8s.io/identityplatformtenantoauthidpconfigs.identityplatform.cnrm.cloud.google.com configured
unit-tests	UNKNOWN STEP	2026-02-15T21:16:18.4275777Z customresourcedefinition.apiextensions.k8s.io/identityplatformtenants.identityplatform.cnrm.cloud.google.com configured
unit-tests	UNKNOWN STEP	2026-02-15T21:16:18.4276591Z customresourcedefinition.apiextensions.k8s.io/kmsautokeyconfigs.kms.cnrm.cloud.google.com configured
unit-tests	UNKNOWN STEP	2026-02-15T21:16:18.4277299Z customresourcedefinition.apiextensions.k8s.io/kmscryptokeys.kms.cnrm.cloud.google.com configured
unit-tests	UNKNOWN STEP	2026-02-15T21:16:18.4277984Z customresourcedefinition.apiextensions.k8s.io/kmsimportjobs.kms.cnrm.cloud.google.com configured
unit-tests	UNKNOWN STEP	2026-02-15T21:16:18.4278672Z customresourcedefinition.apiextensions.k8s.io/kmskeyhandles.kms.cnrm.cloud.google.com configured
unit-tests	UNKNOWN STEP	2026-02-15T21:16:18.4279355Z customresourcedefinition.apiextensions.k8s.io/kmskeyrings.kms.cnrm.cloud.google.com configured
unit-tests	UNKNOWN STEP	2026-02-15T21:16:18.4280082Z customresourcedefinition.apiextensions.k8s.io/logginglinks.logging.cnrm.cloud.google.com configured
unit-tests	UNKNOWN STEP	2026-02-15T21:16:18.4280828Z customresourcedefinition.apiextensions.k8s.io/logginglogbuckets.logging.cnrm.cloud.google.com configured
unit-tests	UNKNOWN STEP	2026-02-15T21:16:18.4281865Z customresourcedefinition.apiextensions.k8s.io/logginglogexclusions.logging.cnrm.cloud.google.com configured
unit-tests	UNKNOWN STEP	2026-02-15T21:16:18.4282651Z customresourcedefinition.apiextensions.k8s.io/logginglogmetrics.logging.cnrm.cloud.google.com configured
unit-tests	UNKNOWN STEP	2026-02-15T21:16:18.4283404Z customresourcedefinition.apiextensions.k8s.io/logginglogsinks.logging.cnrm.cloud.google.com configured
unit-tests	UNKNOWN STEP	2026-02-15T21:16:18.4284139Z customresourcedefinition.apiextensions.k8s.io/logginglogviews.logging.cnrm.cloud.google.com configured
unit-tests	UNKNOWN STEP	2026-02-15T21:16:18.4284931Z customresourcedefinition.apiextensions.k8s.io/managedkafkaclusters.managedkafka.cnrm.cloud.google.com configured
unit-tests	UNKNOWN STEP	2026-02-15T21:16:18.4285797Z customresourcedefinition.apiextensions.k8s.io/managedkafkatopics.managedkafka.cnrm.cloud.google.com configured
unit-tests	UNKNOWN STEP	2026-02-15T21:16:18.4286603Z customresourcedefinition.apiextensions.k8s.io/memcacheinstances.memcache.cnrm.cloud.google.com configured
unit-tests	UNKNOWN STEP	2026-02-15T21:16:18.4287369Z customresourcedefinition.apiextensions.k8s.io/metastorebackups.metastore.cnrm.cloud.google.com configured
unit-tests	UNKNOWN STEP	2026-02-15T21:16:18.4288184Z customresourcedefinition.apiextensions.k8s.io/monitoringalertpolicies.monitoring.cnrm.cloud.google.com configured
unit-tests	UNKNOWN STEP	2026-02-15T21:16:18.4299077Z customresourcedefinition.apiextensions.k8s.io/monitoringdashboards.monitoring.cnrm.cloud.google.com configured
unit-tests	UNKNOWN STEP	2026-02-15T21:16:18.4300239Z customresourcedefinition.apiextensions.k8s.io/monitoringgroups.monitoring.cnrm.cloud.google.com configured
unit-tests	UNKNOWN STEP	2026-02-15T21:16:18.4301280Z customresourcedefinition.apiextensions.k8s.io/monitoringmetricdescriptors.monitoring.cnrm.cloud.google.com configured
unit-tests	UNKNOWN STEP	2026-02-15T21:16:18.4302203Z customresourcedefinition.apiextensions.k8s.io/monitoringmonitoredprojects.monitoring.cnrm.cloud.google.com configured
unit-tests	UNKNOWN STEP	2026-02-15T21:16:18.4303135Z customresourcedefinition.apiextensions.k8s.io/monitoringnotificationchannels.monitoring.cnrm.cloud.google.com configured
unit-tests	UNKNOWN STEP	2026-02-15T21:16:18.4304081Z customresourcedefinition.apiextensions.k8s.io/monitoringservicelevelobjectives.monitoring.cnrm.cloud.google.com configured
unit-tests	UNKNOWN STEP	2026-02-15T21:16:18.4304961Z customresourcedefinition.apiextensions.k8s.io/monitoringservices.monitoring.cnrm.cloud.google.com configured
unit-tests	UNKNOWN STEP	2026-02-15T21:16:18.4305810Z customresourcedefinition.apiextensions.k8s.io/monitoringuptimecheckconfigs.monitoring.cnrm.cloud.google.com configured
unit-tests	UNKNOWN STEP	2026-02-15T21:16:18.4306737Z customresourcedefinition.apiextensions.k8s.io/networkconnectivityhubs.networkconnectivity.cnrm.cloud.google.com configured
unit-tests	UNKNOWN STEP	2026-02-15T21:16:18.4307686Z customresourcedefinition.apiextensions.k8s.io/networkconnectivityspokes.networkconnectivity.cnrm.cloud.google.com configured
unit-tests	UNKNOWN STEP	2026-02-15T21:16:18.4308988Z customresourcedefinition.apiextensions.k8s.io/networksecurityauthorizationpolicies.networksecurity.cnrm.cloud.google.com configured
unit-tests	UNKNOWN STEP	2026-02-15T21:16:18.4310029Z customresourcedefinition.apiextensions.k8s.io/networksecurityclienttlspolicies.networksecurity.cnrm.cloud.google.com configured
unit-tests	UNKNOWN STEP	2026-02-15T21:16:18.4311014Z customresourcedefinition.apiextensions.k8s.io/networksecurityservertlspolicies.networksecurity.cnrm.cloud.google.com configured
unit-tests	UNKNOWN STEP	2026-02-15T21:16:18.4312312Z customresourcedefinition.apiextensions.k8s.io/networkservicesendpointpolicies.networkservices.cnrm.cloud.google.com configured
unit-tests	UNKNOWN STEP	2026-02-15T21:16:18.4313259Z customresourcedefinition.apiextensions.k8s.io/networkservicesgateways.networkservices.cnrm.cloud.google.com configured
unit-tests	UNKNOWN STEP	2026-02-15T21:16:18.4314171Z customresourcedefinition.apiextensions.k8s.io/networkservicesgrpcroutes.networkservices.cnrm.cloud.google.com configured
unit-tests	UNKNOWN STEP	2026-02-15T21:16:18.4315083Z customresourcedefinition.apiextensions.k8s.io/networkserviceshttproutes.networkservices.cnrm.cloud.google.com configured
unit-tests	UNKNOWN STEP	2026-02-15T21:16:18.4315997Z customresourcedefinition.apiextensions.k8s.io/networkservicesmeshes.networkservices.cnrm.cloud.google.com configured
unit-tests	UNKNOWN STEP	2026-02-15T21:16:18.4316899Z customresourcedefinition.apiextensions.k8s.io/networkservicestcproutes.networkservices.cnrm.cloud.google.com configured
unit-tests	UNKNOWN STEP	2026-02-15T21:16:18.4317804Z customresourcedefinition.apiextensions.k8s.io/networkservicestlsroutes.networkservices.cnrm.cloud.google.com configured
unit-tests	UNKNOWN STEP	2026-02-15T21:16:18.4318647Z customresourcedefinition.apiextensions.k8s.io/notebookinstances.notebooks.cnrm.cloud.google.com configured
unit-tests	UNKNOWN STEP	2026-02-15T21:16:18.4319493Z customresourcedefinition.apiextensions.k8s.io/orgpolicycustomconstraints.orgpolicy.cnrm.cloud.google.com configured
unit-tests	UNKNOWN STEP	2026-02-15T21:16:18.4320341Z customresourcedefinition.apiextensions.k8s.io/osconfigguestpolicies.osconfig.cnrm.cloud.google.com configured
unit-tests	UNKNOWN STEP	2026-02-15T21:16:18.4321397Z customresourcedefinition.apiextensions.k8s.io/osconfigospolicyassignments.osconfig.cnrm.cloud.google.com configured
unit-tests	UNKNOWN STEP	2026-02-15T21:16:18.4322249Z customresourcedefinition.apiextensions.k8s.io/privatecacapools.privateca.cnrm.cloud.google.com configured
unit-tests	UNKNOWN STEP	2026-02-15T21:16:18.4323116Z customresourcedefinition.apiextensions.k8s.io/privatecacertificateauthorities.privateca.cnrm.cloud.google.com configured
unit-tests	UNKNOWN STEP	2026-02-15T21:16:18.4323988Z customresourcedefinition.apiextensions.k8s.io/privatecacertificates.privateca.cnrm.cloud.google.com configured
unit-tests	UNKNOWN STEP	2026-02-15T21:16:18.4324857Z customresourcedefinition.apiextensions.k8s.io/privatecacertificatetemplates.privateca.cnrm.cloud.google.com configured
unit-tests	UNKNOWN STEP	2026-02-15T21:16:18.4325894Z customresourcedefinition.apiextensions.k8s.io/privilegedaccessmanagerentitlements.privilegedaccessmanager.cnrm.cloud.google.com configured
unit-tests	UNKNOWN STEP	2026-02-15T21:16:18.4326862Z customresourcedefinition.apiextensions.k8s.io/projects.resourcemanager.cnrm.cloud.google.com configured
unit-tests	UNKNOWN STEP	2026-02-15T21:16:18.4327681Z customresourcedefinition.apiextensions.k8s.io/pubsublitereservations.pubsublite.cnrm.cloud.google.com configured
unit-tests	UNKNOWN STEP	2026-02-15T21:16:18.4328483Z customresourcedefinition.apiextensions.k8s.io/pubsubschemas.pubsub.cnrm.cloud.google.com configured
unit-tests	UNKNOWN STEP	2026-02-15T21:16:18.4329222Z customresourcedefinition.apiextensions.k8s.io/pubsubsnapshots.pubsub.cnrm.cloud.google.com configured
unit-tests	UNKNOWN STEP	2026-02-15T21:16:18.4329995Z customresourcedefinition.apiextensions.k8s.io/pubsubsubscriptions.pubsub.cnrm.cloud.google.com configured
unit-tests	UNKNOWN STEP	2026-02-15T21:16:18.4330754Z customresourcedefinition.apiextensions.k8s.io/pubsubtopics.pubsub.cnrm.cloud.google.com configured
unit-tests	UNKNOWN STEP	2026-02-15T21:16:18.4331716Z customresourcedefinition.apiextensions.k8s.io/recaptchaenterprisekeys.recaptchaenterprise.cnrm.cloud.google.com configured
unit-tests	UNKNOWN STEP	2026-02-15T21:16:18.4332537Z customresourcedefinition.apiextensions.k8s.io/redisclusters.redis.cnrm.cloud.google.com configured
unit-tests	UNKNOWN STEP	2026-02-15T21:16:18.4333250Z customresourcedefinition.apiextensions.k8s.io/redisinstances.redis.cnrm.cloud.google.com configured
unit-tests	UNKNOWN STEP	2026-02-15T21:16:18.4334206Z customresourcedefinition.apiextensions.k8s.io/resourcemanagerliens.resourcemanager.cnrm.cloud.google.com configured
unit-tests	UNKNOWN STEP	2026-02-15T21:16:18.4335211Z customresourcedefinition.apiextensions.k8s.io/resourcemanagerpolicies.resourcemanager.cnrm.cloud.google.com configured
unit-tests	UNKNOWN STEP	2026-02-15T21:16:18.4335992Z customresourcedefinition.apiextensions.k8s.io/runjobs.run.cnrm.cloud.google.com configured
unit-tests	UNKNOWN STEP	2026-02-15T21:16:18.4336657Z customresourcedefinition.apiextensions.k8s.io/runservices.run.cnrm.cloud.google.com configured
unit-tests	UNKNOWN STEP	2026-02-15T21:16:18.4337425Z customresourcedefinition.apiextensions.k8s.io/secretmanagersecrets.secretmanager.cnrm.cloud.google.com configured
unit-tests	UNKNOWN STEP	2026-02-15T21:16:18.4338312Z customresourcedefinition.apiextensions.k8s.io/secretmanagersecretversions.secretmanager.cnrm.cloud.google.com configured
unit-tests	UNKNOWN STEP	2026-02-15T21:16:18.4339265Z customresourcedefinition.apiextensions.k8s.io/securesourcemanagerinstances.securesourcemanager.cnrm.cloud.google.com configured
unit-tests	UNKNOWN STEP	2026-02-15T21:16:18.4340270Z customresourcedefinition.apiextensions.k8s.io/securesourcemanagerrepositories.securesourcemanager.cnrm.cloud.google.com configured
unit-tests	UNKNOWN STEP	2026-02-15T21:16:18.4341386Z customresourcedefinition.apiextensions.k8s.io/servicedirectoryendpoints.servicedirectory.cnrm.cloud.google.com configured
unit-tests	UNKNOWN STEP	2026-02-15T21:16:18.4342327Z customresourcedefinition.apiextensions.k8s.io/servicedirectorynamespaces.servicedirectory.cnrm.cloud.google.com configured
unit-tests	UNKNOWN STEP	2026-02-15T21:16:18.4343251Z customresourcedefinition.apiextensions.k8s.io/servicedirectoryservices.servicedirectory.cnrm.cloud.google.com configured
unit-tests	UNKNOWN STEP	2026-02-15T21:16:18.4344120Z customresourcedefinition.apiextensions.k8s.io/serviceidentities.serviceusage.cnrm.cloud.google.com configured
unit-tests	UNKNOWN STEP	2026-02-15T21:16:18.4345019Z customresourcedefinition.apiextensions.k8s.io/servicenetworkingconnections.servicenetworking.cnrm.cloud.google.com configured
unit-tests	UNKNOWN STEP	2026-02-15T21:16:18.4345871Z customresourcedefinition.apiextensions.k8s.io/services.serviceusage.cnrm.cloud.google.com configured
unit-tests	UNKNOWN STEP	2026-02-15T21:16:18.4346657Z customresourcedefinition.apiextensions.k8s.io/sourcereporepositories.sourcerepo.cnrm.cloud.google.com configured
unit-tests	UNKNOWN STEP	2026-02-15T21:16:18.4347504Z customresourcedefinition.apiextensions.k8s.io/spannerbackupschedules.spanner.cnrm.cloud.google.com configured
unit-tests	UNKNOWN STEP	2026-02-15T21:16:18.4348294Z customresourcedefinition.apiextensions.k8s.io/spannerdatabases.spanner.cnrm.cloud.google.com configured
unit-tests	UNKNOWN STEP	2026-02-15T21:16:18.4349059Z customresourcedefinition.apiextensions.k8s.io/spannerinstances.spanner.cnrm.cloud.google.com configured
unit-tests	UNKNOWN STEP	2026-02-15T21:16:18.4349825Z customresourcedefinition.apiextensions.k8s.io/speechcustomclasses.speech.cnrm.cloud.google.com configured
unit-tests	UNKNOWN STEP	2026-02-15T21:16:18.4350588Z customresourcedefinition.apiextensions.k8s.io/speechphrasesets.speech.cnrm.cloud.google.com configured
unit-tests	UNKNOWN STEP	2026-02-15T21:16:18.4351636Z customresourcedefinition.apiextensions.k8s.io/speechrecognizers.speech.cnrm.cloud.google.com configured
unit-tests	UNKNOWN STEP	2026-02-15T21:16:18.4352374Z customresourcedefinition.apiextensions.k8s.io/sqldatabases.sql.cnrm.cloud.google.com configured
unit-tests	UNKNOWN STEP	2026-02-15T21:16:18.4353059Z customresourcedefinition.apiextensions.k8s.io/sqlinstances.sql.cnrm.cloud.google.com configured
unit-tests	UNKNOWN STEP	2026-02-15T21:16:18.4353774Z customresourcedefinition.apiextensions.k8s.io/sqlsslcerts.sql.cnrm.cloud.google.com configured
unit-tests	UNKNOWN STEP	2026-02-15T21:16:18.4354441Z customresourcedefinition.apiextensions.k8s.io/sqlusers.sql.cnrm.cloud.google.com configured
unit-tests	UNKNOWN STEP	2026-02-15T21:16:18.4355171Z customresourcedefinition.apiextensions.k8s.io/storageanywherecaches.storage.cnrm.cloud.google.com configured
unit-tests	UNKNOWN STEP	2026-02-15T21:16:18.4356014Z customresourcedefinition.apiextensions.k8s.io/storagebucketaccesscontrols.storage.cnrm.cloud.google.com configured
unit-tests	UNKNOWN STEP	2026-02-15T21:16:18.4356811Z customresourcedefinition.apiextensions.k8s.io/storagebuckets.storage.cnrm.cloud.google.com configured
unit-tests	UNKNOWN STEP	2026-02-15T21:16:18.4357654Z customresourcedefinition.apiextensions.k8s.io/storagedefaultobjectaccesscontrols.storage.cnrm.cloud.google.com configured
unit-tests	UNKNOWN STEP	2026-02-15T21:16:18.4358514Z customresourcedefinition.apiextensions.k8s.io/storagenotifications.storage.cnrm.cloud.google.com configured
unit-tests	UNKNOWN STEP	2026-02-15T21:16:18.4359632Z customresourcedefinition.apiextensions.k8s.io/storagetransferjobs.storagetransfer.cnrm.cloud.google.com configured
unit-tests	UNKNOWN STEP	2026-02-15T21:16:18.4360429Z customresourcedefinition.apiextensions.k8s.io/tagstagbindings.tags.cnrm.cloud.google.com configured
unit-tests	UNKNOWN STEP	2026-02-15T21:16:18.4361367Z customresourcedefinition.apiextensions.k8s.io/tagstagkeys.tags.cnrm.cloud.google.com configured
unit-tests	UNKNOWN STEP	2026-02-15T21:16:18.4362074Z customresourcedefinition.apiextensions.k8s.io/tagstagvalues.tags.cnrm.cloud.google.com configured
unit-tests	UNKNOWN STEP	2026-02-15T21:16:18.4362822Z customresourcedefinition.apiextensions.k8s.io/vertexaidatasets.vertexai.cnrm.cloud.google.com configured
unit-tests	UNKNOWN STEP	2026-02-15T21:16:18.4363599Z customresourcedefinition.apiextensions.k8s.io/vertexaiendpoints.vertexai.cnrm.cloud.google.com configured
unit-tests	UNKNOWN STEP	2026-02-15T21:16:18.4364367Z customresourcedefinition.apiextensions.k8s.io/vertexaiindexes.vertexai.cnrm.cloud.google.com configured
unit-tests	UNKNOWN STEP	2026-02-15T21:16:18.4365156Z customresourcedefinition.apiextensions.k8s.io/vertexaimetadatastores.vertexai.cnrm.cloud.google.com configured
unit-tests	UNKNOWN STEP	2026-02-15T21:16:18.4366053Z customresourcedefinition.apiextensions.k8s.io/vmwareengineexternaladdresses.vmwareengine.cnrm.cloud.google.com configured
unit-tests	UNKNOWN STEP	2026-02-15T21:16:18.4366929Z customresourcedefinition.apiextensions.k8s.io/vpcaccessconnectors.vpcaccess.cnrm.cloud.google.com configured
unit-tests	UNKNOWN STEP	2026-02-15T21:16:18.4367752Z customresourcedefinition.apiextensions.k8s.io/workstationclusters.workstations.cnrm.cloud.google.com configured
unit-tests	UNKNOWN STEP	2026-02-15T21:16:18.4368575Z customresourcedefinition.apiextensions.k8s.io/workstationconfigs.workstations.cnrm.cloud.google.com configured
unit-tests	UNKNOWN STEP	2026-02-15T21:16:18.4369366Z customresourcedefinition.apiextensions.k8s.io/workstations.workstations.cnrm.cloud.google.com configured
unit-tests	UNKNOWN STEP	2026-02-15T21:16:18.4369888Z namespace/cnrm-system configured
unit-tests	UNKNOWN STEP	2026-02-15T21:16:18.4370169Z serviceaccount/cnrm-deletiondefender unchanged
unit-tests	UNKNOWN STEP	2026-02-15T21:16:18.4370499Z serviceaccount/cnrm-resource-stats-recorder unchanged
unit-tests	UNKNOWN STEP	2026-02-15T21:16:18.4370843Z serviceaccount/cnrm-unmanaged-detector unchanged
unit-tests	UNKNOWN STEP	2026-02-15T21:16:18.4371270Z serviceaccount/cnrm-webhook-manager unchanged
unit-tests	UNKNOWN STEP	2026-02-15T21:16:18.4371625Z clusterrole.rbac.authorization.k8s.io/cnrm-admin configured
unit-tests	UNKNOWN STEP	2026-02-15T21:16:18.4372089Z clusterrole.rbac.authorization.k8s.io/cnrm-deletiondefender-role unchanged
unit-tests	UNKNOWN STEP	2026-02-15T21:16:18.4372600Z clusterrole.rbac.authorization.k8s.io/cnrm-manager-cluster-role unchanged
unit-tests	UNKNOWN STEP	2026-02-15T21:16:18.4373084Z clusterrole.rbac.authorization.k8s.io/cnrm-manager-ns-role unchanged
unit-tests	UNKNOWN STEP	2026-02-15T21:16:18.4373535Z clusterrole.rbac.authorization.k8s.io/cnrm-recorder-role unchanged
unit-tests	UNKNOWN STEP	2026-02-15T21:16:18.4374049Z clusterrole.rbac.authorization.k8s.io/cnrm-unmanaged-detector-cluster-role unchanged
unit-tests	UNKNOWN STEP	2026-02-15T21:16:18.4374557Z clusterrole.rbac.authorization.k8s.io/cnrm-viewer configured
unit-tests	UNKNOWN STEP	2026-02-15T21:16:18.4374982Z clusterrole.rbac.authorization.k8s.io/cnrm-webhook-role unchanged
unit-tests	UNKNOWN STEP	2026-02-15T21:16:18.4375452Z clusterrolebinding.rbac.authorization.k8s.io/cnrm-admin-binding unchanged
unit-tests	UNKNOWN STEP	2026-02-15T21:16:18.4376004Z clusterrolebinding.rbac.authorization.k8s.io/cnrm-deletiondefender-binding unchanged
unit-tests	UNKNOWN STEP	2026-02-15T21:16:18.4376573Z clusterrolebinding.rbac.authorization.k8s.io/cnrm-recorder-binding unchanged
unit-tests	UNKNOWN STEP	2026-02-15T21:16:18.4377136Z clusterrolebinding.rbac.authorization.k8s.io/cnrm-unmanaged-detector-binding unchanged
unit-tests	UNKNOWN STEP	2026-02-15T21:16:18.4377706Z clusterrolebinding.rbac.authorization.k8s.io/cnrm-webhook-binding unchanged
unit-tests	UNKNOWN STEP	2026-02-15T21:16:18.4378156Z deployment.apps/cnrm-resource-stats-recorder unchanged
unit-tests	UNKNOWN STEP	2026-02-15T21:16:18.4378487Z deployment.apps/cnrm-webhook-manager unchanged
unit-tests	UNKNOWN STEP	2026-02-15T21:16:18.4378802Z statefulset.apps/cnrm-deletiondefender unchanged
unit-tests	UNKNOWN STEP	2026-02-15T21:16:18.4379135Z statefulset.apps/cnrm-unmanaged-detector unchanged
unit-tests	UNKNOWN STEP	2026-02-15T21:16:18.4379574Z role.rbac.authorization.k8s.io/cnrm-deletiondefender-cnrm-system-role unchanged
unit-tests	UNKNOWN STEP	2026-02-15T21:16:18.4380076Z role.rbac.authorization.k8s.io/cnrm-webhook-cnrm-system-role unchanged
unit-tests	UNKNOWN STEP	2026-02-15T21:16:18.4380597Z rolebinding.rbac.authorization.k8s.io/cnrm-deletiondefender-role-binding unchanged
unit-tests	UNKNOWN STEP	2026-02-15T21:16:18.4381521Z rolebinding.rbac.authorization.k8s.io/cnrm-webhook-role-binding unchanged
unit-tests	UNKNOWN STEP	2026-02-15T21:16:18.4382135Z horizontalpodautoscaler.autoscaling/cnrm-webhook unchanged
unit-tests	UNKNOWN STEP	2026-02-15T21:16:18.4382494Z service/cnrm-deletiondefender unchanged
unit-tests	UNKNOWN STEP	2026-02-15T21:16:18.4382821Z service/cnrm-resource-stats-recorder-service unchanged
unit-tests	UNKNOWN STEP	2026-02-15T21:16:18.4383411Z     --- PASS: TestConfigConnectorUpdate/per_namespace_mode_to_gcp_identity_cluster_mode (6.43s)
unit-tests	UNKNOWN STEP	2026-02-15T21:16:18.4383767Z 
unit-tests	UNKNOWN STEP	2026-02-15T21:16:18.4384060Z ##[endgroup]
unit-tests	UNKNOWN STEP	2026-02-15T21:16:18.4384955Z ##[group][32mPASS[0m operator/pkg/controllers/configconnector.TestConfigConnectorUpdate/gcp_identity_cluster_mode_to_per_namespace_mode (6.38s)
unit-tests	UNKNOWN STEP	2026-02-15T21:16:18.4385831Z     --- PASS: TestConfigConnectorUpdate/gcp_identity_cluster_mode_to_per_namespace_mode (6.38s)
unit-tests	UNKNOWN STEP	2026-02-15T21:16:18.4386175Z 
unit-tests	UNKNOWN STEP	2026-02-15T21:16:18.4386363Z ##[endgroup]
unit-tests	UNKNOWN STEP	2026-02-15T21:16:18.4387248Z ##[group][32mPASS[0m operator/pkg/controllers/configconnector.TestConfigConnectorUpdate/per_namespace_mode_to_workload_identity_cluster_mode (6.79s)
unit-tests	UNKNOWN STEP	2026-02-15T21:16:18.4388179Z     --- PASS: TestConfigConnectorUpdate/per_namespace_mode_to_workload_identity_cluster_mode (6.79s)
unit-tests	UNKNOWN STEP	2026-02-15T21:16:18.4388552Z 
unit-tests	UNKNOWN STEP	2026-02-15T21:16:18.4388735Z ##[endgroup]
unit-tests	UNKNOWN STEP	2026-02-15T21:16:18.4389454Z ##[group][32mPASS[0m operator/pkg/controllers/configconnector.TestConfigConnectorUpdate/workload_identity_cluster_mode_to_per_namespace_mode (6.62s)
unit-tests	UNKNOWN STEP	2026-02-15T21:16:18.4390358Z     --- PASS: TestConfigConnectorUpdate/workload_identity_cluster_mode_to_per_namespace_mode (6.62s)
unit-tests	UNKNOWN STEP	2026-02-15T21:16:18.4390723Z 
unit-tests	UNKNOWN STEP	2026-02-15T21:16:18.4390900Z ##[endgroup]
unit-tests	UNKNOWN STEP	2026-02-15T21:16:18.4391706Z ##[group][32mPASS[0m operator/pkg/controllers/configconnector.TestConfigConnectorUpdate/namespaced_mode_to_gcp_identity_cluster_mode (5.96s)
unit-tests	UNKNOWN STEP	2026-02-15T21:16:18.4392555Z     --- PASS: TestConfigConnectorUpdate/namespaced_mode_to_gcp_identity_cluster_mode (5.96s)
unit-tests	UNKNOWN STEP	2026-02-15T21:16:18.4392905Z 
unit-tests	UNKNOWN STEP	2026-02-15T21:16:18.4393084Z ##[endgroup]
unit-tests	UNKNOWN STEP	2026-02-15T21:16:18.4393825Z ##[group][32mPASS[0m operator/pkg/controllers/configconnector.TestConfigConnectorUpdate/workload_identity_cluster_mode_to_gcp_identity_cluster_mode (5.52s)
unit-tests	UNKNOWN STEP	2026-02-15T21:16:18.4394797Z     --- PASS: TestConfigConnectorUpdate/workload_identity_cluster_mode_to_gcp_identity_cluster_mode (5.52s)
unit-tests	UNKNOWN STEP	2026-02-15T21:16:18.4395189Z 
unit-tests	UNKNOWN STEP	2026-02-15T21:16:18.4395370Z ##[endgroup]
unit-tests	UNKNOWN STEP	2026-02-15T21:16:18.4396063Z ##[group][32mPASS[0m operator/pkg/controllers/configconnector.TestConfigConnectorUpdate/namespaced_mode_to_workload_identity_cluster_mode (6.04s)
unit-tests	UNKNOWN STEP	2026-02-15T21:16:18.4396946Z     --- PASS: TestConfigConnectorUpdate/namespaced_mode_to_workload_identity_cluster_mode (6.04s)
unit-tests	UNKNOWN STEP	2026-02-15T21:16:18.4397302Z 
unit-tests	UNKNOWN STEP	2026-02-15T21:16:18.4397481Z ##[endgroup]
unit-tests	UNKNOWN STEP	2026-02-15T21:16:18.4398152Z ##[group][32mPASS[0m operator/pkg/controllers/configconnector.TestConfigConnectorUpdate/gcp_identity_cluster_mode_to_namespaced_mode (6.13s)
unit-tests	UNKNOWN STEP	2026-02-15T21:16:18.4398995Z     --- PASS: TestConfigConnectorUpdate/gcp_identity_cluster_mode_to_namespaced_mode (6.13s)
unit-tests	UNKNOWN STEP	2026-02-15T21:16:18.4399329Z 
unit-tests	UNKNOWN STEP	2026-02-15T21:16:18.4399505Z ##[endgroup]
unit-tests	UNKNOWN STEP	2026-02-15T21:16:18.4399966Z   [32mPASS[0m operator/pkg/controllers/configconnector.TestConfigConnectorUpdate (0.00s)
unit-tests	UNKNOWN STEP	2026-02-15T21:16:18.4400759Z   [32mPASS[0m Package operator/pkg/controllers/configconnector (2m27.488s) (coverage: 62.8% of statements)
unit-tests	UNKNOWN STEP	2026-02-15T21:16:18.4401346Z 
unit-tests	UNKNOWN STEP	2026-02-15T21:16:18.5653344Z 
unit-tests	UNKNOWN STEP	2026-02-15T21:16:18.5653808Z DONE 180 tests in 168.628s
unit-tests	UNKNOWN STEP	2026-02-15T21:16:18.5774192Z make[1]: Leaving directory '/home/runner/work/k8s-config-connector/k8s-config-connector/operator'
unit-tests	UNKNOWN STEP	2026-02-15T21:16:19.6902385Z go: downloading github.com/tmccombs/hcl2json v0.6.8
unit-tests	UNKNOWN STEP	2026-02-15T21:16:26.8352047Z ✅  pkg/cli/asset (192ms) (coverage: 77.6% of statements)
unit-tests	UNKNOWN STEP	2026-02-15T21:17:43.2734743Z ✅  pkg/cli/cmd/apply/yamlresource (11ms) (coverage: 58.8% of statements)
unit-tests	UNKNOWN STEP	2026-02-15T21:17:43.4112518Z ✅  pkg/cli/cmd (149ms) (coverage: 39.5% of statements)
unit-tests	UNKNOWN STEP	2026-02-15T21:17:47.3997743Z ✅  pkg/cli/cmd/bulkexport/errorhandler (28ms) (coverage: 66.7% of statements)
unit-tests	UNKNOWN STEP	2026-02-15T21:17:47.7155169Z ✅  pkg/cli/cmd/bulkexport/iamresource (36ms) (coverage: 100.0% of statements)
unit-tests	UNKNOWN STEP	2026-02-15T21:17:48.1040877Z ✅  pkg/cli/cmd/bulkexport/filteredinputstream (429ms) (coverage: 43.3% of statements)
unit-tests	UNKNOWN STEP	2026-02-15T21:17:52.0729239Z ✅  pkg/cli/cmd/bulkexport/outputstream (888ms) (coverage: 64.3% of statements)
unit-tests	UNKNOWN STEP	2026-02-15T21:17:55.6553294Z ✅  pkg/cli/cmd/export/outputstream (717ms) (coverage: 64.3% of statements)
unit-tests	UNKNOWN STEP	2026-02-15T21:17:59.0197291Z ✅  pkg/cli/cmd/printresources/printer (56ms) (coverage: 90.5% of statements)
unit-tests	UNKNOWN STEP	2026-02-15T21:17:59.2461024Z ✅  pkg/cli/cmd/printresources/resourcedescription (282ms) (coverage: 93.0% of statements)
unit-tests	UNKNOWN STEP	2026-02-15T21:18:00.5554938Z ✅  pkg/cli/krmtohcl (260ms) (coverage: 80.0% of statements)
unit-tests	UNKNOWN STEP	2026-02-15T21:18:05.1363398Z ✅  pkg/cli/outputsink/filename (1.607s) (coverage: 71.3% of statements)
unit-tests	UNKNOWN STEP	2026-02-15T21:18:06.1402375Z ✅  pkg/cli/outputsink (2.838s) (coverage: 81.2% of statements)
unit-tests	UNKNOWN STEP	2026-02-15T21:18:21.8277061Z ✅  pkg/cli/storage (4ms) (coverage: 90.0% of statements)
unit-tests	UNKNOWN STEP	2026-02-15T21:18:21.9661608Z ✅  pkg/cli/preview (144ms) (coverage: 0.0% of statements)
unit-tests	UNKNOWN STEP	2026-02-15T21:18:28.0240971Z ✅  pkg/cli/stream (2.981s) (coverage: 80.0% of statements)
unit-tests	UNKNOWN STEP	2026-02-15T21:19:15.4937250Z ✅  pkg/contexts (4ms) (coverage: 9.1% of statements)
unit-tests	UNKNOWN STEP	2026-02-15T21:19:18.4943736Z ✅  pkg/controller/direct (38ms) (coverage: 2.1% of statements)
unit-tests	UNKNOWN STEP	2026-02-15T21:19:20.2666763Z ✅  pkg/cluster (4.777s) (coverage: 83.0% of statements)
unit-tests	UNKNOWN STEP	2026-02-15T21:19:22.3257718Z ✅  pkg/controller/direct/apigee (30ms) (coverage: 0.7% of statements)
unit-tests	UNKNOWN STEP	2026-02-15T21:19:22.3300343Z ✅  pkg/controller/direct/apikeys (34ms) (coverage: 4.1% of statements)
unit-tests	UNKNOWN STEP	2026-02-15T21:19:22.4552836Z ✅  pkg/controller/direct/apphub (37ms) (coverage: 6.8% of statements)
unit-tests	UNKNOWN STEP	2026-02-15T21:19:25.3550420Z ✅  pkg/controller/direct/bigquerydataset (34ms) (coverage: 0.2% of statements)
unit-tests	UNKNOWN STEP	2026-02-15T21:19:26.2867194Z ✅  pkg/controller/direct/bigtable (36ms) (coverage: 6.3% of statements)
unit-tests	UNKNOWN STEP	2026-02-15T21:19:28.7496023Z ✅  pkg/controller/direct/cloudidentity (26ms) (coverage: 0.5% of statements)
unit-tests	UNKNOWN STEP	2026-02-15T21:19:30.8706647Z ✅  pkg/controller/direct/common (37ms) (coverage: 19.4% of statements)
unit-tests	UNKNOWN STEP	2026-02-15T21:19:33.7192245Z ✅  pkg/controller/direct/dataproc (33ms) (coverage: 4.6% of statements)
unit-tests	UNKNOWN STEP	2026-02-15T21:19:36.7015781Z ✅  pkg/controller/direct/firestore (38ms) (coverage: 13.0% of statements)
unit-tests	UNKNOWN STEP	2026-02-15T21:19:36.7017187Z ✅  pkg/controller/direct/iam (38ms) (coverage: 28.7% of statements)
unit-tests	UNKNOWN STEP	2026-02-15T21:19:39.1195478Z ✅  pkg/controller/direct/privilegedaccessmanager (36ms) (coverage: 6.2% of statements)
unit-tests	UNKNOWN STEP	2026-02-15T21:19:43.0192918Z ✅  pkg/controller/direct/spanner (43ms) (coverage: 4.4% of statements)
unit-tests	UNKNOWN STEP	2026-02-15T21:19:43.2800407Z ✅  pkg/controller/direct/storage/control (33ms) (coverage: 37.1% of statements)
unit-tests	UNKNOWN STEP	2026-02-15T21:19:46.7806745Z ✅  pkg/controller/direct/vertexai (64ms) (coverage: 6.8% of statements)
unit-tests	UNKNOWN STEP	2026-02-15T21:19:47.9509646Z ✅  pkg/controller/direct/sql (4.775s) (coverage: 24.6% of statements)
unit-tests	UNKNOWN STEP	2026-02-15T21:19:49.4973319Z ✅  pkg/controller/direct/workstations (40ms) (coverage: 13.1% of statements)
unit-tests	UNKNOWN STEP	2026-02-15T21:19:54.1537419Z ✅  pkg/controller/iam/auditconfig (37ms) (coverage: 3.6% of statements)
unit-tests	UNKNOWN STEP	2026-02-15T21:19:54.1577065Z ✅  pkg/controller/iam/partialpolicy (41ms) (coverage: 33.3% of statements)
unit-tests	UNKNOWN STEP	2026-02-15T21:19:54.1580619Z ✅  pkg/controller/iam/iamclient (41ms) (coverage: 9.0% of statements)
unit-tests	UNKNOWN STEP	2026-02-15T21:19:54.4134632Z ✅  pkg/controller/iam/policy (55ms) (coverage: 3.5% of statements)
unit-tests	UNKNOWN STEP	2026-02-15T21:19:57.3973772Z ✅  pkg/controller/jitter (19ms) (coverage: 70.0% of statements)
unit-tests	UNKNOWN STEP	2026-02-15T21:19:57.4056615Z ✅  pkg/controller/iam/policymember (27ms) (coverage: 3.4% of statements)
unit-tests	UNKNOWN STEP	2026-02-15T21:20:00.7478651Z ✅  pkg/controller/resourceactuation (40ms) (coverage: 77.1% of statements)
unit-tests	UNKNOWN STEP	2026-02-15T21:20:12.2420709Z ✅  pkg/controller/resourcewatcher (10.026s) (coverage: 61.2% of statements)
unit-tests	UNKNOWN STEP	2026-02-15T21:20:19.5657736Z ✅  pkg/controller/lifecyclehandler (20.23s) (coverage: 10.0% of statements)
unit-tests	UNKNOWN STEP	2026-02-15T21:20:23.1708614Z ✅  pkg/controller/kccmanager (24.004s) (coverage: 42.6% of statements)
unit-tests	UNKNOWN STEP	2026-02-15T21:20:27.3896745Z ✅  pkg/crd/crdgeneration (116ms) (coverage: 50.5% of statements)
unit-tests	UNKNOWN STEP	2026-02-15T21:20:32.7616865Z ✅  pkg/crd/fielddesc (4.174s) (coverage: 94.7% of statements)
unit-tests	UNKNOWN STEP	2026-02-15T21:20:36.2874122Z ✅  pkg/dcl (73ms) (coverage: 71.4% of statements)
unit-tests	UNKNOWN STEP	2026-02-15T21:20:42.1147963Z ✅  pkg/dcl/conversion (59ms) (coverage: 80.0% of statements)
unit-tests	UNKNOWN STEP	2026-02-15T21:20:42.9134313Z ✅  pkg/dcl/extension (24ms) (coverage: 68.5% of statements)
unit-tests	UNKNOWN STEP	2026-02-15T21:20:43.9286340Z ✅  pkg/crd/template (11.663s) (coverage: 91.2% of statements)
unit-tests	UNKNOWN STEP	2026-02-15T21:20:48.3453090Z ✅  pkg/dcl/extension/container (52ms) (coverage: 77.1% of statements)
unit-tests	UNKNOWN STEP	2026-02-15T21:21:04.3436718Z ✅  pkg/crd/crdloader (37.068s) (coverage: 75.3% of statements)
unit-tests	UNKNOWN STEP	2026-02-15T21:21:06.5204070Z ✅  pkg/dcl/livestate (39ms) (coverage: 36.4% of statements)
unit-tests	UNKNOWN STEP	2026-02-15T21:21:11.2514860Z ✅  pkg/dcl/metadata (520ms) (coverage: 92.5% of statements)
unit-tests	UNKNOWN STEP	2026-02-15T21:21:11.7794380Z ✅  pkg/dcl/schema/dclschemaloader (463ms) (coverage: 75.8% of statements)
unit-tests	UNKNOWN STEP	2026-02-15T21:21:11.7994762Z ✅  pkg/execution (10ms) (coverage: 94.4% of statements)
unit-tests	UNKNOWN STEP	2026-02-15T21:21:14.8624446Z ✅  pkg/dcl/kcclite (8.384s) (coverage: 79.2% of statements)
unit-tests	UNKNOWN STEP	2026-02-15T21:21:20.0030805Z ✅  pkg/gcp (7ms) (coverage: 10.4% of statements)
unit-tests	UNKNOWN STEP	2026-02-15T21:21:39.5107753Z ✅  pkg/fuzztesting/fuzztests (19.515s)
unit-tests	UNKNOWN STEP	2026-02-15T21:21:48.9064697Z ✅  pkg/controller/unmanageddetector (1m39.26s) (coverage: 53.4% of statements)
unit-tests	UNKNOWN STEP	2026-02-15T21:22:08.8660354Z ✅  pkg/gcpurls (129ms) (coverage: 88.2% of statements)
unit-tests	UNKNOWN STEP	2026-02-15T21:22:16.1863850Z ✅  pkg/gvks/supportedgvks (209ms) (coverage: 85.0% of statements)
unit-tests	UNKNOWN STEP	2026-02-15T21:22:25.3303410Z ✅  pkg/k8s (4.292s) (coverage: 51.0% of statements)
unit-tests	UNKNOWN STEP	2026-02-15T21:22:27.0625232Z ✅  pkg/label (8ms) (coverage: 37.5% of statements)
unit-tests	UNKNOWN STEP	2026-02-15T21:22:27.0630701Z ✅  pkg/lease/leasable (8ms) (coverage: 31.8% of statements)
unit-tests	UNKNOWN STEP	2026-02-15T21:22:27.5318859Z ✅  pkg/logging (5ms) (coverage: 37.5% of statements)
unit-tests	UNKNOWN STEP	2026-02-15T21:22:28.1803228Z ✅  pkg/managementconflict (26ms) (coverage: 82.4% of statements)
unit-tests	UNKNOWN STEP	2026-02-15T21:22:30.5870215Z ✅  pkg/resourceoverrides (69ms) (coverage: 53.3% of statements)
unit-tests	UNKNOWN STEP	2026-02-15T21:22:32.7904543Z ✅  pkg/servicemapping/servicemappingloader (163ms) (coverage: 67.2% of statements)
unit-tests	UNKNOWN STEP	2026-02-15T21:22:33.3090105Z ✅  pkg/snippet/snippetgeneration (25ms) (coverage: 84.3% of statements)
unit-tests	UNKNOWN STEP	2026-02-15T21:22:33.5180413Z ✅  pkg/resourceskeleton (889ms) (coverage: 82.7% of statements)
unit-tests	UNKNOWN STEP	2026-02-15T21:22:34.5140229Z ✅  pkg/krmtotf (7.46s) (coverage: 70.7% of statements)
unit-tests	UNKNOWN STEP	2026-02-15T21:22:36.7359374Z ✅  pkg/test (22ms) (coverage: 2.9% of statements)
unit-tests	UNKNOWN STEP	2026-02-15T21:22:37.0063036Z ✅  pkg/test/constants (45ms) (coverage: 100.0% of statements)
unit-tests	UNKNOWN STEP	2026-02-15T21:22:37.6500561Z ✅  pkg/test/fuzz (6ms) (coverage: 13.1% of statements)
unit-tests	UNKNOWN STEP	2026-02-15T21:22:40.4452327Z ✅  pkg/test/resourcefixture (1.128s) (coverage: 44.7% of statements)
unit-tests	UNKNOWN STEP	2026-02-15T21:22:45.1281728Z ✅  pkg/test/resourcefixture/contexts (120ms) (coverage: 36.4% of statements)
unit-tests	UNKNOWN STEP	2026-02-15T21:22:45.1945566Z ✅  pkg/text (4ms) (coverage: 17.5% of statements)
unit-tests	UNKNOWN STEP	2026-02-15T21:22:45.5082192Z ✅  pkg/tf/resource (5ms) (coverage: 14.3% of statements)
unit-tests	UNKNOWN STEP	2026-02-15T21:22:48.6484710Z ✅  pkg/util/crdutil (9ms) (coverage: 100.0% of statements)
unit-tests	UNKNOWN STEP	2026-02-15T21:22:48.7916980Z ✅  pkg/util/identity (3ms) (coverage: 0.0% of statements)
unit-tests	UNKNOWN STEP	2026-02-15T21:22:48.8950413Z ✅  pkg/tf/serialization (255ms) (coverage: 77.4% of statements)
unit-tests	UNKNOWN STEP	2026-02-15T21:22:49.0250481Z ✅  pkg/util/slice (4ms) (coverage: 15.2% of statements)
unit-tests	UNKNOWN STEP	2026-02-15T21:22:49.0253252Z ✅  pkg/util/repo (4ms) (coverage: 5.8% of statements)
unit-tests	UNKNOWN STEP	2026-02-15T21:22:49.1845058Z ✅  pkg/util/valutil (3ms) (coverage: 100.0% of statements)
unit-tests	UNKNOWN STEP	2026-02-15T21:22:56.4152889Z ✅  pkg/webhook/cert (275ms)
unit-tests	UNKNOWN STEP	2026-02-15T21:23:02.2822068Z ✅  pkg/webhook (6.144s) (coverage: 44.4% of statements)
unit-tests	UNKNOWN STEP	2026-02-15T21:23:09.8966253Z ✅  pkg/webhook/cert/writer (5.659s) (coverage: 36.7% of statements)
unit-tests	UNKNOWN STEP	2026-02-15T21:23:23.4093102Z ✅  config/tests/samples/create (1.737s) (coverage: 9.2% of statements)
unit-tests	UNKNOWN STEP	2026-02-15T21:23:25.9979695Z ✅  scripts/resource-autogen/allowlist (44ms) (coverage: 0.0% of statements)
unit-tests	UNKNOWN STEP	2026-02-15T21:23:41.5191334Z ✅  scripts/generate-google3-docs/resource-reference (222ms) (coverage: 0.0% of statements)
unit-tests	UNKNOWN STEP	2026-02-15T21:23:42.6383012Z ✅  pkg/stateintospec (1m5.924s) (coverage: 29.9% of statements)
unit-tests	UNKNOWN STEP	2026-02-15T21:23:52.0799319Z ✅  tests/releases (2.427s)
unit-tests	UNKNOWN STEP	2026-02-15T21:23:55.0365076Z ✅  experiments/conductor/cmd/runner (17ms) (coverage: 0.5% of statements)
unit-tests	UNKNOWN STEP	2026-02-15T21:24:20.3723776Z ❌  tests/apichecks (30.718s)
unit-tests	UNKNOWN STEP	2026-02-15T21:25:49.9185091Z ✅  config/tests/servicemapping (2m28.25s)
unit-tests	UNKNOWN STEP	2026-02-15T21:26:18.1092918Z ✅  cmd/recorder (3m11.287s) (coverage: 59.4% of statements)
unit-tests	UNKNOWN STEP	2026-02-15T21:26:19.0658429Z 
unit-tests	UNKNOWN STEP	2026-02-15T21:26:19.0659084Z === [33mSkipped[0m
unit-tests	UNKNOWN STEP	2026-02-15T21:26:19.0659650Z === [33mSKIP[0m: pkg/cli/preview TestPreview (0.00s)
unit-tests	UNKNOWN STEP	2026-02-15T21:26:19.0660296Z     preview_test.go:38: Skipping flaky test
unit-tests	UNKNOWN STEP	2026-02-15T21:26:19.0662522Z 
unit-tests	UNKNOWN STEP	2026-02-15T21:26:19.0662913Z === [31mFailed[0m
unit-tests	UNKNOWN STEP	2026-02-15T21:26:19.0663886Z === [31mFAIL[0m: tests/apichecks TestCRDFieldPresenceInTestsForAlpha (2.92s)
unit-tests	UNKNOWN STEP	2026-02-15T21:26:19.0665646Z     utils.go:150: FAIL: unexpected diff in testdata/exceptions/alpha-missingfields.txt:   (
unit-tests	UNKNOWN STEP	2026-02-15T21:26:19.0666735Z           	"""
unit-tests	UNKNOWN STEP	2026-02-15T21:26:19.0667405Z           	... // 1753 identical lines
unit-tests	UNKNOWN STEP	2026-02-15T21:26:19.0670380Z           	[missing_field] crd=metastoreservices.metastore.cnrm.cloud.google.com version=v1alpha1: field ".spec.hiveMetastoreConfig.kerberosConfig.krb5ConfigGCSURI" is not set in unstructured objects
unit-tests	UNKNOWN STEP	2026-02-15T21:26:19.0673337Z           	[missing_field] crd=metastoreservices.metastore.cnrm.cloud.google.com version=v1alpha1: field ".spec.hiveMetastoreConfig.kerberosConfig.principal" is not set in unstructured objects
unit-tests	UNKNOWN STEP	2026-02-15T21:26:19.0675571Z         - 	[missing_field] crd=metastoreservices.metastore.cnrm.cloud.google.com version=v1alpha1: field ".spec.hiveMetastoreConfig.version" is not set in unstructured objects
unit-tests	UNKNOWN STEP	2026-02-15T21:26:19.0677999Z           	[missing_field] crd=metastoreservices.metastore.cnrm.cloud.google.com version=v1alpha1: field ".spec.labels" is not set in unstructured objects
unit-tests	UNKNOWN STEP	2026-02-15T21:26:19.0680199Z           	[missing_field] crd=metastoreservices.metastore.cnrm.cloud.google.com version=v1alpha1: field ".spec.maintenanceWindow.dayOfWeek" is not set in unstructured objects
unit-tests	UNKNOWN STEP	2026-02-15T21:26:19.0681506Z           	... // 381 identical lines
unit-tests	UNKNOWN STEP	2026-02-15T21:26:19.0681984Z           	"""
unit-tests	UNKNOWN STEP	2026-02-15T21:26:19.0682308Z           )
unit-tests	UNKNOWN STEP	2026-02-15T21:26:19.0682420Z 
unit-tests	UNKNOWN STEP	2026-02-15T21:26:19.0682546Z DONE 7537 tests, 1 skipped, 1 failure in 593.903s
unit-tests	UNKNOWN STEP	2026-02-15T21:26:19.0686198Z exit status 1
unit-tests	UNKNOWN STEP	2026-02-15T21:26:19.0704138Z make: *** [Makefile:54: test] Error 1
unit-tests	UNKNOWN STEP	2026-02-15T21:26:19.0707896Z <hint_for_agent>Run 'dev/ci/presubmits/unit-tests' to fix.</hint_for_agent>
unit-tests	UNKNOWN STEP	2026-02-15T21:26:19.0727604Z ##[error]Process completed with exit code 2.
unit-tests	UNKNOWN STEP	2026-02-15T21:26:19.0799567Z ##[group]Run actions/upload-artifact@v4
unit-tests	UNKNOWN STEP	2026-02-15T21:26:19.0799863Z with:
unit-tests	UNKNOWN STEP	2026-02-15T21:26:19.0800051Z   name: artifacts-unit-tests
unit-tests	UNKNOWN STEP	2026-02-15T21:26:19.0800595Z   path: /tmp/artifacts/
unit-tests	UNKNOWN STEP	2026-02-15T21:26:19.0801028Z   if-no-files-found: warn
unit-tests	UNKNOWN STEP	2026-02-15T21:26:19.0801682Z   compression-level: 6
unit-tests	UNKNOWN STEP	2026-02-15T21:26:19.0802098Z   overwrite: false
unit-tests	UNKNOWN STEP	2026-02-15T21:26:19.0802503Z   include-hidden-files: false
unit-tests	UNKNOWN STEP	2026-02-15T21:26:19.0802774Z env:
unit-tests	UNKNOWN STEP	2026-02-15T21:26:19.0802934Z   GOTOOLCHAIN: local
unit-tests	UNKNOWN STEP	2026-02-15T21:26:19.0803321Z   CLOUDSDK_METRICS_ENVIRONMENT: github-actions-setup-gcloud
unit-tests	UNKNOWN STEP	2026-02-15T21:26:19.0803955Z   CLOUDSDK_METRICS_ENVIRONMENT_VERSION: 2.2.1
unit-tests	UNKNOWN STEP	2026-02-15T21:26:19.0804412Z ##[endgroup]
unit-tests	UNKNOWN STEP	2026-02-15T21:26:19.3414932Z With the provided path, there will be 1 file uploaded
unit-tests	UNKNOWN STEP	2026-02-15T21:26:19.3421634Z Artifact name is valid!
unit-tests	UNKNOWN STEP	2026-02-15T21:26:19.3424913Z Root directory input is valid!
unit-tests	UNKNOWN STEP	2026-02-15T21:26:19.6479727Z Beginning upload of artifact content to blob storage
unit-tests	UNKNOWN STEP	2026-02-15T21:26:20.2679095Z Uploaded bytes 333739
unit-tests	UNKNOWN STEP	2026-02-15T21:26:20.3497049Z Finished uploading artifact content to blob storage!
unit-tests	UNKNOWN STEP	2026-02-15T21:26:20.3500344Z SHA256 digest of uploaded artifact zip is fba12e6f7de7cf4f0259b48bb8e1f6b2a8c2e938ac70b4a0cfcc7526c7a82009
unit-tests	UNKNOWN STEP	2026-02-15T21:26:20.3502545Z Finalizing artifact upload
unit-tests	UNKNOWN STEP	2026-02-15T21:26:20.5089664Z Artifact artifacts-unit-tests.zip successfully finalized. Artifact ID 5518479404
unit-tests	UNKNOWN STEP	2026-02-15T21:26:20.5090962Z Artifact artifacts-unit-tests has been successfully uploaded! Final size is 333739 bytes. Artifact ID is 5518479404
unit-tests	UNKNOWN STEP	2026-02-15T21:26:20.5098481Z Artifact download URL: https://github.com/GoogleCloudPlatform/k8s-config-connector/actions/runs/22042919681/artifacts/5518479404
unit-tests	UNKNOWN STEP	2026-02-15T21:26:20.5263569Z Post job cleanup.
unit-tests	UNKNOWN STEP	2026-02-15T21:26:20.6251666Z [command]/usr/bin/git version
unit-tests	UNKNOWN STEP	2026-02-15T21:26:20.6289684Z git version 2.52.0
unit-tests	UNKNOWN STEP	2026-02-15T21:26:20.6343400Z Temporarily overriding HOME='/home/runner/work/_temp/220142fd-0a5a-42f5-b967-e876c58e1f87' before making global git config changes
unit-tests	UNKNOWN STEP	2026-02-15T21:26:20.6344604Z Adding repository directory to the temporary git global config as a safe directory
unit-tests	UNKNOWN STEP	2026-02-15T21:26:20.6348967Z [command]/usr/bin/git config --global --add safe.directory /home/runner/work/k8s-config-connector/k8s-config-connector
unit-tests	UNKNOWN STEP	2026-02-15T21:26:20.6387610Z [command]/usr/bin/git config --local --name-only --get-regexp core\.sshCommand
unit-tests	UNKNOWN STEP	2026-02-15T21:26:20.6420662Z [command]/usr/bin/git submodule foreach --recursive sh -c "git config --local --name-only --get-regexp 'core\.sshCommand' && git config --local --unset-all 'core.sshCommand' || :"
unit-tests	UNKNOWN STEP	2026-02-15T21:26:20.6733993Z [command]/usr/bin/git config --local --name-only --get-regexp http\.https\:\/\/github\.com\/\.extraheader
unit-tests	UNKNOWN STEP	2026-02-15T21:26:20.6757738Z http.https://github.com/.extraheader
unit-tests	UNKNOWN STEP	2026-02-15T21:26:20.6770596Z [command]/usr/bin/git config --local --unset-all http.https://github.com/.extraheader
unit-tests	UNKNOWN STEP	2026-02-15T21:26:20.6803843Z [command]/usr/bin/git submodule foreach --recursive sh -c "git config --local --name-only --get-regexp 'http\.https\:\/\/github\.com\/\.extraheader' && git config --local --unset-all 'http.https://github.com/.extraheader' || :"
unit-tests	UNKNOWN STEP	2026-02-15T21:26:20.7081818Z [command]/usr/bin/git config --local --name-only --get-regexp ^includeIf\.gitdir:
unit-tests	UNKNOWN STEP	2026-02-15T21:26:20.7115880Z [command]/usr/bin/git submodule foreach --recursive git config --local --show-origin --name-only --get-regexp remote.origin.url
unit-tests	UNKNOWN STEP	2026-02-15T21:26:20.7528205Z Cleaning up orphan processes
unit-tests	UNKNOWN STEP	2026-02-15T21:26:20.7917482Z Terminate orphan process: pid (116839) (etcd)
unit-tests	UNKNOWN STEP	2026-02-15T21:26:20.7939142Z Terminate orphan process: pid (116855) (kube-apiserver)
